case_id,N_pisos,dVb_x_%,dVb_y_%,dDrift_x_%
0,7,-0.28,-0.28,-0.01
1,15,1.32,-34.5,-0.02
2,7,-0.04,-0.27,-0.04
3,9,-0.3,-0.31,-0.05
4,14,1.34,-20.34,-0.04
5,8,-0.28,-0.28,-0.02
6,7,-0.28,-9.57,-0.05
7,12,-0.29,-1.02,-0.04
8,12,-0.31,-8.09,-0.02
9,12,-0.32,-7.83,-0.04
10,16,-8.3,-1.43,-8.24
11,6,-0.27,-0.27,-0.03
12,7,-0.06,-0.27,-0.02
13,13,-13.82,-1.33,-14.39
14,8,-0.05,-0.32,-0.03
15,6,-0.28,-0.28,-0.04
16,17,-12.81,-2.63,-13.11
17,18,-13.46,-2.37,-12.85
18,17,-0.32,-1.54,-0.08
19,9,-1.31,-6.25,8.43
20,10,-1.38,-6.21,0.53
21,15,-0.28,-1.39,-0.04
22,8,0.74,1.32,-0.04
23,18,-8.25,-1.67,-8.19
24,7,-0.04,-0.31,-0.05
25,10,-1.32,-6.24,-0.06
26,9,1.32,1.38,-0.03
27,6,-0.03,-0.3,-0.03
28,15,-8.74,-1.93,-8.74
29,16,-0.33,-1.51,-0.04
30,10,-1.39,-5.98,-0.02
31,10,-0.32,-0.32,-0.04
32,13,-0.27,-1.48,-0.04
33,12,-0.28,-1.26,-0.03
34,18,-7.12,-1.72,-3.87
35,18,-8.77,-1.81,-5.29
36,11,-0.31,-8.79,-0.04
37,10,-0.31,-0.32,-0.04
38,12,-0.32,-8.55,-0.04
39,11,-0.31,-8.78,-0.03
40,17,-1.04,-1.62,-0.05
41,12,-12.95,-0.95,-13.47
42,10,1.32,1.54,-0.0
43,14,-0.28,-1.22,-0.11
44,6,-0.03,-0.03,-0.02
45,9,-1.39,-5.95,-0.01
46,14,1.34,1.54,-0.01
47,6,-1.25,11.82,-0.02
48,13,-1.4,-5.32,-0.03
49,8,-0.28,-0.26,-0.06
50,6,-0.03,0.81,-0.01
51,9,-1.3,16.35,-0.04
52,12,-0.31,-7.8,-0.02
53,7,-0.04,1.32,-0.06
54,12,-0.31,-8.62,-0.01
55,11,-0.28,-6.97,-0.02
56,6,-0.03,-0.27,-0.03
57,17,-0.99,-1.33,-0.04
58,15,-0.32,-1.4,-0.03
59,12,0.97,-19.92,-0.06
60,11,-1.41,-5.57,-0.03
61,10,1.62,-6.26,10.35
62,10,-0.29,-13.71,-0.05
63,16,-5.86,-1.67,-0.11
64,7,-0.29,-0.31,-0.03
65,11,-0.28,-13.86,-0.05
66,7,-0.04,-0.31,-0.04
67,6,-1.26,-1.35,-0.01
68,14,-0.29,-0.99,-7.89
69,15,-7.64,-1.49,-7.56
70,13,0.45,1.54,-0.03
71,7,-0.28,-10.33,-0.05
72,9,-1.3,-5.97,-0.05
73,10,-1.3,-6.26,7.78
74,12,1.36,1.45,-0.05
75,9,-0.31,-0.32,-0.01
76,8,-1.36,4.61,-0.03
77,7,-1.33,3.62,-0.02
78,16,-0.32,-1.55,-1.22
79,7,-1.3,-1.43,-0.06
80,18,-0.27,-2.61,-0.04
81,11,10.13,-6.22,21.11
82,18,1.35,-12.81,-0.06
83,9,-0.3,-0.32,-0.02
84,12,-0.29,-9.5,-0.03
85,7,-0.29,-0.31,-0.04
86,9,-1.38,-6.25,0.23
87,15,-5.96,-1.4,-5.87
88,6,-0.28,-0.29,-0.06
89,6,-1.25,-1.4,-0.02
90,18,-1.45,-1.53,-0.88
91,8,-1.37,5.19,-0.06
92,13,-2.17,-4.52,-0.2
93,15,1.32,-35.22,-0.03
94,11,-0.29,-9.48,-0.01
95,18,1.35,-22.44,-0.04
96,16,16.01,-1.2,24.82
97,16,-4.11,-1.55,-4.01
98,13,11.31,-2.4,17.09
99,16,-8.72,-1.4,-8.45
100,12,-1.42,-5.33,-0.05
101,13,-0.32,-1.36,-0.02
102,16,1.32,-37.99,-0.03
103,13,1.32,1.56,-0.01
104,12,-1.37,-3.74,-0.05
105,18,1.53,-16.6,-0.04
106,17,-5.95,-0.35,-0.06
107,16,2.45,-0.52,4.99
108,8,-0.05,-0.31,-0.04
109,8,-0.28,-0.28,-0.0
110,9,-0.05,1.45,-0.04
111,7,-0.28,-0.27,-0.04
112,15,-0.32,-1.44,-0.03
113,13,-0.27,-1.15,-0.03
114,10,-0.31,-0.32,-0.05
115,14,8.62,-3.34,13.08
116,11,-0.06,1.48,-0.02
117,11,-0.29,-13.46,-0.02
118,18,-0.32,-2.14,-0.03
119,12,7.78,-4.69,11.92
120,9,1.12,1.36,-0.04
121,13,-0.28,-1.05,-1.53
122,8,0.43,1.38,-0.05
123,6,-1.26,10.43,-0.02
124,10,-1.36,-6.24,-0.04
125,14,-13.84,-1.03,-14.54
126,13,-0.28,-0.97,-6.91
127,15,-12.93,-1.05,-13.34
128,15,-6.27,-4.33,-0.09
129,10,0.77,1.39,-0.03
130,10,-0.31,-7.33,-0.03
131,13,1.37,1.52,-0.06
132,16,1.5,-32.05,-0.04
133,17,11.94,-1.86,18.06
134,14,2.62,-2.01,10.55
135,11,-0.31,-8.74,-0.04
136,17,-0.28,-1.69,-0.05
137,18,1.41,-27.45,-0.06
138,7,-1.34,0.71,-0.03
139,18,-1.0,-1.57,-0.07
140,18,-6.26,-0.63,-0.07
141,6,-1.31,-1.36,-0.03
142,8,-0.05,1.34,-0.06
143,9,-1.28,12.1,-0.01
144,7,-1.27,6.49,-0.04
145,8,-0.28,-0.28,-0.04
146,9,-1.29,2.43,-0.04
147,15,-0.29,-1.11,-0.05
148,13,1.56,-4.2,3.89
149,14,1.3,-13.43,0.0
150,18,-5.78,-1.61,-2.98
151,9,-0.29,-0.27,-0.03
152,11,1.35,1.46,-0.05
153,7,-0.04,1.32,-0.05
154,16,-6.25,-1.73,-0.12
155,11,-0.32,-0.32,-0.04
156,8,-1.28,6.05,-0.04
157,11,0.38,1.5,-0.01
158,6,-0.03,-0.27,-0.03
159,18,1.39,-28.75,-0.04
160,17,-0.32,-1.6,-0.03
161,13,-0.29,-0.99,-0.08
162,16,-13.78,-1.37,-13.91
163,17,-0.32,-1.61,-0.06
164,7,-0.04,-0.3,-0.01
165,12,-0.31,-8.62,-0.03
166,9,-0.31,-8.69,-0.02
167,13,-0.32,-1.46,-0.06
168,6,-0.03,-0.3,-0.04
169,8,-0.29,-0.27,-0.05
170,18,-5.23,-0.05,-0.07
171,16,-0.32,-1.46,-0.03
172,17,-0.99,-1.89,-0.02
173,11,1.32,1.44,-0.01
174,8,-0.29,-0.31,-0.01
175,13,1.32,1.55,-0.03
176,13,-0.32,-1.36,-2.51
177,10,-0.29,-13.88,-0.03
178,14,1.3,-27.34,-0.02
179,13,-0.32,-1.37,-0.05
180,14,1.34,-13.65,-0.04
181,14,-0.28,-1.15,-0.07
182,7,-0.04,-0.3,-0.03
183,12,-0.32,-1.42,-0.05
184,11,-0.28,-13.65,-0.01
185,9,-1.41,5.05,4.49
186,7,-0.04,-0.31,-0.01
187,18,1.42,-20.91,-0.03
188,12,0.85,1.57,-0.0
189,12,1.03,1.51,-0.01
190,18,1.41,-19.22,-3.07
191,14,-0.32,-1.39,-0.03
192,14,-0.29,-1.05,-0.16
193,10,-0.29,-13.56,-0.03
194,11,-0.02,1.48,-0.02
195,9,-1.35,16.55,-0.02
196,15,15.69,-2.51,23.99
197,16,-13.38,-1.21,-13.43
198,12,-0.32,-8.35,-0.01
199,8,-0.05,1.34,-0.01
200,18,-8.75,-2.28,-8.79
201,17,1.4,-38.06,-0.04
202,8,-0.28,-0.28,-0.04
203,18,-8.59,-2.26,-8.62
204,11,8.0,-6.24,18.51
205,6,-0.03,-0.3,-0.03
206,10,1.33,1.37,-0.02
207,9,-0.05,1.36,-0.05
208,9,-0.3,-0.31,-0.05
209,10,-0.31,-8.12,-0.04
210,14,-6.87,-0.97,-6.94
211,11,0.93,1.51,-0.01
212,10,-0.29,-13.45,-0.04
213,18,-6.22,-0.59,-0.1
214,18,-8.77,-1.65,-3.39
215,18,-5.67,-0.79,-0.11
216,10,1.32,1.4,-0.01
217,9,-0.3,-0.32,-0.03
218,13,-0.32,-1.38,-0.18
219,12,6.5,-5.4,9.28
220,8,-0.05,-0.31,-0.06
221,8,-0.28,-0.28,-0.04
222,18,-0.32,-1.66,-0.06
223,13,-0.32,-8.55,-0.03
224,18,-7.59,-1.61,-7.04
225,8,-0.05,1.38,-0.01
226,10,-0.28,-13.85,-0.02
227,10,-0.31,-0.32,-0.02
228,10,-1.36,-6.12,0.12
229,7,-0.29,-0.31,-0.02
230,9,-1.31,-2.75,0.01
231,18,1.39,-16.12,-0.13
232,10,-0.28,-13.68,-0.06
233,9,-0.29,-13.88,-0.04
234,16,1.34,-14.44,-0.02
235,17,1.46,-33.62,-0.03
236,14,-6.27,-0.56,-0.1
237,8,-0.3,-0.31,-0.06
238,18,1.46,-14.72,-0.05
239,10,-0.29,-13.36,-0.03
240,11,-1.45,-6.15,-0.03
241,8,-1.4,12.81,-0.02
242,15,-0.32,-1.64,-0.05
243,15,0.73,-3.09,8.29
244,10,-0.28,-5.89,-0.06
245,9,-1.35,-6.25,-0.05
246,10,-0.28,-13.34,-0.05
247,15,-0.32,-1.39,0.0
248,11,-0.28,-13.64,-0.05
249,18,-0.32,-1.61,-0.02
250,9,-0.31,-0.32,-0.01
251,17,17.33,-0.5,27.45
252,8,-0.05,1.33,-0.02
253,15,-4.74,-2.54,1.77
254,6,-1.27,-1.38,-0.04
255,15,1.33,-9.46,-0.05
256,17,9.64,-1.77,18.82
257,16,-0.32,-1.6,-0.02
258,9,-0.05,-0.32,-0.04
259,17,-0.33,-1.54,-0.02
260,13,-0.32,-7.99,-0.04
261,6,-0.03,-0.3,-0.04
262,12,-13.53,-0.96,-14.12
263,11,-1.4,-6.1,0.02
264,10,-0.06,1.4,-0.05
265,14,1.35,-15.11,-0.05
266,13,15.96,-4.5,24.82
267,12,-0.32,-7.71,-0.03
268,15,-0.28,-1.17,-0.05
269,14,-0.28,-1.15,-0.05
270,16,-13.46,-1.26,-8.47
271,15,1.34,-37.43,-0.04
272,13,-2.68,-1.03,-5.22
273,14,-0.28,-0.97,-0.17
274,18,1.43,-38.22,-0.03
275,13,1.41,-4.91,2.96
276,14,-12.38,-1.16,-6.08
277,16,1.35,-25.82,-0.04
278,7,-0.04,1.36,-0.03
279,15,11.11,-2.31,16.57
280,16,-0.33,-1.48,-0.14
281,10,-0.29,-10.85,-0.05
282,18,1.53,-37.52,0.0
283,14,-0.27,-1.35,-0.03
284,6,-0.03,-0.27,-0.02
285,18,1.46,-36.04,0.0
286,12,-0.28,-13.87,-0.02
287,10,-0.31,-6.57,-0.06
288,12,0.2,1.47,-0.05
289,10,-0.29,-0.96,-0.04
290,14,-0.32,-1.41,-1.08
291,7,-1.28,15.15,-0.07
292,6,-0.03,0.35,-0.01
293,14,-6.12,-4.33,-0.11
294,12,-0.29,-0.99,-0.09
295,12,-0.32,-8.62,-0.05
296,10,-0.31,-0.32,-0.04
297,15,-0.32,-1.57,-0.03
298,15,1.35,-28.62,-2.05
299,11,-0.31,-8.62,-0.05
300,6,-0.03,-0.3,-0.02
301,8,-0.05,1.33,-0.05
302,16,4.81,-1.89,6.3
303,13,3.84,-3.53,6.74
304,9,-0.31,-0.32,-0.03
305,12,-0.32,-1.49,-0.06
306,7,-0.28,-0.27,-0.03
307,8,-0.3,-0.31,-0.0
308,12,0.2,-12.81,-0.03
309,16,1.32,-34.59,-0.0
310,8,-1.88,-5.99,-0.28
311,11,1.31,1.53,-0.0
312,8,-1.33,7.5,-0.06
313,15,-13.24,-2.54,-1.02
314,15,-13.82,-2.53,-14.12
315,15,1.38,-22.92,0.0
316,6,-0.03,0.8,-0.03
317,18,1.35,-21.9,-0.03
318,9,-1.38,-3.07,12.89
319,14,1.33,-7.79,-0.02
320,18,-0.32,-1.74,-0.04
321,6,-1.25,-1.42,-0.05
322,17,-8.5,-2.29,-8.53
323,16,1.37,-32.96,-0.01
324,16,4.22,-3.58,7.22
325,6,-0.03,0.35,-0.04
326,14,1.31,1.55,-0.01
327,14,-0.32,-1.48,-0.06
328,13,-0.27,-0.96,-0.13
329,18,8.54,-0.38,17.42
330,7,-0.28,-0.27,-0.04
331,8,-0.3,-0.32,-0.04
332,15,14.26,-2.97,21.84
333,18,-6.28,-1.42,-0.14
334,14,17.53,-3.22,27.95
335,17,1.35,-12.74,-0.04
336,13,-0.32,-7.9,-0.04
337,15,-0.29,-1.05,-0.05
338,13,-0.29,-0.99,-0.06
339,7,-0.28,-0.28,-0.04
340,9,-0.29,-13.6,-0.05
341,11,-0.31,-8.73,-0.04
342,14,14.37,-3.49,22.0
343,15,-12.45,-2.16,-12.73
344,18,-13.5,-2.12,-13.53
345,18,-4.8,-1.89,-4.66
346,16,-0.32,-1.41,-0.22
347,15,-0.28,-1.15,-0.3
348,18,1.35,-35.94,-0.01
349,13,1.31,-7.31,-0.03
350,9,-0.3,-0.31,-0.03
351,7,-1.26,8.64,-0.03
352,7,-0.29,-0.31,-0.02
353,9,-0.05,1.35,-0.04
354,13,-0.32,-7.06,-1.22
355,17,1.31,-34.02,-0.02
356,8,-0.28,-0.27,-0.03
357,12,14.93,-5.46,20.31
358,10,8.87,12.39,10.65
359,14,-0.29,-1.04,-0.03
360,13,1.35,1.56,-0.05
361,7,-0.28,-0.27,-0.04
362,18,1.39,-31.13,-0.01
363,10,-0.28,-1.0,-0.04
364,6,-1.25,-1.36,-0.04
365,13,-0.32,-1.39,-0.19
366,15,-6.28,-4.21,-0.09
367,6,-0.03,-0.3,-0.04
368,13,0.79,1.56,-0.02
369,18,-0.98,-1.98,-0.03
370,10,-1.35,-5.99,0.21
371,10,-1.36,-6.19,-0.05
372,16,1.54,-24.99,0.01
373,18,1.38,-33.35,-0.01
374,17,1.52,7.23,0.02
375,14,1.31,-15.77,-0.04
376,6,-0.03,-0.03,-0.03
377,6,-0.03,-0.31,-0.03
378,8,-0.05,1.33,-0.04
379,9,-0.28,-13.84,-0.06
380,6,-1.25,-2.06,-0.03
381,7,-0.28,-0.28,-0.03
382,12,-0.32,-8.44,-0.06
383,10,-1.4,-6.19,0.47
384,15,-6.27,-4.6,-0.13
385,8,-0.3,-0.31,-0.03
386,13,15.88,-4.41,24.56
387,6,-1.31,-1.37,-0.09
388,7,-0.28,-0.27,-0.03
389,10,1.33,1.4,-0.03
390,6,-1.27,-1.36,-0.06
391,7,-0.04,1.35,-0.04
392,8,-0.05,1.33,-0.03
393,7,-0.04,1.33,-0.05
394,10,-0.28,-8.34,-0.04
395,12,-0.31,-1.42,-0.03
396,12,-0.27,-13.65,-0.35
397,12,-13.72,-5.42,-14.02
398,6,-0.28,-0.27,-0.04
399,8,-0.05,-0.31,-0.02
400,6,-1.27,-1.36,-0.01
401,14,-0.32,-1.37,-0.02
402,17,-0.32,-1.51,-3.72
403,9,1.26,1.5,-0.03
404,18,-13.09,-1.47,-13.42
405,8,-1.35,-6.15,-0.06
406,11,-0.28,-1.28,-0.03
407,16,-5.42,-2.24,-0.09
408,9,-0.31,-0.32,-0.03
409,13,0.97,-11.49,-0.01
410,6,-0.03,1.33,-0.03
411,17,-6.22,-0.25,-0.06
412,16,-6.08,-0.04,-0.1
413,10,-1.41,-5.0,-0.06
414,11,1.17,1.49,-0.05
415,8,-0.31,-0.31,-0.07
416,16,-0.98,-2.7,-0.02
417,6,-0.03,0.36,-0.01
418,16,-5.77,-2.47,-0.12
419,12,0.85,-3.81,-0.02
420,8,-1.37,9.7,-0.04
421,16,-0.32,-1.45,-3.74
422,12,9.8,-5.06,18.27
423,7,-0.04,1.32,-0.04
424,9,-1.38,-5.44,-0.06
425,17,1.39,-35.21,-0.02
426,14,-6.24,-4.92,-0.12
427,17,-0.32,-1.73,-0.06
428,9,-0.29,-13.1,-0.01
429,9,-1.3,-6.23,-0.06
430,14,-0.28,-1.05,-0.02
431,11,-0.06,1.51,-0.04
432,6,-1.29,-1.35,-0.03
433,9,-0.05,1.34,-0.05
434,15,8.21,-3.8,12.52
435,11,0.57,-3.27,8.14
436,12,-1.39,-5.59,-0.06
437,15,1.34,-32.55,-0.02
438,16,-0.32,-1.45,-0.03
439,12,-11.5,-0.98,-11.78
440,18,-6.27,-0.34,-0.08
441,14,-1.43,-4.39,-0.04
442,7,-1.28,-0.73,-0.07
443,16,-5.98,-3.48,-0.09
444,14,-0.32,-1.44,-0.55
445,10,5.01,-6.26,11.94
446,18,-0.97,-1.28,-0.05
447,10,-0.29,-13.63,-0.03
448,8,-1.27,7.07,-0.01
449,6,-0.03,-0.3,-0.03
450,13,-6.27,-5.12,-0.1
451,18,-4.99,-1.93,-0.09
452,15,-13.29,-2.48,-13.64
453,11,-0.29,-4.82,-0.06
454,15,-8.7,-7.35,-8.84
455,7,-0.28,-0.28,-0.05
456,11,-0.31,-5.01,-0.02
457,14,-0.32,-1.45,-0.21
458,11,-1.45,-4.36,-0.01
459,16,-2.55,-1.56,-0.73
460,8,-1.27,13.08,-0.03
461,11,-0.32,-8.76,-0.04
462,16,1.36,-36.4,-0.01
463,17,1.4,-12.25,-18.51
464,9,-0.29,-13.83,-0.05
465,9,-0.29,-2.75,-0.06
466,12,17.44,-5.83,24.95
467,9,-0.29,-13.28,-0.02
468,13,-1.43,-5.62,-0.06
469,18,4.21,-0.72,12.48
470,7,-1.29,7.22,-0.05
471,14,-0.32,-1.38,-0.03
472,13,1.3,1.52,-0.03
473,7,-1.28,6.54,-0.04
474,9,-2.79,13.83,0.85
475,17,-0.32,-1.73,-0.02
476,9,-0.29,-13.82,-0.06
477,11,-0.32,-7.36,-1.44
478,17,1.46,-37.49,-0.0
479,6,-0.03,-0.3,-0.04
480,17,1.49,-32.82,-0.4
481,13,-6.27,-5.11,-0.09
482,18,-4.84,-2.46,-0.06
483,17,-0.97,-2.73,-0.07
484,14,-0.28,-1.07,-10.83
485,16,8.55,-2.23,13.05
486,11,-1.44,-5.97,5.22
487,10,0.81,1.36,-0.04
488,10,4.84,-6.25,8.19
489,12,1.32,-35.69,-0.02
490,13,-0.32,-1.4,-0.06
491,16,-2.55,-2.54,-2.39
492,12,-0.27,-7.56,-1.16
493,10,-0.29,-13.49,-0.03
494,14,-0.27,-1.46,-0.01
495,7,-0.04,1.15,-0.04
496,7,-0.04,0.65,-0.01
497,11,-1.35,-5.72,-0.04
498,17,-13.68,-2.21,-14.64
499,11,12.27,-6.24,21.43
500,11,1.32,-15.71,-0.03
501,12,-0.27,-1.09,-0.04
502,6,-1.25,-1.38,-0.04
503,8,-0.28,-0.28,-0.04
504,15,1.55,-2.97,3.85
505,14,-0.32,-7.75,-0.03
506,14,-2.27,-4.17,-0.69
507,6,-0.03,-0.27,-0.05
508,18,-13.67,-2.36,-6.87
509,13,-6.3,-13.62,-8.37
510,13,1.31,-0.84,-0.01
511,18,-1.43,-1.61,-0.05
512,14,-8.75,-7.28,-8.85
513,12,1.32,1.55,0.01
514,15,-6.27,-3.73,-0.1
515,8,-0.05,1.34,-0.02
516,14,1.41,1.53,-0.01
517,6,-0.03,-0.28,-0.02
518,7,-0.28,-0.27,-0.02
519,14,-1.65,-4.23,-0.25
520,18,-1.24,-2.47,-0.02
521,12,-1.41,-4.9,-0.04
522,11,-0.28,-13.82,-0.06
523,18,-0.97,-2.22,-0.05
524,12,-0.31,-8.08,-0.05
525,9,-0.05,1.41,-0.03
526,9,-0.31,-0.32,-0.04
527,7,-1.28,-2.76,-0.05
528,7,-1.29,0.71,-0.06
529,9,-0.28,-13.36,-0.05
530,6,-1.25,-1.41,-0.03
531,8,-1.29,17.09,-0.04
532,12,-6.24,-5.99,-0.09
533,11,-1.39,-5.49,-0.02
534,16,8.3,-4.0,12.63
535,17,0.03,-0.39,0.7
536,17,-0.32,-1.57,-0.06
537,14,-0.28,-1.08,-6.33
538,6,-1.28,-1.34,-0.03
539,7,-0.04,1.19,-0.04
540,14,-0.96,-1.02,-3.88
541,17,-6.28,-2.17,-0.08
542,10,-3.04,-6.25,-1.59
543,14,1.34,-29.24,0.01
544,13,-0.32,-1.38,-0.05
545,10,-0.29,-13.67,-0.03
546,16,-0.33,-1.77,-0.06
547,12,-0.29,-4.1,-0.05
548,10,1.31,1.35,-0.03
549,10,-1.3,-6.26,-0.03
550,17,-6.91,-2.71,-6.96
551,12,8.78,-5.96,13.0
552,8,-0.3,-0.32,-0.03
553,18,-7.98,-1.62,-7.78
554,6,-0.03,-0.01,-0.05
555,8,-1.28,-6.12,-0.05
556,17,-0.32,-1.57,-0.2
557,6,-1.26,-1.35,-0.05
558,15,-0.32,-1.43,-0.03
559,7,-0.04,1.32,-0.04
560,13,1.31,-34.75,-0.0
561,15,1.33,-37.02,-0.0
562,15,1.53,-10.37,0.0
563,16,1.38,-30.84,-0.02
564,8,-1.29,-6.05,-0.04
565,7,-0.05,-0.31,-0.05
566,7,-0.29,-0.3,-0.03
567,14,-1.19,-4.23,6.06
568,18,1.57,-33.5,-2.83
569,17,1.52,-27.37,-2.67
570,13,1.32,1.52,-0.04
571,10,-0.29,-3.94,-0.02
572,15,-0.28,-1.86,-0.02
573,8,-0.29,-11.38,-0.05
574,12,0.23,1.55,-0.03
575,15,-0.32,-1.46,-0.02
576,14,14.63,-4.07,22.47
577,7,-0.04,-0.31,-0.05
578,17,-0.27,-1.8,-0.05
579,17,-4.01,-1.62,-1.83
580,17,1.54,-35.86,-0.02
581,10,-1.27,-6.26,12.13
582,11,-0.32,-0.32,-0.05
583,8,-0.05,1.34,-0.05
584,6,-0.03,-0.29,-0.02
585,13,16.13,-2.64,25.18
586,12,-0.31,-8.3,-0.06
587,14,-6.14,-5.21,-0.15
588,11,-0.03,1.51,-0.03
589,14,-0.32,-8.38,-0.05
590,18,10.41,-0.05,15.74
591,15,14.06,-1.67,21.43
592,17,-0.98,-1.68,-0.04
593,9,-0.29,-13.78,-0.03
594,7,-1.31,-1.38,-0.01
595,18,-8.42,-1.53,-8.08
596,11,-1.39,-6.16,0.71
597,17,-1.04,-2.73,-0.02
598,8,-0.05,1.35,-0.05
599,14,-0.32,-1.36,-0.04
600,7,-0.04,1.32,-0.03
601,17,-13.78,-2.48,-14.61
602,9,-0.29,-0.27,-0.03
603,9,-0.28,-13.26,-0.02
604,17,-12.9,-2.64,-13.21
605,16,-0.32,-1.62,-0.05
606,14,-13.77,-1.15,-14.05
607,9,-0.31,-0.32,-0.04
608,15,-5.45,-2.37,-0.07
609,13,-0.32,-1.43,-0.02
610,18,1.53,-37.68,-0.0
611,9,-0.05,1.35,-0.05
612,14,-0.21,-4.78,1.71
613,7,-0.29,-0.31,-0.02
614,8,-0.05,1.33,-0.05
615,6,-0.03,-0.3,-0.03
616,7,-1.33,-0.82,-0.02
617,7,-1.28,-2.39,-0.01
618,8,-1.34,15.41,-0.05
619,16,-1.41,-1.41,-1.2
620,6,-0.28,-0.27,-0.06
621,15,10.96,-0.69,16.53
622,17,-1.0,-1.58,-0.09
623,12,1.31,1.54,-0.03
624,6,-0.17,-0.3,-0.0
625,18,-0.99,-2.05,-0.02
626,11,1.28,1.43,-0.0
627,18,-13.75,-2.6,-14.24
628,7,-0.28,-0.26,-0.02
629,9,-1.35,-5.65,-0.04
630,18,-5.86,-0.24,-0.1
631,9,-0.05,1.45,-0.05
632,15,-5.31,-3.67,-0.11
633,8,-0.28,-0.28,-0.05
634,18,-18.71,-20.27,-26.47
635,6,-1.26,-1.39,-0.02
636,7,-1.26,16.2,-0.05
637,18,0.2,-0.33,7.62
638,17,1.43,-36.56,-0.02
639,6,-0.03,-0.3,-0.02
640,13,-0.28,-0.98,-11.13
641,18,-4.25,-0.53,2.23
642,12,1.65,-4.26,3.98
643,8,-0.3,-0.31,-0.01
644,9,-0.29,-8.97,-0.04
645,18,-0.32,-1.71,-0.04
646,18,1.5,5.94,-0.01
647,18,1.33,-18.26,-0.02
648,12,0.24,1.54,-0.03
649,17,-4.6,-0.81,-0.07
650,8,-0.28,-0.27,-0.02
651,18,-0.32,-1.66,-0.02
652,9,0.03,1.34,-0.0
653,18,-0.32,-1.82,-0.04
654,16,-13.33,-1.07,-12.28
655,9,-0.05,1.46,-0.05
656,12,-0.27,-1.0,-5.01
657,17,17.5,-0.63,27.42
658,7,-0.04,1.02,-0.05
659,13,-0.28,-7.84,-0.08
660,14,-8.78,-1.69,-8.8
661,12,0.25,0.68,-0.05
662,17,-4.74,-2.03,-0.08
663,12,-0.32,-8.77,-0.01
664,13,8.4,-5.27,12.83
665,7,-0.29,-0.3,-0.05
666,8,-0.05,1.35,-0.02
667,13,-1.43,-5.35,0.02
668,7,-1.26,15.24,-0.05
669,11,-0.31,-8.69,-0.04
670,17,-6.22,-0.08,-0.09
671,12,-0.28,-1.89,-0.07
672,17,1.36,-31.44,-0.01
673,16,1.32,-21.26,-0.02
674,18,1.53,-30.81,-0.03
675,11,-1.02,-4.56,0.77
676,13,-0.44,-5.04,6.86
677,7,-0.28,-0.28,-0.06
678,12,-0.32,-1.37,-0.02
679,11,0.63,1.41,-0.02
680,7,-0.04,-0.31,-0.04
681,16,-0.32,-1.8,-0.03
682,6,-0.03,-0.29,-0.05
683,13,-0.32,-7.93,-0.03
684,18,1.4,-19.96,-0.02
685,13,-0.27,-0.98,-7.41
686,18,-13.4,-2.31,-12.93
687,18,-8.79,-1.79,-8.78
688,18,-0.32,-2.01,-0.03
689,13,-0.32,-7.57,-0.06
690,7,-1.27,4.91,-0.03
691,14,-2.18,-4.41,-0.78
692,15,-0.32,-1.44,-0.07
693,11,-0.28,-1.01,-0.03
694,17,-7.36,-1.51,-7.24
695,12,0.83,-25.74,-0.04
696,12,-0.28,-0.96,-0.04
697,8,-0.05,1.34,-0.03
698,6,-0.03,-0.27,-0.04
699,18,-0.32,-1.71,-0.03
700,13,-0.32,-4.91,-0.05
701,10,-0.29,-0.95,-0.39
702,14,-0.27,-2.12,-0.02
703,14,-0.32,-1.43,-0.02
704,11,-0.31,-0.32,-0.02
705,6,-0.04,-0.27,-0.01
706,17,-0.33,-1.88,-0.02
707,16,-0.27,-1.26,-1.77
708,16,-7.69,-1.41,-7.92
709,8,-0.05,1.35,-0.04
710,9,-3.7,12.01,0.16
711,15,-6.17,-0.48,-0.13
712,12,1.0,1.47,-0.02
713,11,-0.06,1.43,-0.04
714,6,-0.27,-0.27,-0.03
715,9,-0.07,-0.32,-0.04
716,12,8.69,-5.25,13.1
717,16,-0.32,-1.45,-0.26
718,16,-5.38,-0.51,-0.09
719,8,-0.05,1.33,-0.05
720,9,1.09,1.36,-0.02
721,17,-0.98,-1.82,-0.73
722,18,-5.06,-0.68,-0.07
723,8,-0.3,-0.31,-0.01
724,17,-0.32,-1.47,-0.75
725,11,-0.31,-0.32,-0.07
726,6,-0.03,-0.3,-0.04
727,8,-0.3,-8.7,-0.04
728,9,-0.29,-13.88,-0.04
729,7,-0.29,-0.31,-0.04
730,13,-0.28,-1.16,-0.01
731,16,-6.26,-1.28,-0.11
732,15,-0.32,-1.39,-2.64
733,7,-0.04,-0.3,-0.04
734,6,-0.03,-0.27,-0.03
735,8,-0.3,-0.31,-0.03
736,8,-0.3,-8.75,-0.01
737,13,-0.32,-8.49,0.01
738,6,-0.03,-0.3,-0.03
739,13,-0.62,-4.98,1.26
740,13,1.32,1.54,-0.03
741,18,-6.28,-1.36,-0.13
742,12,-0.32,-8.74,-0.05
743,18,-8.39,-1.47,-8.09
744,8,-0.28,-0.27,-0.03
745,14,16.56,-1.46,25.94
746,6,-0.03,-0.27,-0.01
747,9,-0.29,-13.35,-0.05
748,17,-4.84,-1.05,-0.07
749,12,0.81,0.56,-0.03
750,11,-0.29,-0.96,-0.06
751,11,10.53,-6.1,17.08
752,13,-0.32,-8.75,0.0
753,8,-1.27,9.04,-0.05
754,10,-0.76,-6.25,1.11
755,16,-0.32,-1.54,-0.62
756,10,-0.31,-4.89,-0.05
757,8,-0.3,-0.31,-0.03
758,10,-0.06,1.4,-0.02
759,6,-0.1,-0.27,-0.05
760,9,-0.31,-0.32,-0.03
761,12,1.18,1.49,-0.02
762,15,-0.27,-1.61,-0.04
763,11,-0.32,-8.08,-0.07
764,9,-0.05,1.37,-0.05
765,10,-0.31,-3.02,-0.03
766,13,-10.01,-13.32,-11.69
767,6,-0.29,-0.31,-0.04
768,18,-0.32,-1.74,-0.05
769,10,0.65,1.37,-0.05
770,14,-0.32,-1.4,-0.05
771,13,1.32,1.46,0.01
772,9,-0.05,1.39,-0.06
773,13,-1.6,-4.59,-0.18
774,13,-0.28,-0.96,-0.57
775,10,-1.32,-6.25,-0.03
776,10,7.42,-4.53,11.41
777,16,-4.75,-2.45,-0.1
778,8,-0.3,-0.31,-0.05
779,16,-0.32,-1.48,-0.41
780,8,-1.35,2.51,-0.02
781,14,-0.32,-1.42,-0.08
782,11,1.33,-23.55,-0.02
783,13,-0.29,-1.05,-0.03
784,17,-5.47,-0.78,0.85
785,6,-0.03,-0.03,-0.02
786,7,-1.33,-3.75,-0.06
787,10,-0.3,-13.5,-0.05
788,12,-1.39,-5.7,0.0
789,9,-0.31,-0.32,-0.02
790,12,-10.19,-11.11,-11.74
791,13,1.32,1.53,-0.02
792,14,-11.05,-1.18,-8.06
793,14,-0.28,-1.03,-0.03
794,14,-5.75,-4.22,-0.1
795,14,-0.32,-1.41,-0.04
796,8,0.63,1.33,-0.03
797,8,-0.06,-0.31,-0.05
798,11,-1.37,-5.71,1.93
799,9,-0.05,1.4,-0.04
800,10,-0.06,1.55,-0.06
801,13,-0.29,-0.99,-9.06
802,8,-0.28,-0.26,-0.05
803,16,1.55,-35.07,-3.89
804,13,-0.32,-2.32,-0.05
805,16,-3.98,-2.05,-3.86
806,9,-0.28,-0.28,-0.04
807,11,-13.43,-13.26,-13.57
808,16,-5.69,-1.47,-5.54
809,14,-0.32,-8.05,-0.04
810,11,1.31,1.4,-0.02
811,18,-13.82,-2.22,-14.35
812,8,-3.59,14.73,-0.08
813,8,-1.27,-4.84,-0.04
814,10,-0.28,-13.76,-0.02
815,9,-0.29,-13.25,-0.04
816,16,10.62,-3.38,2.32
817,6,-0.04,-0.27,-0.03
818,16,-6.28,-3.66,-0.09
819,16,-0.32,-1.47,-5.42
820,14,1.36,-22.8,-0.05
821,15,-8.34,-1.07,-7.39
822,6,-0.03,0.66,-0.06
823,11,-0.32,-5.52,-0.03
824,18,-6.01,-1.98,-0.09
825,16,15.71,0.06,0.29
826,16,1.4,1.29,-0.01
827,6,-1.3,-1.41,-0.04
828,15,-5.72,-2.7,-0.11
829,18,-6.26,0.16,-0.09
830,17,1.35,-34.68,-0.03
831,8,-0.28,-0.27,-0.07
832,11,-1.42,-6.06,-0.03
833,9,-1.35,16.74,-0.06
834,8,-0.29,-0.27,-0.04
835,13,-0.32,-8.21,-0.04
836,6,-0.03,-0.27,-0.05
837,14,5.68,-3.36,9.1
838,18,-19.58,-31.51,-21.59
839,14,-0.32,-1.36,-2.47
840,12,-0.31,-7.89,-0.04
841,13,1.31,1.47,-0.0
842,14,-2.35,-6.73,-2.12
843,17,-0.33,-1.68,-2.43
844,15,16.69,-2.33,24.62
845,16,8.44,-1.96,6.59
846,11,-0.31,-8.73,-0.06
847,12,-1.41,-5.1,-0.05
848,14,-0.32,-7.22,-2.56
849,11,-1.42,-5.88,-0.04
850,6,-0.28,-0.27,-0.03
851,13,8.32,-4.74,9.99
852,17,-8.77,-1.52,-7.4
853,16,-0.28,-1.42,-0.06
854,10,1.84,-4.99,7.75
855,6,-0.03,0.84,-0.02
856,14,13.33,-3.62,20.09
857,13,1.38,1.52,-0.0
858,16,1.36,-36.46,-0.02
859,10,1.08,1.42,-0.02
860,15,-5.72,0.04,-0.12
861,16,-0.32,-1.98,-0.06
862,18,-18.67,-29.75,-19.88
863,13,-0.32,-8.13,-0.06
864,12,-0.07,1.49,-0.05
865,18,-5.42,-2.12,-0.07
866,18,-1.06,-1.99,-0.03
867,15,-0.29,-1.47,-0.04
868,17,-6.17,-0.09,-0.07
869,8,-0.29,-13.58,-0.04
870,10,-0.28,-0.99,-0.06
871,7,-0.04,-0.3,-0.01
872,15,-0.32,-1.39,-0.03
873,9,-0.05,1.35,-0.04
874,16,1.45,-34.98,0.01
875,9,-1.4,-3.41,0.11
876,13,-0.27,-1.93,-0.03
877,9,-0.28,-0.26,-0.05
878,10,-0.06,1.37,-0.02
879,6,-0.03,-0.27,-0.03
880,12,-0.28,-1.03,-1.64
881,11,-0.31,-8.77,-0.02
882,12,0.71,1.43,-0.01
883,17,1.52,-32.6,-0.09
884,15,17.58,-2.21,28.01
885,13,-6.26,-4.94,-0.13
886,15,-5.97,-1.1,-6.76
887,15,1.36,-22.01,-0.0
888,18,-6.27,-0.1,-0.11
889,6,-0.27,-0.27,-0.05
890,12,-0.29,-2.5,-0.04
891,10,0.87,1.38,-0.04
892,17,1.34,-26.11,-0.02
893,8,-0.3,-0.31,-0.03
894,14,1.31,-28.92,-0.01
895,14,-4.37,-1.67,-4.27
896,16,-0.33,-1.53,-0.42
897,18,-13.41,-2.06,-13.79
898,6,-0.28,-0.28,-0.03
899,18,-6.26,-1.21,-0.11
900,6,-0.03,-0.3,-0.05
901,13,1.19,1.54,-0.05
902,12,1.35,1.45,-0.06
903,6,-1.25,-1.42,-0.04
904,6,-0.03,-0.27,-0.02
905,14,-0.32,-1.59,-0.03
906,9,-0.05,1.34,-0.04
907,13,-0.29,-1.0,-0.55
908,6,-0.03,-0.3,-0.05
909,8,-0.28,-0.27,-0.06
910,15,-5.83,-2.7,-0.08
911,12,1.31,-13.03,-0.03
912,15,-0.27,-1.64,-0.02
913,7,-1.27,2.89,-0.03
914,10,-0.28,-13.43,-0.05
915,15,-0.32,-1.79,-0.04
916,6,-0.03,0.46,-0.03
917,17,10.04,-1.37,18.57
918,6,-1.25,2.96,-0.05
919,18,-0.33,-1.86,-0.05
920,17,-13.87,-1.77,-11.39
921,17,-8.46,-1.59,-8.51
922,15,1.4,-14.1,-0.03
923,15,-0.29,-1.23,-0.23
924,9,-0.28,-0.28,-0.04
925,11,-0.31,-7.74,-0.02
926,18,-6.1,-0.2,-0.09
927,14,0.01,-4.92,1.97
928,8,-0.28,-0.27,-0.04
929,16,-13.25,-2.07,-13.37
930,11,17.47,-6.27,23.42
931,7,-1.28,-0.51,-0.05
932,17,1.37,-27.27,-0.04
933,18,-23.57,-21.44,-28.0
934,6,-0.03,-0.27,-0.04
935,11,-0.28,-13.8,-0.06
936,10,-1.35,-6.25,0.15
937,9,-0.05,1.35,-0.04
938,7,-0.04,1.3,-0.03
939,16,-0.28,-1.49,-0.05
940,12,-0.28,-0.95,-3.59
941,9,-0.31,-0.32,-0.02
942,9,-0.05,1.36,-0.04
943,14,1.34,-4.48,-0.03
944,13,0.92,1.5,-0.04
945,11,-0.31,-8.28,-0.06
946,15,-0.32,-1.42,-0.09
947,13,-13.73,-0.97,-14.31
948,16,-0.32,-1.46,-0.05
949,15,-1.44,-3.78,-0.04
950,18,-0.32,-1.64,-0.75
951,13,1.34,-10.66,-0.04
952,16,-5.75,0.21,-0.12
953,10,-0.31,-0.32,-0.04
954,18,16.88,-1.49,27.23
955,8,-0.05,1.37,-0.04
956,6,-0.03,-0.03,-0.06
957,10,0.06,1.49,-0.04
958,17,-6.27,-0.67,-0.12
959,9,-0.29,-13.81,-0.01
960,11,-0.29,-3.43,-0.04
961,8,-0.3,-0.31,-0.03
962,7,-1.27,-1.43,-0.05
963,10,-0.31,-0.32,-0.05
964,17,1.33,1.2,-0.03
965,9,-1.32,-6.24,-0.05
966,15,-0.28,-1.31,-0.02
967,14,-5.89,-4.46,-0.12
968,14,-0.27,-1.57,-0.04
969,10,0.01,1.45,-0.03
970,6,-0.03,-0.3,-0.02
971,18,-13.89,-1.58,-4.47
972,11,2.03,-5.89,4.61
973,11,-1.41,-5.0,-0.06
974,18,-0.32,-1.9,-0.06
975,6,-0.03,1.22,-0.03
976,16,1.5,-35.01,-0.04
977,8,-1.31,15.58,-0.05
978,16,4.26,-2.79,7.25
979,16,-8.68,-1.37,-8.68
980,9,-1.32,-6.24,10.82
981,16,1.35,-36.49,-0.0
982,14,-1.93,-4.3,-0.56
983,10,-0.28,-6.79,-0.05
984,16,-8.79,-7.26,-8.85
985,17,1.34,-26.65,-0.02
986,13,9.46,-4.82,14.16
987,9,-0.05,1.35,-0.04
988,14,3.23,-2.84,5.71
989,11,-0.06,1.38,-0.03
990,18,-5.78,-0.44,-0.09
991,10,-0.28,-11.71,-0.06
992,13,1.32,-23.85,-0.04
993,10,-0.31,-0.32,-0.02
994,14,15.7,-0.8,24.33
995,17,1.35,-21.34,-0.02
996,14,-0.29,-1.0,-0.22
997,12,-0.28,-2.09,-0.07
998,18,-6.28,-0.77,-0.12
999,13,-0.32,-1.53,-0.05
1000,16,1.37,-32.78,-0.04
1001,14,1.31,-32.72,-0.02
1002,15,-13.53,-2.48,-13.95
1003,9,-0.28,-13.86,-0.03
1004,13,-0.32,-8.75,-0.05
1005,15,-6.22,-3.92,-0.1
1006,14,-0.32,-1.42,-0.24
1007,6,-0.28,-0.3,-0.06
1008,7,-1.29,8.24,-0.02
1009,14,-0.27,-1.15,-0.56
1010,6,-1.25,-1.36,-0.05
1011,11,-0.32,-8.61,-0.04
1012,7,-0.28,-0.27,-0.05
1013,11,-0.31,-8.38,-0.03
1014,9,7.56,15.74,10.35
1015,11,-0.31,-0.32,-0.02
1016,12,-0.31,-7.43,-0.04
1017,7,-0.04,1.32,-0.04
1018,18,-1.01,-1.65,-0.01
1019,13,-0.32,-8.02,-0.04
1020,17,-12.96,-2.11,-3.47
1021,15,16.24,-3.6,24.71
1022,9,-1.34,-6.09,-0.03
1023,6,-1.15,-1.38,-0.03
1024,14,-13.89,-1.01,-14.5
1025,7,-0.04,1.32,-0.04
1026,14,1.31,1.57,-0.01
1027,6,-1.31,-1.36,-0.07
1028,10,-0.06,1.55,-0.03
1029,16,1.35,-37.66,-0.05
1030,9,-0.05,1.36,-0.02
1031,8,-0.3,-0.31,-0.05
1032,7,-0.28,-12.85,-0.04
1033,17,-0.33,-1.58,-0.12
1034,16,-6.24,-2.36,-0.09
1035,15,-0.32,-1.55,-0.06
1036,14,-13.87,-0.96,-14.4
1037,7,-0.29,-0.3,-0.05
1038,7,-0.29,-0.3,-0.07
1039,18,1.46,-29.4,-0.13
1040,18,-5.77,-1.36,-0.08
1041,14,1.36,1.56,-0.03
1042,15,-6.24,-1.36,-0.13
1043,18,-1.37,-1.52,-3.37
1044,17,-13.73,-1.28,-9.81
1045,10,-0.3,-13.88,-0.03
1046,15,1.46,-4.71,-0.01
1047,16,-6.12,-4.18,-0.12
1048,18,-1.39,-1.6,-0.07
1049,11,-0.32,-8.71,-0.06
1050,16,-3.32,-1.68,3.41
1051,10,1.31,1.36,-0.0
1052,18,-13.49,-1.76,-12.64
1053,11,-0.31,-8.78,-0.05
1054,8,-1.3,-0.91,-0.03
1055,18,-5.85,-2.31,-3.89
1056,9,-0.31,-8.77,-0.01
1057,14,-0.28,-1.09,-10.1
1058,8,-1.35,-5.9,-0.07
1059,17,-6.27,-0.41,-0.12
1060,16,-6.16,-0.7,-0.12
1061,17,1.36,-37.03,0.02
1062,18,-7.53,-1.66,-6.99
1063,6,-0.03,1.32,-0.05
1064,10,-0.3,-13.87,-0.03
1065,9,0.83,1.34,-0.04
1066,13,-0.32,-8.7,-0.02
1067,13,-6.08,-4.13,-0.05
1068,16,-5.84,-4.01,-0.1
1069,17,1.38,-26.78,-0.0
1070,17,-8.79,-1.49,-8.51
1071,8,-1.37,-6.23,-0.04
1072,17,1.41,-35.16,-0.0
1073,10,-0.29,-13.88,-0.06
1074,8,-1.28,13.27,-0.04
1075,15,-0.32,-1.45,-0.03
1076,15,-0.28,-1.36,-0.06
1077,6,-0.03,-0.3,-0.04
1078,11,-0.29,-0.95,-0.05
1079,7,-0.04,1.32,-0.04
1080,15,1.54,7.51,-0.04
1081,13,-1.44,-4.67,-0.06
1082,7,-0.28,-0.28,-0.02
1083,13,-0.32,-8.68,-0.03
1084,17,-0.32,-1.59,-0.08
1085,15,-1.21,-3.24,0.54
1086,13,-0.32,-8.73,-0.03
1087,6,-0.03,-0.29,-0.04
1088,13,-0.32,-7.11,-0.05
1089,7,-1.27,-1.04,-0.04
1090,9,-1.34,17.32,-0.06
1091,15,1.36,-37.9,-0.01
1092,14,-0.32,-1.4,-0.19
1093,15,1.35,-7.53,-0.03
1094,17,-0.32,-1.93,-0.03
1095,18,-1.03,-1.9,0.01
1096,7,-0.28,-13.6,-0.07
1097,14,1.34,-24.51,-0.05
1098,15,14.2,-2.23,24.12
1099,9,-0.3,-0.32,-0.03
1100,13,1.31,-33.7,-0.0
1101,14,-0.28,-1.84,-0.01
1102,6,-1.25,-1.43,-0.03
1103,17,1.31,-36.9,-0.04
1104,10,-0.31,-0.32,-0.04
1105,9,-0.29,-0.26,-0.03
1106,11,-0.29,-0.96,-0.18
1107,16,8.23,-3.0,17.16
1108,11,-1.4,-4.91,-0.06
1109,9,-1.29,1.56,-0.07
1110,18,-0.32,-1.75,-0.04
1111,17,-0.32,-1.76,-0.01
1112,10,1.27,1.36,-0.04
1113,8,0.24,1.33,-0.04
1114,14,1.33,-8.22,-0.05
1115,14,-6.27,-4.1,-0.09
1116,13,-0.32,-7.4,-0.03
1117,11,-0.29,-13.82,-0.03
1118,6,-0.28,-0.27,-0.05
1119,12,-0.29,-0.95,-0.02
1120,13,1.41,1.54,0.02
1121,9,-2.92,-5.95,-1.57
1122,11,-1.39,-5.72,0.02
1123,14,1.31,-35.8,0.0
1124,10,-2.8,-6.26,-1.33
1125,10,-0.31,-6.35,-0.05
1126,13,-0.32,-8.65,-0.01
1127,14,-0.32,-1.37,-1.43
1128,10,-0.06,1.38,-0.03
1129,14,-0.32,-1.41,-1.01
1130,13,-0.28,-1.08,-9.63
1131,7,-0.04,-0.31,-0.03
1132,9,-1.41,13.96,-0.03
1133,10,-0.28,-3.56,-0.03
1134,15,-0.32,-1.62,-0.05
1135,12,1.09,1.53,-0.03
1136,10,1.33,1.37,-0.04
1137,15,-8.66,-1.55,-8.68
1138,7,-0.04,-0.3,-0.03
1139,10,-0.06,1.43,-0.05
1140,9,0.12,1.35,-0.04
1141,15,1.33,-27.12,-0.01
1142,14,-13.79,-0.98,-14.37
1143,18,1.34,-1.05,-0.02
1144,17,10.66,-1.14,20.0
1145,11,13.33,-3.5,20.27
1146,11,-2.19,-5.35,-0.82
1147,16,-10.99,-1.43,-10.2
1148,14,-8.77,-1.4,-8.55
1149,17,9.46,-1.52,18.62
1150,17,1.46,-34.28,-0.03
1151,14,10.44,-5.08,7.79
1152,6,-1.29,-1.39,-0.04
1153,9,-0.3,-0.32,-0.03
1154,10,-0.28,-12.93,-0.04
1155,17,-6.08,-1.01,-0.1
1156,10,-1.38,-6.18,1.62
1157,6,-0.03,-0.3,-0.04
1158,12,-0.27,-0.97,-8.83
1159,16,-8.79,-1.37,-8.73
1160,13,-0.32,-7.6,-0.02
1161,14,-0.32,-5.54,-5.79
1162,10,-0.31,-8.75,-0.05
1163,18,-6.14,-0.76,-0.1
1164,12,5.02,-5.69,8.22
1165,14,-1.42,-4.46,-0.05
1166,12,-1.42,-5.44,0.08
1167,11,-1.41,-6.12,4.01
1168,18,-1.42,-1.82,-0.03
1169,14,1.3,-8.72,-0.02
1170,16,1.47,-4.12,-0.01
1171,7,-1.26,12.96,-0.06
1172,10,-1.35,-4.82,-0.04
1173,14,-0.32,-1.44,-0.02
1174,17,-9.79,-2.59,-9.93
1175,14,-0.32,-1.57,-0.05
1176,14,1.31,-22.21,-0.04
1177,15,-13.87,-1.24,-14.63
1178,6,-0.03,0.99,-0.01
1179,9,-1.68,13.99,1.5
1180,11,-0.29,-13.76,-0.03
1181,7,-0.04,-0.31,-0.03
1182,16,1.31,-37.36,-0.02
1183,15,-0.27,-1.04,-0.04
1184,11,-0.29,-1.0,-0.08
1185,9,-0.28,-1.87,-0.04
1186,9,-0.31,-0.32,-0.08
1187,12,-0.31,-8.71,-0.05
1188,9,-0.31,-0.31,-0.04
1189,11,1.6,-5.79,3.95
1190,14,-5.89,-4.96,-0.1
1191,12,-0.32,-8.74,-0.0
1192,13,-0.28,-0.98,-0.16
1193,6,-0.03,-0.3,-0.03
1194,7,-0.28,-0.27,-0.03
1195,11,0.57,1.57,-0.03
1196,18,-8.74,-1.71,-7.63
1197,6,-0.28,-0.27,0.0
1198,7,-0.28,-12.39,-0.03
1199,12,1.36,1.51,-0.01
1200,10,1.32,1.36,-0.01
1201,18,-13.35,-1.76,-3.37
1202,6,-0.03,-0.27,-0.03
1203,11,-0.06,-6.4,-0.03
1204,14,-0.28,-2.44,-0.03
1205,11,-0.28,-13.88,-0.03
1206,17,-9.78,-2.43,-9.89
1207,7,-1.32,-1.4,-0.05
1208,12,1.32,1.45,-0.02
1209,9,1.31,1.45,-0.02
1210,11,-1.38,-5.54,0.3
1211,12,1.37,-34.22,-0.04
1212,12,-0.32,-1.47,-0.04
1213,11,-0.28,-13.6,-0.0
1214,16,1.44,-16.84,0.0
1215,7,-0.28,-0.27,-0.01
1216,12,-1.39,-5.26,-0.04
1217,11,-0.31,-7.05,-0.02
1218,15,1.09,-14.39,-0.01
1219,8,-0.25,-0.27,-0.03
1220,13,1.34,-32.71,-0.01
1221,9,-1.42,8.6,0.07
1222,18,-6.28,-0.8,-0.09
1223,13,-0.32,-1.54,-0.05
1224,17,-6.27,-1.8,-0.12
1225,7,-0.04,1.33,-0.04
1226,17,-5.46,-21.16,-19.08
1227,14,7.0,-3.37,7.58
1228,12,-6.27,-6.06,0.02
1229,7,-1.34,14.63,-0.06
1230,17,17.11,-0.66,26.94
1231,15,-0.27,-1.31,-0.01
1232,11,-0.31,-8.74,-0.03
1233,18,-0.97,-2.63,-0.02
1234,13,-2.96,-4.5,-1.42
1235,15,16.43,-3.53,25.73
1236,6,-0.03,-0.3,-0.05
1237,6,-0.03,-0.3,-0.02
1238,12,1.34,1.44,0.0
1239,18,-0.32,-1.75,-0.04
1240,18,-4.43,-0.68,-0.05
1241,8,-0.05,1.33,-0.02
1242,17,-0.32,-1.48,-0.11
1243,16,-4.63,-2.6,-0.09
1244,16,-1.98,-0.91,5.07
1245,12,-0.31,-8.29,-0.03
1246,11,15.23,-6.23,26.18
1247,13,1.34,1.53,-0.01
1248,14,1.34,-5.67,-0.03
1249,14,1.31,-13.18,-0.04
1250,8,-0.3,-0.31,-0.04
1251,15,-0.32,-1.4,-1.33
1252,15,-9.04,-1.05,-9.18
1253,16,-4.91,-3.06,-0.15
1254,11,-0.32,-8.56,-0.06
1255,10,-0.06,1.36,-0.05
1256,15,9.47,-3.53,13.1
1257,17,-0.32,-1.56,-0.05
1258,17,-8.44,-1.62,-8.44
1259,11,-1.42,-5.76,11.46
1260,6,-0.03,0.34,-0.03
1261,16,-0.29,-1.17,-0.33
1262,12,1.32,1.49,-0.03
1263,6,-0.03,1.13,-0.04
1264,9,0.29,1.35,-0.02
1265,7,-0.28,-0.27,-0.04
1266,17,-6.28,-1.53,-0.1
1267,9,-0.29,-13.22,-0.03
1268,17,-0.32,-2.22,-0.03
1269,11,-0.29,-0.98,-0.08
1270,12,-0.27,-0.97,-0.08
1271,18,-8.55,-2.22,-8.56
1272,14,-6.28,-5.12,-0.11
1273,17,1.48,-34.88,0.0
1274,7,-0.04,-0.31,-0.04
1275,9,-0.28,-13.29,-0.04
1276,6,-1.25,-1.4,-0.06
1277,14,-0.27,-0.97,-0.1
1278,18,-0.96,-1.8,-0.04
1279,15,-5.96,-0.46,-0.11
1280,11,-0.28,-13.87,-0.04
1281,6,-1.33,-1.38,-0.03
1282,9,-0.05,1.46,-0.04
1283,9,-0.05,1.4,-0.06
1284,16,1.34,-30.54,-0.03
1285,8,-1.37,11.63,-0.03
1286,15,1.33,-33.04,-0.03
1287,14,-0.28,-1.02,-0.3
1288,8,-1.28,6.42,-0.03
1289,13,1.31,1.57,-0.04
1290,9,-0.3,-0.31,-0.04
1291,8,-0.29,-12.81,-0.04
1292,18,-8.68,-1.77,-8.52
1293,17,1.42,-33.04,0.01
1294,17,1.36,-31.8,-0.02
1295,10,-0.29,-13.8,-0.03
1296,14,-0.32,-1.59,-0.02
1297,16,-0.28,-2.19,-0.04
1298,11,1.31,1.39,-0.04
1299,14,-0.32,-1.68,-0.03
1300,16,-0.32,-1.68,-0.05
1301,8,-0.05,1.32,-0.04
1302,9,-0.31,-0.32,-0.02
1303,6,-1.26,12.45,-0.06
1304,7,-0.04,-0.32,-0.04
1305,10,-1.36,-6.01,0.73
1306,14,-5.08,-5.02,0.83
1307,10,0.22,1.41,-0.01
1308,14,1.33,-2.2,-0.03
1309,15,-0.32,-1.41,-0.09
1310,11,0.52,1.51,-0.04
1311,18,-7.7,-1.51,-7.43
1312,14,1.3,1.55,-0.0
1313,8,-0.05,-0.32,-0.05
1314,9,-3.15,-3.09,-1.59
1315,9,-0.76,9.94,3.08
1316,8,-0.29,-13.74,-0.03
1317,14,-6.28,-5.41,-0.09
1318,10,-1.35,-6.26,15.34
1319,12,3.76,-4.24,6.63
1320,14,4.45,-1.55,7.5
1321,15,-0.32,-1.47,-0.36
1322,14,-1.42,-3.77,-0.05
1323,8,-1.31,10.44,-0.06
1324,12,2.59,-4.87,5.03
1325,7,-0.29,-0.3,-0.01
1326,6,-0.28,-0.3,-0.03
1327,6,-0.27,-0.27,-0.01
1328,10,-0.06,1.4,-0.04
1329,8,-0.05,1.4,-0.03
1330,12,-0.29,-1.17,-0.04
1331,8,-0.3,-0.31,-0.03
1332,6,-0.03,-0.27,-0.02
1333,14,1.32,-2.52,-0.04
1334,11,1.32,1.4,-0.04
1335,6,-0.03,-0.27,-0.03
1336,12,-0.32,-7.93,-0.05
1337,9,-0.28,-0.27,-0.04
1338,12,11.38,-3.73,17.17
1339,9,-0.28,-10.07,-0.05
1340,18,-8.74,-1.61,-7.27
1341,8,-0.3,-0.32,-0.04
1342,14,-0.27,-2.49,-0.01
1343,18,-6.28,-1.97,-0.1
1344,9,-0.05,1.4,-0.04
1345,17,-8.61,-2.26,-8.61
1346,12,-0.07,-21.71,-0.04
1347,12,13.97,-4.33,21.27
1348,17,-0.96,-2.68,-0.07
1349,12,-0.28,-1.19,-0.02
1350,8,-2.14,15.34,-0.78
1351,11,-0.06,1.4,-0.05
1352,12,-0.29,-2.32,-0.02
1353,10,-0.31,-0.32,-0.06
1354,14,-6.27,-3.59,-0.09
1355,16,-0.28,-1.62,-0.04
1356,13,-0.32,-7.67,-0.04
1357,13,1.06,-25.42,-0.02
1358,15,-0.29,-1.62,-0.03
1359,18,-0.32,-1.59,-0.22
1360,7,-1.28,-1.41,-0.05
1361,8,-0.29,-0.27,-0.02
1362,17,-0.32,-1.64,-0.61
1363,17,-0.32,-1.54,-0.12
1364,7,-1.34,-2.49,-0.05
1365,16,-3.34,-0.17,3.48
1366,18,-2.2,-1.57,-0.58
1367,12,-3.62,-5.88,5.0
1368,6,-0.27,-0.27,-0.02
1369,15,-0.32,-1.45,-0.24
1370,12,-0.28,-0.97,-0.05
1371,6,-0.03,-0.31,-0.02
1372,8,-0.28,-0.28,-0.05
1373,13,1.32,1.46,-0.01
1374,17,-6.27,-0.66,-0.09
1375,7,-0.04,1.32,-0.03
1376,10,-0.31,-7.0,-0.02
1377,18,-0.32,-1.65,-0.02
1378,8,-1.29,12.32,-0.05
1379,12,-0.28,-9.43,-0.03
1380,7,-0.16,-0.27,-0.06
1381,13,1.31,1.55,-0.03
1382,10,10.91,-6.14,20.8
1383,14,1.45,1.56,-0.0
1384,14,0.83,-6.41,-0.01
1385,8,-0.28,-0.26,-0.0
1386,11,-0.27,-13.7,-0.12
1387,9,-0.29,-13.37,-0.05
1388,9,-0.29,-13.68,-0.02
1389,15,-13.83,-1.35,-13.85
1390,11,0.71,1.51,-0.03
1391,9,-0.38,-5.77,1.51
1392,16,1.34,-6.75,-0.03
1393,10,-1.45,-6.26,-0.04
1394,10,1.32,1.38,0.01
1395,11,-1.34,-4.8,-0.06
1396,13,1.33,1.52,-0.0
1397,6,-0.03,1.21,-0.03
1398,14,-0.29,-0.99,-0.3
1399,18,1.45,-8.99,-2.09
1400,18,-1.14,-1.63,-0.04
1401,13,-0.32,-7.79,-0.02
1402,8,-0.29,-0.32,-0.01
1403,11,-1.36,-5.95,-0.02
1404,13,-6.27,-5.75,-0.1
1405,7,-0.04,-0.27,-0.03
1406,15,1.31,-36.26,-0.01
1407,11,1.33,1.38,0.01
1408,8,-0.3,-0.31,-0.02
1409,12,8.49,-5.37,5.02
1410,18,-2.49,-1.65,-0.68
1411,17,-13.04,-1.47,-13.26
1412,15,15.72,-0.39,24.42
1413,12,-0.29,-12.31,-0.04
1414,7,-0.04,-0.31,-0.05
1415,17,-13.77,-2.74,-14.65
1416,8,-1.29,3.45,-0.02
1417,6,-0.28,-0.26,-0.03
1418,11,-1.36,-5.79,0.78
1419,6,-1.25,-1.35,-0.05
1420,10,16.19,-6.23,25.49
1421,12,-2.21,-13.38,-5.71
1422,16,-0.32,-1.77,-0.05
1423,17,1.37,-37.63,-0.02
1424,17,-13.48,-1.56,-13.79
1425,16,1.32,-31.17,-0.04
1426,9,-1.3,-6.24,-0.03
1427,14,-0.29,-1.03,-0.05
1428,16,-13.48,-1.54,-13.41
1429,15,-0.28,-1.14,-0.04
1430,8,-0.28,-4.48,-0.01
1431,10,-0.31,-1.17,-0.05
1432,12,-0.31,-6.32,-0.04
1433,7,-1.3,-5.48,-0.06
1434,18,1.45,-4.71,-0.04
1435,17,1.5,-34.75,-0.05
1436,8,-0.05,-0.32,-0.05
1437,10,-1.44,-6.15,-0.0
1438,11,-0.28,-13.59,-0.05
1439,10,-0.29,-13.73,-0.03
1440,16,1.55,-19.28,-0.02
1441,7,-0.28,-0.33,-0.05
1442,18,-1.09,-2.26,-0.83
1443,14,-0.32,-1.44,-5.86
1444,17,1.41,-38.15,-0.0
1445,11,-0.28,-0.99,-0.03
1446,18,-5.4,-0.7,-0.12
1447,15,-11.06,-1.1,-10.35
1448,11,-0.22,-6.22,1.91
1449,12,0.65,-5.37,2.78
1450,16,11.09,-1.33,20.46
1451,12,-0.31,-1.37,-0.06
1452,17,-6.26,-0.37,-0.13
1453,7,-0.28,-0.27,-0.02
1454,10,-0.31,-0.32,-0.05
1455,7,-0.28,-3.63,-0.04
1456,15,5.28,-3.16,7.45
1457,10,-0.28,-13.86,-0.02
1458,17,-4.2,-0.59,-0.04
1459,12,-6.27,-5.46,-0.1
1460,12,5.77,-5.83,9.38
1461,13,-0.32,-7.14,-0.01
1462,17,-8.16,-1.54,-7.35
1463,12,1.35,1.48,-0.05
1464,17,-0.32,-1.53,-0.04
1465,17,1.32,-29.4,-0.04
1466,8,-0.05,-0.31,-0.04
1467,14,-0.32,-1.38,-0.02
1468,7,-0.28,-0.27,-0.02
1469,11,0.46,1.52,-0.01
1470,6,-0.03,-0.3,-0.02
1471,9,-0.31,-0.32,-0.02
1472,9,-0.28,-5.26,-0.02
1473,6,-0.03,-0.3,-0.02
1474,17,1.35,-36.95,-0.04
1475,10,-0.28,-13.39,0.0
1476,7,-0.04,-0.27,-0.04
1477,10,-0.31,-2.07,-0.06
1478,13,1.22,1.54,-0.01
1479,15,-0.32,-1.46,-0.04
1480,16,-6.27,-2.57,-0.1
1481,17,-1.44,-1.25,-0.57
1482,15,1.33,-28.71,-0.04
1483,6,-0.03,-0.29,-0.05
1484,12,-13.86,-9.97,-14.38
1485,16,-0.28,-1.69,-0.04
1486,13,-0.28,-0.96,-0.08
1487,9,-0.05,1.37,-0.02
1488,17,-0.98,-2.74,-0.03
1489,11,0.44,1.41,-0.01
1490,7,-0.28,-0.28,-0.01
1491,13,4.78,-4.49,0.58
1492,17,-5.67,-0.48,-0.13
1493,9,-0.28,-7.08,-0.03
1494,18,-6.28,-0.34,-0.06
1495,13,-0.32,-1.37,-0.11
1496,8,1.08,1.32,-0.03
1497,10,0.49,1.41,-0.03
1498,13,-0.32,-8.27,-0.02
1499,6,-0.03,-0.3,-0.01
1500,13,-0.32,-7.16,-0.05
1501,10,0.26,1.53,-0.05
1502,8,-0.05,-0.31,-0.05
1503,11,-0.31,-8.76,-0.05
1504,15,-5.07,-2.47,-4.98
1505,7,-0.04,1.33,-0.05
1506,15,-0.32,-1.4,-3.51
1507,11,-0.29,-1.01,-0.02
1508,8,-0.05,1.34,-0.05
1509,16,-0.32,-1.58,-0.05
1510,17,-10.26,-1.67,-3.12
1511,12,-0.32,-8.71,-0.0
1512,6,-0.27,-0.27,-0.06
1513,11,0.11,1.49,-0.03
1514,7,-0.04,-0.3,-0.04
1515,18,-6.28,-2.36,-0.09
1516,18,-0.32,-1.76,-0.04
1517,15,-0.32,-1.39,-6.31
1518,7,-0.04,1.32,-0.06
1519,6,-0.03,0.06,-0.06
1520,17,-13.46,-1.87,-13.68
1521,6,-1.3,-1.37,-0.03
1522,14,1.36,1.56,-0.0
1523,14,-6.27,-3.18,-0.09
1524,14,1.32,-32.27,-0.02
1525,8,-1.27,4.23,-0.06
1526,16,1.5,-34.89,-0.0
1527,11,-0.32,-8.76,-0.04
1528,16,-9.31,-1.03,-12.24
1529,10,-0.06,1.41,-0.03
1530,7,-0.04,1.35,-0.05
1531,9,-1.35,1.17,0.13
1532,18,1.5,7.4,-0.03
1533,11,-0.29,-4.42,-0.05
1534,17,-0.27,-1.72,-0.06
1535,15,1.33,-35.75,-0.05
1536,6,-0.03,-0.27,-0.04
1537,11,1.34,-11.44,-0.03
1538,11,-1.41,-4.13,-0.05
1539,7,-1.26,14.5,-0.03
1540,16,-0.27,-1.69,-0.05
1541,17,1.54,-36.61,-0.02
1542,14,-6.25,-5.46,-0.07
1543,18,7.42,0.22,14.27
1544,7,-0.04,1.33,-0.02
1545,13,0.5,-8.49,-0.05
1546,7,-0.04,-0.31,-0.02
1547,14,-0.28,-1.16,-0.03
1548,7,-0.3,-0.3,-0.01
1549,11,-1.37,-5.93,-0.03
1550,18,-6.28,-0.79,-0.12
1551,17,-8.79,-1.67,-2.57
1552,7,-1.31,-2.52,-0.09
1553,9,-1.34,3.17,0.72
1554,10,4.11,-6.23,20.32
1555,13,-6.26,-7.26,-7.51
1556,16,-5.46,-1.47,-5.5
1557,6,-0.29,-0.3,-0.02
1558,15,-0.27,-1.17,-2.3
1559,14,1.41,1.55,-0.01
1560,17,-7.19,-1.59,-3.46
1561,13,-0.32,-7.07,-0.04
1562,11,2.9,-5.9,5.52
1563,7,-0.3,-0.31,-0.03
1564,15,-0.32,-1.43,-0.05
1565,9,0.39,1.34,-0.03
1566,13,11.53,-5.78,16.99
1567,15,-5.74,-3.68,-0.11
1568,18,-4.94,-0.73,-0.09
1569,9,-0.29,-13.46,-0.05
1570,9,-2.5,5.69,-0.96
1571,13,-0.73,-7.14,-2.84
1572,18,-13.21,-1.86,-13.55
1573,9,-1.41,16.13,0.03
1574,12,1.33,1.51,-0.03
1575,13,-6.09,-4.67,-0.07
1576,18,1.35,-6.39,-0.0
1577,9,-1.37,-5.77,-0.05
1578,7,-0.29,-0.3,-0.0
1579,14,-0.29,-1.09,-0.05
1580,15,-3.31,-7.31,-6.18
1581,10,-0.31,-8.5,-0.05
1582,14,-5.87,-4.31,-0.11
1583,18,-13.78,-1.39,-10.8
1584,18,-0.33,-1.81,-0.05
1585,18,-0.27,-2.11,-0.04
1586,6,-0.03,-0.3,-0.01
1587,18,-6.3,-1.75,-2.03
1588,16,-8.46,-1.5,-8.3
1589,9,-0.3,-0.31,-0.05
1590,6,-0.03,-0.03,-0.02
1591,12,-0.31,-8.78,-0.03
1592,15,1.31,-33.16,-0.03
1593,9,-0.05,1.37,-0.02
1594,13,1.4,1.54,0.01
1595,13,1.32,-27.78,-0.02
1596,8,-0.29,-13.79,-0.02
1597,6,-0.28,-0.27,-0.03
1598,9,0.07,1.34,-0.02
1599,16,-6.28,-2.37,-0.08
1600,13,-0.32,-7.95,-0.02
1601,9,-0.31,-0.32,-0.03
1602,6,-0.03,0.79,-0.04
1603,8,-0.05,1.32,-0.0
1604,11,-0.31,-8.35,-0.06
1605,8,-0.28,-0.28,-0.02
1606,8,-0.05,-0.31,-0.05
1607,10,1.32,1.39,-0.03
1608,8,-0.05,1.46,-0.03
1609,9,-0.28,-0.27,-0.05
1610,15,-0.32,-1.44,-0.03
1611,6,-0.03,-0.3,-0.04
1612,11,-0.31,-8.3,-0.06
1613,10,-0.29,-13.79,-0.02
1614,10,-0.28,-11.92,-0.07
1615,18,1.37,3.76,-0.04
1616,15,1.33,-14.53,-0.0
1617,6,-1.28,-1.36,-0.01
1618,13,1.32,1.55,-0.02
1619,13,-0.32,-8.34,-0.02
1620,9,-1.34,-6.21,-0.06
1621,11,1.32,1.38,-0.01
1622,18,-1.06,-1.87,-0.07
1623,17,-12.74,-1.49,-7.93
1624,15,1.31,-32.14,-0.01
1625,17,-8.51,-2.01,-8.51
1626,17,2.06,-0.13,9.89
1627,15,8.65,-3.37,13.15
1628,15,-13.56,-1.09,-13.99
1629,8,-0.05,-0.31,-0.02
1630,14,-0.32,-1.74,-0.03
1631,10,1.32,1.42,-0.04
1632,18,-13.83,-2.63,-14.38
1633,11,-1.42,-6.19,2.22
1634,14,-0.28,-0.99,-0.95
1635,10,-0.31,-8.79,-0.03
1636,14,-8.78,-1.41,-8.47
1637,15,1.32,-35.94,-0.01
1638,11,-1.43,-4.81,-0.02
1639,8,-0.29,-0.27,-0.03
1640,9,-0.29,-13.32,-0.01
1641,17,-5.26,-0.47,-0.08
1642,13,1.31,-1.72,0.0
1643,15,-0.32,-1.6,-0.02
1644,9,1.31,1.5,-0.02
1645,9,-0.29,-13.34,-0.05
1646,7,-0.04,1.32,-0.03
1647,16,-0.33,-1.46,-0.09
1648,13,-0.32,-1.45,-0.03
1649,8,-0.05,-0.31,-0.02
1650,17,-5.33,-0.98,-0.11
1651,9,1.31,1.54,-0.04
1652,11,17.38,-4.57,27.79
1653,15,1.35,-20.87,-0.03
1654,15,-12.73,-1.41,-12.72
1655,18,-4.91,-0.78,-0.13
1656,8,-1.28,-0.09,-0.07
1657,18,-3.69,-31.55,-8.49
1658,14,-0.32,-1.41,-6.13
1659,15,-7.84,-1.27,-7.86
1660,8,1.32,1.42,0.01
1661,7,-0.04,1.34,-0.02
1662,18,-8.75,-1.62,-7.57
1663,13,1.31,-34.06,0.01
1664,13,1.34,-4.32,-0.04
1665,9,-0.28,-13.85,-0.06
1666,18,1.35,-32.34,0.0
1667,8,-0.3,-0.31,-0.01
1668,7,-1.34,-2.88,-0.06
1669,13,1.31,-10.73,-0.02
1670,15,-0.32,-1.69,-0.02
1671,6,-0.28,-0.27,-0.05
1672,13,-0.28,-1.48,-0.03
1673,7,-0.04,-0.3,-0.04
1674,8,0.84,1.33,-0.03
1675,9,-0.29,-13.39,-0.03
1676,18,1.51,-22.7,-12.06
1677,8,-1.36,-6.17,-0.05
1678,13,-13.89,-0.97,-14.57
1679,14,-0.32,-1.43,-6.17
1680,16,1.32,-38.01,-0.03
1681,14,-0.32,-1.36,-3.52
1682,7,-0.28,-0.28,-0.03
1683,10,-0.31,-8.13,-0.01
1684,14,-13.67,-0.99,-14.12
1685,16,5.09,-3.71,8.33
1686,11,-1.36,-5.58,20.92
1687,18,1.52,-18.24,-0.01
1688,10,-0.28,-13.21,-0.05
1689,14,-0.32,-1.4,-2.42
1690,11,0.85,1.51,0.0
1691,6,-0.03,-0.3,-0.02
1692,11,-0.32,-8.69,-0.02
1693,17,-6.28,-0.72,-0.1
1694,7,-0.29,-0.31,-0.06
1695,6,-0.03,0.6,-0.03
1696,11,-0.32,-7.22,-0.03
1697,10,3.64,-6.26,16.13
1698,13,-0.32,-8.31,-0.05
1699,11,-0.31,-8.57,-0.04
1700,9,-1.39,-6.25,-0.02
1701,11,-0.31,-0.32,-0.03
1702,6,-0.03,-0.3,-0.04
1703,8,-0.05,1.35,-0.03
1704,15,-0.28,-1.84,-0.06
1705,16,1.32,-36.87,-0.02
1706,18,-6.28,-0.06,-0.1
1707,10,-0.06,1.45,-0.06
1708,8,-0.3,-0.31,-0.04
1709,7,-0.04,1.07,-0.05
1710,16,1.49,-7.84,-0.05
1711,15,-0.32,-1.57,-0.14
1712,12,-1.48,-5.61,0.73
1713,11,-1.34,-5.64,0.39
1714,13,1.31,-4.47,-0.01
1715,14,1.33,-23.11,0.01
1716,9,-0.31,-0.31,-0.02
1717,15,1.32,-0.22,-0.02
1718,12,-0.31,-1.46,-0.02
1719,16,-7.82,-1.52,-7.56
1720,11,-0.31,-8.48,-0.05
1721,9,-0.29,-13.87,-0.03
1722,11,-1.42,-6.13,-0.03
1723,16,-0.32,-1.43,-0.64
1724,17,-0.32,-1.89,-0.05
1725,17,-0.32,-1.45,-4.51
1726,13,-12.86,-0.98,-13.64
1727,13,-0.28,-1.07,-0.56
1728,11,-0.31,-7.93,-0.06
1729,9,-0.29,-0.27,-0.04
1730,6,-0.03,-0.3,-0.04
1731,15,-0.28,-1.17,-10.81
1732,18,1.41,-11.83,-0.52
1733,15,-0.32,-1.59,-0.06
1734,12,1.35,1.43,-0.01
1735,17,-7.79,-2.31,-7.87
1736,12,6.26,-5.37,11.02
1737,17,1.39,-25.83,-0.01
1738,6,-0.03,0.34,-0.03
1739,12,-0.29,-2.39,-0.05
1740,17,1.53,-33.04,-0.02
1741,9,-0.05,1.33,-0.02
1742,15,-7.46,-1.5,-7.32
1743,15,3.94,-2.05,6.83
1744,7,-0.04,-0.31,-0.03
1745,12,4.25,-5.61,7.19
1746,10,0.95,-23.81,-0.03
1747,16,-0.33,-1.42,-0.04
1748,6,-0.03,-0.26,-0.04
1749,17,-5.73,-2.01,-5.49
1750,10,7.73,-6.23,12.38
1751,6,-0.28,-0.27,-0.01
1752,16,-13.75,-1.36,-5.79
1753,7,-1.29,7.49,-0.02
1754,13,-0.32,-6.23,-0.03
1755,13,-0.32,-8.05,-0.05
1756,7,-1.28,5.1,-0.04
1757,14,1.35,-37.01,-0.04
1758,11,-0.31,-8.57,-0.03
1759,12,-1.42,-5.1,-0.05
1760,8,-0.28,-0.27,-0.05
1761,7,-1.26,14.74,-0.05
1762,18,-6.27,-0.33,-0.09
1763,7,-1.28,-3.47,-0.04
1764,15,1.32,-38.07,-0.04
1765,9,-3.07,4.17,3.64
1766,16,-0.33,-1.61,-0.12
1767,9,-0.29,-3.14,-0.06
1768,18,-11.5,-1.8,-9.84
1769,12,1.31,1.42,-0.01
1770,8,-0.3,-0.32,-0.05
1771,16,-0.32,-1.43,-0.19
1772,17,1.43,-34.96,0.0
1773,18,-6.16,-1.8,-0.13
1774,8,-0.3,-0.31,-0.04
1775,10,-0.29,-5.51,-0.03
1776,9,-1.35,-5.71,-0.06
1777,13,-0.32,-7.66,-0.05
1778,8,-0.29,-0.27,-0.03
1779,17,-6.19,-2.27,-0.14
1780,10,-0.28,-13.59,-0.05
1781,18,-13.89,-1.45,-14.46
1782,11,-0.29,-13.47,-0.04
1783,14,-0.28,-1.21,-1.06
1784,8,-0.29,-0.27,-0.04
1785,11,-1.37,-4.88,-0.07
1786,6,-0.29,-0.31,-0.01
1787,11,-0.41,-6.24,9.69
1788,13,-12.98,-1.03,-13.31
1789,7,-1.27,-6.22,-0.04
1790,6,-0.03,-0.3,-0.04
1791,14,-13.73,-0.98,-14.66
1792,8,-1.27,-6.24,-0.04
1793,6,-0.03,-0.3,-0.04
1794,17,-0.32,-1.51,-1.16
1795,17,1.38,-13.62,-0.0
1796,14,2.5,-2.61,5.03
1797,9,-0.31,-0.32,-0.04
1798,8,-0.05,-0.32,-0.06
1799,13,-0.32,-1.36,-0.01
1800,18,-1.05,-1.73,-0.07
1801,7,-0.04,1.32,-0.0
1802,9,-1.31,-6.25,23.63
1803,18,-6.28,-0.79,-0.09
1804,12,1.1,1.53,-0.04
1805,13,-0.32,-1.45,-0.08
1806,17,-0.32,-2.28,-0.03
1807,18,-12.98,-2.73,-7.95
1808,9,-0.28,-3.43,-0.02
1809,8,-1.37,14.0,-0.06
1810,9,-0.31,-8.76,-0.05
1811,10,-1.38,-5.7,-0.02
1812,6,-0.03,-0.31,-0.03
1813,17,1.47,-37.39,-0.05
1814,15,-6.18,-4.53,-0.11
1815,11,1.35,-21.47,-0.03
1816,15,-0.32,-1.43,-0.02
1817,7,-1.33,-2.34,-0.02
1818,9,-1.29,-6.25,-0.06
1819,6,-0.28,-0.3,-0.02
1820,6,-0.03,-0.3,-0.02
1821,15,4.51,-1.45,7.57
1822,16,-11.3,-1.59,-7.75
1823,7,-0.28,-0.27,-0.02
1824,16,-13.72,-2.53,-14.19
1825,11,-0.31,-8.75,-0.04
1826,16,-5.76,-3.45,-0.1
1827,14,1.38,1.51,-0.05
1828,17,1.32,-6.47,-0.03
1829,7,-0.3,-0.3,-0.07
1830,6,-0.03,-0.3,-0.04
1831,9,-0.31,-0.31,-0.02
1832,18,-6.13,-1.18,-0.08
1833,10,-0.06,1.47,-0.02
1834,10,-0.31,-2.81,-0.04
1835,10,-0.31,-0.32,-0.05
1836,16,-5.38,-1.25,-4.85
1837,9,-1.4,12.8,-0.0
1838,9,1.29,1.34,0.01
1839,10,-2.29,5.02,0.21
1840,17,1.33,3.51,-0.03
1841,10,-0.29,-13.79,-0.03
1842,13,1.94,-4.34,3.97
1843,9,-0.05,1.38,-0.05
1844,6,-0.03,1.03,-0.04
1845,14,4.8,-3.27,9.13
1846,10,-1.43,-5.88,16.72
1847,12,-0.31,-8.79,-0.03
1848,17,-7.78,-1.43,-8.04
1849,17,1.36,-37.05,-0.04
1850,11,-1.42,-5.76,2.28
1851,18,-8.36,-29.32,-10.9
1852,18,1.42,7.02,-0.04
1853,7,-0.28,-0.28,-0.06
1854,9,-0.28,-13.87,-0.05
1855,7,-0.28,-0.27,-0.05
1856,8,-1.32,14.05,-0.08
1857,12,-4.51,-5.2,0.96
1858,17,-5.18,-1.28,-0.07
1859,14,-5.66,-3.27,0.66
1860,10,-0.29,-12.93,-0.04
1861,16,1.34,-35.92,-0.03
1862,10,-0.31,-0.32,-0.06
1863,14,-0.32,-7.61,-0.05
1864,7,-1.26,3.23,-0.05
1865,14,1.31,-16.21,-0.03
1866,17,1.5,-32.81,-0.02
1867,12,-0.45,-5.54,1.45
1868,8,-1.29,15.61,-0.03
1869,17,-12.95,-2.18,-13.24
1870,7,-0.28,-13.44,-0.06
1871,6,-0.03,1.34,-0.0
1872,15,-0.27,-1.24,-0.05
1873,7,-1.28,1.0,-0.05
1874,8,-0.05,1.34,-0.04
1875,18,-1.1,-1.66,-0.06
1876,8,-0.3,-0.31,-0.03
1877,15,1.41,-32.64,-0.0
1878,9,-1.33,-6.25,-0.03
1879,14,-0.29,-0.99,-5.18
1880,15,1.49,1.74,-0.05
1881,11,-1.36,-4.35,-0.06
1882,14,-5.71,-3.84,-0.04
1883,15,1.33,-0.95,-0.03
1884,7,-0.29,-0.31,-0.05
1885,10,1.31,1.37,-0.0
1886,9,-0.05,1.33,-0.04
1887,12,-1.41,-4.64,-0.06
1888,16,1.42,-38.07,-0.02
1889,15,-6.19,-3.51,-0.13
1890,12,-0.64,-4.58,1.2
1891,7,-1.27,10.48,-0.04
1892,9,-0.29,-8.67,-0.02
1893,6,-0.03,0.77,-0.02
1894,15,1.32,-37.22,-0.04
1895,7,-0.04,0.82,-0.03
1896,13,1.37,1.48,0.01
1897,10,-1.41,-6.14,-0.01
1898,6,-1.25,6.07,-0.05
1899,9,-0.29,-13.75,-0.02
1900,9,-0.05,1.37,-0.05
1901,13,-0.32,-1.53,-0.05
1902,12,-0.32,-1.47,-0.02
1903,11,-0.29,-13.54,-0.05
1904,6,-0.03,-0.3,-0.05
1905,8,-0.29,-0.27,-0.01
1906,14,1.4,-8.05,0.0
1907,14,1.38,1.56,0.01
1908,12,0.99,1.46,-0.03
1909,6,-0.03,0.83,-0.03
1910,16,1.38,-17.2,-0.18
1911,7,-0.28,-0.28,-0.04
1912,8,-0.05,1.34,-0.05
1913,13,6.93,-5.51,10.54
1914,14,-0.32,-1.42,-0.05
1915,13,-8.75,-8.23,-8.52
1916,8,-0.22,-0.31,-0.03
1917,12,0.26,1.53,-0.03
1918,12,-0.32,-8.66,-0.01
1919,8,-0.29,-0.26,-0.05
1920,16,-0.32,-1.45,-0.07
1921,18,-13.86,-1.91,-14.62
1922,11,-0.31,-8.75,-0.03
1923,14,-0.32,-1.64,-0.03
1924,6,-1.26,-1.43,-0.05
1925,15,11.79,-1.34,16.76
1926,12,0.96,1.55,-0.03
1927,14,-0.18,-4.14,7.26
1928,12,-0.28,-0.95,-0.06
1929,9,-1.33,-6.25,1.29
1930,8,-1.37,-0.55,-0.05
1931,10,-0.28,-13.2,-0.05
1932,15,-1.01,-1.1,-0.01
1933,11,-0.32,-1.39,-0.06
1934,6,-0.03,-0.3,-0.05
1935,16,-9.6,-1.18,-9.49
1936,9,-0.3,-0.31,-0.06
1937,11,-0.06,1.55,-0.03
1938,10,-0.29,-0.96,-0.05
1939,7,-0.29,-0.3,-0.07
1940,11,1.09,1.43,0.0
1941,15,1.3,-35.27,-0.01
1942,6,-0.03,-0.27,-0.03
1943,10,-2.18,-6.22,-0.57
1944,9,-0.28,-13.71,-0.05
1945,18,-8.08,-2.29,-8.07
1946,18,-6.28,-0.87,-0.12
1947,9,-0.05,1.35,-0.01
1948,12,1.23,1.46,-0.01
1949,16,-6.22,-0.15,-0.09
1950,6,-0.03,-0.3,-0.04
1951,9,-0.31,-0.32,-0.04
1952,15,1.17,-16.83,-0.01
1953,10,-1.4,-6.25,-0.03
1954,13,1.37,1.52,-0.01
1955,12,-1.45,-5.3,-0.04
1956,8,-0.05,1.4,-0.02
1957,16,1.33,-36.97,-0.02
1958,8,-0.28,-0.26,-0.05
1959,14,0.53,1.56,-0.03
1960,11,0.21,1.56,-0.03
1961,6,-0.29,-0.29,-0.02
1962,16,-0.98,-1.78,-0.04
1963,10,-1.42,-6.2,0.16
1964,12,0.38,1.56,-0.01
1965,18,-13.89,-2.09,-14.56
1966,14,1.43,-23.22,-0.03
1967,15,1.41,-25.43,-0.2
1968,7,-0.14,-0.3,-0.06
1969,6,-0.28,-0.27,-0.02
1970,13,2.58,-2.3,5.11
1971,12,-0.29,-1.03,-0.02
1972,13,-6.18,-0.73,-0.09
1973,16,-0.99,-1.12,-0.47
1974,14,1.33,-27.68,-0.0
1975,18,-13.77,-2.25,-14.28
1976,12,-0.07,1.48,-0.03
1977,11,-0.32,-8.79,-0.03
1978,7,-0.28,-0.27,-0.03
1979,16,1.33,-18.25,-0.01
1980,13,1.02,-2.66,-0.03
1981,15,-5.41,-4.31,-0.09
1982,6,-0.03,1.32,-0.04
1983,6,-0.03,-0.29,-0.05
1984,17,-0.27,-1.82,-0.03
1985,7,-0.04,-0.31,-0.03
1986,10,-1.34,-6.22,-0.04
1987,7,-0.04,1.37,-0.04
1988,16,-0.98,-2.74,-0.02
1989,7,-0.28,-0.28,-0.02
1990,17,1.39,-38.0,-0.0
1991,15,-1.32,-1.82,0.29
1992,6,-1.29,-1.36,-0.03
1993,17,-8.61,-1.47,-8.72
1994,7,-1.26,14.42,-0.02
1995,9,-0.05,1.35,-0.02
1996,6,-1.25,-2.03,-0.02
1997,7,-1.27,-1.01,-0.03
1998,11,-0.06,1.43,-0.04
1999,13,-13.88,-2.04,-14.53
2000,7,-0.29,-0.3,-0.02
2001,18,1.5,-31.9,-0.37
2002,7,-1.31,-2.23,-0.02
2003,16,-5.65,-1.72,-0.09
2004,16,17.48,-0.8,27.77
2005,18,1.33,-22.77,-0.02
2006,12,-0.29,-1.02,-0.03
2007,14,1.47,1.57,-0.05
2008,12,-1.38,-5.94,-0.0
2009,15,-6.28,-3.03,-0.09
2010,13,-0.32,-8.16,-0.03
2011,14,1.22,-37.06,-0.01
2012,18,-6.15,-0.71,-0.12
2013,8,-0.05,1.34,-0.03
2014,15,-0.28,-1.13,-0.8
2015,13,-0.28,-0.97,-0.57
2016,12,-0.32,-8.44,-0.04
2017,18,-12.78,-2.24,-13.0
2018,12,-0.32,-1.39,-0.03
2019,17,-6.27,-0.73,-0.1
2020,17,1.33,-31.49,-0.03
2021,16,-4.68,-0.55,-0.08
2022,18,17.43,-1.86,27.58
2023,12,0.54,1.45,-0.04
2024,17,-13.3,-2.56,-13.64
2025,6,-0.03,0.88,-0.02
2026,11,-0.31,-8.37,-0.03
2027,14,-0.11,-3.74,7.07
2028,8,-0.05,1.35,-0.05
2029,7,-1.35,1.29,-0.02
2030,6,-1.08,-1.4,-0.02
2031,8,1.27,1.33,-0.02
2032,15,10.93,-2.13,16.47
2033,12,1.32,1.52,-0.04
2034,15,-0.32,-1.59,-0.11
2035,7,-0.04,1.33,-0.02
2036,7,-0.3,-0.3,-0.02
2037,10,-0.31,-0.32,-0.05
2038,9,-0.28,-7.59,-0.02
2039,7,-1.27,-3.02,-0.04
2040,6,-0.03,0.77,-0.05
2041,13,-0.32,-8.41,-0.04
2042,15,1.3,-30.2,-0.03
2043,16,1.47,-6.83,-0.01
2044,11,1.31,1.45,-0.03
2045,9,0.59,1.34,-0.05
2046,16,-0.99,-1.33,-0.02
2047,15,-0.75,-4.54,6.46
2048,18,-13.45,-2.17,-14.56
2049,14,1.32,-2.98,-0.01
2050,15,-1.15,-2.86,6.08
2051,18,-8.78,-1.53,-8.76
2052,6,-1.27,-1.34,-0.0
2053,16,-0.32,-1.41,-0.1
2054,6,-0.03,-0.29,-0.02
2055,16,-0.32,-1.63,-1.13
2056,16,9.68,-1.42,14.56
2057,7,-0.28,-12.93,-0.05
2058,7,-0.04,-0.3,-0.05
2059,13,-1.44,-4.35,-0.03
2060,6,-1.26,10.5,-0.03
2061,11,11.9,-4.13,18.01
2062,8,-3.55,17.45,-2.0
2063,14,-0.29,-1.04,-0.74
2064,13,-6.23,-5.52,-0.08
2065,10,-0.06,1.38,-0.02
2066,14,-0.27,-0.99,-0.09
2067,18,-0.33,-1.59,-0.05
2068,17,-5.95,-0.79,-0.12
2069,9,0.75,1.43,-0.04
2070,7,-0.28,-0.27,-0.02
2071,9,-1.34,0.19,8.03
2072,11,-0.32,-1.38,-0.04
2073,11,-1.44,-5.95,0.1
2074,17,1.57,-31.53,-7.1
2075,12,0.15,1.41,-0.01
2076,16,-6.14,-0.71,-0.08
2077,6,-0.03,-0.03,-0.06
2078,6,-0.03,-0.3,-0.02
2079,7,-0.04,1.32,-0.05
2080,18,-6.25,-0.17,-0.1
2081,17,-0.27,-2.46,-0.02
2082,10,-1.34,-6.14,-0.04
2083,16,-0.32,-1.52,-0.3
2084,13,-6.22,-2.09,-0.14
2085,11,-0.28,-1.14,-0.02
2086,16,-13.18,-1.12,-13.21
2087,7,-0.28,-0.26,-0.02
2088,14,1.33,-5.38,-0.03
2089,10,-0.31,-2.31,-0.04
2090,8,-0.3,-0.31,-0.04
2091,6,-0.03,-0.29,-0.02
2092,13,1.35,1.51,-0.03
2093,14,1.35,-8.03,-0.04
2094,15,1.24,-26.03,-0.03
2095,8,-0.29,-13.83,-0.05
2096,11,-6.26,-2.94,-0.07
2097,16,-0.32,-1.59,-0.01
2098,17,1.49,-26.93,-0.36
2099,12,-0.29,-13.75,-0.05
2100,16,-0.32,-1.49,-0.56
2101,12,-0.07,1.46,-0.04
2102,11,-0.28,-5.63,-0.06
2103,6,-1.26,12.21,-0.02
2104,15,14.21,-3.14,23.93
2105,17,-1.93,-0.78,5.15
2106,9,-0.29,-1.23,-0.04
2107,7,-1.28,1.5,-0.02
2108,16,-7.72,-1.48,-7.75
2109,13,-0.28,-1.0,-0.02
2110,12,-0.31,-8.01,-0.01
2111,17,1.51,-33.99,-0.05
2112,18,1.53,-34.55,0.0
2113,10,-0.28,-12.8,-0.03
2114,16,-6.13,-0.32,-0.08
2115,13,1.34,1.53,-0.03
2116,14,1.36,1.54,-0.04
2117,16,-13.88,-2.57,-14.39
2118,8,-0.28,-0.27,-0.04
2119,6,-0.28,-0.28,-0.02
2120,7,-0.04,-0.27,-0.02
2121,14,-8.78,-1.37,-8.61
2122,7,-0.04,-0.3,-0.05
2123,9,-1.35,-6.25,1.5
2124,7,-0.3,-0.3,-0.06
2125,6,-1.26,-1.41,-0.05
2126,7,-1.29,2.39,-0.04
2127,17,17.23,-2.56,24.05
2128,7,-0.04,1.32,-0.03
2129,9,-0.31,-8.78,-0.04
2130,8,-0.29,-9.67,-0.03
2131,11,15.29,-6.23,24.45
2132,11,-0.64,-6.25,14.6
2133,18,-5.05,-2.69,-0.09
2134,7,-0.04,1.32,-0.01
2135,17,17.46,-1.22,25.7
2136,10,-0.06,1.37,-0.04
2137,17,-1.02,-1.72,-0.05
2138,10,11.53,-3.86,21.0
2139,12,-3.53,-4.65,-2.19
2140,17,-4.28,-1.6,-4.16
2141,18,1.44,-34.57,-0.05
2142,17,-13.89,-2.43,-14.59
2143,16,-0.33,-1.56,-0.03
2144,13,1.35,1.51,-0.01
2145,8,-0.28,-0.28,-0.04
2146,9,-0.31,-0.32,-0.03
2147,11,-0.28,-13.88,-0.04
2148,6,-0.03,1.05,-0.04
2149,14,1.32,-26.91,-0.01
2150,10,-0.06,1.41,-0.02
2151,10,1.33,0.01,-0.04
2152,13,-6.27,-2.4,-0.08
2153,12,1.31,-15.41,-0.04
2154,13,-0.27,-1.41,-0.02
2155,8,-0.29,-13.14,-0.03
2156,11,4.75,-5.54,10.32
2157,12,4.09,-4.95,7.05
2158,6,-0.03,-0.3,-0.03
2159,7,-1.28,-1.42,-0.05
2160,18,-7.58,-1.52,-7.37
2161,9,-0.07,-0.32,-0.03
2162,13,-0.27,-1.27,-0.03
2163,6,-0.28,-0.27,-0.04
2164,11,0.27,1.53,-0.03
2165,18,-13.89,-1.68,-14.03
2166,18,-8.21,-1.49,-7.64
2167,16,1.33,-36.92,-0.02
2168,7,-1.26,2.79,-0.04
2169,13,1.32,1.54,-0.01
2170,16,1.35,-21.69,-0.04
2171,11,1.31,1.41,-0.02
2172,12,-1.36,-4.43,-0.04
2173,17,1.72,-0.81,9.49
2174,6,-1.29,-1.37,-0.03
2175,8,-0.29,-0.27,-0.04
2176,18,-0.32,-1.71,-0.06
2177,11,-0.28,-2.27,-0.04
2178,7,-0.04,1.33,-0.04
2179,6,-0.03,-0.3,-0.03
2180,11,-0.27,-13.75,-0.02
2181,8,0.44,1.32,-0.02
2182,18,1.54,-18.73,-0.6
2183,10,-0.28,-0.94,-0.01
2184,13,-0.28,-0.97,-0.54
2185,12,-0.27,-0.98,-10.13
2186,9,-1.39,-5.75,-0.06
2187,18,12.62,0.01,22.26
2188,9,-1.34,-5.97,-0.01
2189,6,-1.27,-1.34,-0.03
2190,16,5.74,-1.76,14.26
2191,8,-0.29,-3.53,-0.04
2192,11,-0.31,-7.18,-0.05
2193,12,-0.32,-8.79,-0.03
2194,18,-0.32,-1.5,-0.07
2195,17,-8.45,-2.73,-8.53
2196,13,1.4,-29.44,-0.02
2197,15,-5.22,-1.23,-5.21
2198,14,-0.29,-1.12,-0.05
2199,7,-0.28,-1.47,-0.01
2200,12,1.22,1.54,-0.03
2201,9,-0.05,1.38,-0.02
2202,17,1.44,7.52,-0.04
2203,14,-3.77,-3.85,2.84
2204,8,-0.28,-0.28,-0.04
2205,16,-0.28,-1.16,-0.07
2206,15,-0.32,-1.55,-3.64
2207,11,-1.33,-5.66,-0.03
2208,6,-0.03,-0.27,-0.02
2209,13,16.69,-5.05,25.86
2210,9,-0.05,-8.47,-0.03
2211,15,1.49,-18.19,-0.01
2212,9,-1.39,-3.25,-0.01
2213,18,1.38,-30.02,-0.05
2214,12,-6.27,-5.91,0.24
2215,14,-0.27,-1.0,-0.02
2216,16,1.38,-36.26,-0.02
2217,9,-0.31,-0.31,-0.04
2218,15,-0.32,-1.43,-0.05
2219,7,-0.28,-0.27,-0.03
2220,10,-0.31,-0.32,-0.05
2221,10,1.33,1.38,-0.05
2222,8,-0.05,1.33,-0.03
2223,10,9.96,-6.26,16.29
2224,18,-6.26,-0.75,-0.1
2225,15,-5.91,0.05,-0.13
2226,13,1.34,1.52,-0.01
2227,15,-0.96,-1.2,-0.06
2228,17,-8.79,-1.53,-8.84
2229,18,-0.32,-1.55,-4.24
2230,13,-0.32,-8.6,-0.02
2231,8,-0.3,-0.31,-0.03
2232,16,-0.28,-1.49,-0.04
2233,18,-6.25,-2.59,-0.08
2234,14,-8.73,-3.51,-8.79
2235,14,-0.32,-1.5,-0.05
2236,13,-5.7,-0.97,-6.2
2237,10,-0.3,-13.56,-0.03
2238,7,-0.29,-0.31,-0.01
2239,17,1.37,-31.83,0.01
2240,12,-1.43,-5.26,0.27
2241,16,-6.03,-3.38,-0.08
2242,16,1.33,-36.91,-0.01
2243,16,-5.18,-1.6,-5.15
2244,9,-0.31,-0.32,0.01
2245,18,-8.79,-1.79,-8.68
2246,13,6.64,-5.17,4.9
2247,18,-0.97,-2.27,-0.04
2248,15,-0.32,-1.41,-0.66
2249,12,-0.32,-1.51,-0.06
2250,7,-0.04,-0.31,-0.04
2251,6,-0.03,-0.27,-0.02
2252,11,-0.29,-1.01,-0.05
2253,16,-13.3,-1.1,-13.67
2254,10,-0.29,-13.86,-0.03
2255,18,-6.04,-0.2,-0.11
2256,9,-0.32,-0.32,-0.03
2257,13,-2.1,-0.99,-6.72
2258,8,-1.37,-5.9,-0.04
2259,11,-0.28,-13.34,-0.02
2260,16,-0.27,-1.36,-0.02
2261,11,-0.28,-1.02,-0.05
2262,8,-0.3,-0.31,-0.02
2263,13,15.69,-4.78,23.52
2264,18,-7.86,-2.29,-7.85
2265,8,-0.05,1.37,-0.05
2266,10,-1.31,-6.25,0.0
2267,17,1.44,-31.21,-0.03
2268,12,1.35,1.42,-0.01
2269,13,-1.28,-1.03,-2.19
2270,11,-0.31,-8.76,-0.03
2271,10,-0.28,-7.48,-0.0
2272,16,-6.18,-1.99,-0.08
2273,11,1.33,1.42,-0.04
2274,7,-0.3,-0.31,-0.03
2275,11,8.73,-1.38,12.27
2276,18,1.34,-17.59,-0.01
2277,17,-8.78,-1.55,-8.7
2278,12,-1.31,-4.44,0.42
2279,12,0.5,1.53,-0.04
2280,6,-0.29,-0.3,-0.05
2281,10,-0.06,1.37,-0.03
2282,7,-0.04,1.32,-0.03
2283,7,-1.27,12.44,-0.05
2284,18,-3.9,-1.54,-0.07
2285,14,-3.05,-8.29,-1.56
2286,10,-0.31,-8.71,-0.04
2287,9,-0.29,-13.88,-0.04
2288,10,-1.38,-5.65,-0.02
2289,6,-0.03,-0.3,-0.02
2290,7,-0.04,-0.31,-0.02
2291,7,-0.04,1.32,-0.04
2292,10,-0.29,-13.6,-0.02
2293,17,-7.21,-1.59,-5.12
2294,13,1.31,-0.99,-0.02
2295,9,-1.36,-5.51,-0.03
2296,10,1.31,1.34,-0.0
2297,6,-0.03,-0.27,-0.04
2298,13,-2.3,-1.03,-2.23
2299,7,-1.34,6.52,-0.07
2300,7,-0.28,-0.26,-0.02
2301,12,-0.28,-0.96,-1.84
2302,7,-0.04,1.34,-0.04
2303,9,-0.28,-13.87,-0.04
2304,13,3.25,-5.1,5.82
2305,14,-0.32,-1.47,-0.12
2306,9,-1.29,13.86,-0.05
2307,6,-0.03,-0.03,-0.03
2308,7,-1.27,3.33,-0.07
2309,16,-0.33,-1.53,-0.08
2310,7,-0.04,1.3,-0.03
2311,7,-0.04,1.36,-0.01
2312,7,-0.04,1.32,-0.05
2313,10,-0.31,-0.32,-0.04
2314,10,-0.31,-8.7,-0.04
2315,8,-0.28,-13.85,-0.02
2316,9,-0.29,-12.86,-0.05
2317,8,-0.31,-0.31,-0.0
2318,6,-0.03,-0.29,-0.04
2319,12,1.36,1.44,0.02
2320,6,-1.25,-1.41,-0.03
2321,11,-0.06,1.44,-0.04
2322,15,-6.25,-3.86,-0.09
2323,16,-0.28,-1.27,-0.05
2324,16,-0.98,-1.42,-0.04
2325,7,-0.04,-0.3,-0.03
2326,18,1.34,-35.46,-0.03
2327,6,-0.28,-0.29,-0.03
2328,11,-0.28,-13.79,-0.03
2329,9,-0.05,1.38,-0.03
2330,15,1.37,-34.97,-0.02
2331,14,-0.32,-1.37,-0.04
2332,17,-5.47,-1.08,-0.1
2333,17,-13.81,-1.33,-13.66
2334,8,-0.06,-0.31,-0.03
2335,12,-0.29,-2.93,-0.04
2336,6,-1.25,-1.38,-0.05
2337,12,-0.32,-8.37,-0.03
2338,7,-1.34,-1.06,-0.07
2339,9,-0.28,-2.57,-0.04
2340,16,1.35,-37.35,-0.04
2341,11,9.89,-6.05,14.87
2342,11,-0.27,-5.61,-0.3
2343,6,-0.03,1.31,-0.02
2344,7,-1.25,17.35,-0.02
2345,15,-10.99,-1.28,-8.77
2346,16,-0.32,-1.65,-0.03
2347,13,1.31,1.47,0.0
2348,12,3.9,-6.14,11.04
2349,14,5.93,-4.16,14.44
2350,17,14.79,-0.36,22.73
2351,13,-0.32,-7.46,-0.02
2352,8,-1.38,-2.2,-0.05
2353,11,1.24,-33.52,-0.01
2354,12,1.33,1.46,-0.01
2355,7,-0.28,-0.28,-0.04
2356,16,-0.32,-1.5,-0.06
2357,11,-0.31,-8.72,-0.05
2358,12,-0.32,-8.68,-0.05
2359,10,-0.31,-0.32,-0.05
2360,16,1.32,-32.87,-0.03
2361,14,0.67,-2.89,-0.04
2362,6,-1.25,11.35,-0.06
2363,18,-13.85,-2.26,-12.5
2364,15,-13.89,-1.18,-12.63
2365,10,-1.36,-6.13,-0.01
2366,11,-0.31,-8.18,-0.04
2367,10,1.32,1.33,-0.04
2368,17,1.5,-32.63,-0.02
2369,14,1.31,1.53,-0.02
2370,16,16.25,-2.02,25.35
2371,15,-0.32,-1.46,-0.95
2372,12,2.51,-5.36,2.85
2373,9,-0.05,1.38,-0.05
2374,7,-0.29,-0.3,-0.04
2375,8,-1.32,8.01,-0.06
2376,14,13.06,-3.83,10.28
2377,11,1.16,1.46,-0.04
2378,14,-0.32,-1.36,-0.06
2379,6,-1.25,-1.36,-0.06
2380,9,-0.29,-10.16,-0.01
2381,11,-0.29,-13.68,-0.02
2382,9,-1.29,-6.04,-0.04
2383,13,-0.32,-1.37,-0.34
2384,11,-0.06,1.49,-0.05
2385,10,-0.28,-6.25,-0.02
2386,11,-0.28,-0.97,-0.19
2387,10,-0.31,-0.32,0.0
2388,18,-5.83,-0.33,-0.08
2389,10,-0.32,-0.32,-0.01
2390,12,-0.29,-0.96,-0.14
2391,6,-0.29,-0.3,-0.06
2392,18,1.49,-17.93,-6.57
2393,6,-0.03,1.01,-0.03
2394,11,-0.06,1.51,-0.03
2395,15,-0.32,-1.38,-0.05
2396,13,-0.28,-5.03,-0.06
2397,16,-12.26,-1.0,-13.59
2398,17,10.84,-2.17,16.36
2399,14,1.18,-9.78,-0.03
2400,13,13.61,-4.52,23.25
2401,15,-0.28,-1.26,-0.03
2402,15,-0.28,-1.36,-0.03
2403,16,-5.34,-3.61,-0.28
2404,18,-3.96,-1.58,-0.07
2405,7,-1.33,2.9,-0.06
2406,11,1.32,1.55,-0.03
2407,17,-6.26,-1.16,-0.13
2408,6,-0.03,0.46,-0.03
2409,10,-1.42,-6.2,0.56
2410,16,-13.46,-2.71,-13.85
2411,8,-1.28,16.96,-0.03
2412,9,-0.31,-0.31,-0.03
2413,16,1.32,-19.15,-0.01
2414,15,-0.99,-1.2,-0.04
2415,14,-0.96,-1.2,-0.05
2416,17,-0.97,-1.18,-0.05
2417,8,-0.3,-8.78,-0.03
2418,15,-0.32,-1.48,-0.12
2419,16,-0.97,-1.27,-0.02
2420,8,-1.31,-6.21,-0.03
2421,11,1.35,1.41,-0.0
2422,15,-0.32,-1.37,-6.14
2423,15,-0.27,-1.42,-0.04
2424,6,-0.28,-0.27,-0.01
2425,10,-0.29,-13.4,-0.02
2426,8,-1.32,15.34,-0.02
2427,10,-0.29,-13.7,-0.03
2428,9,-1.35,-5.74,-0.05
2429,6,-0.03,-0.3,-0.05
2430,18,1.4,-17.81,-0.41
2431,14,1.35,-19.56,0.01
2432,11,-0.27,-13.66,-2.5
2433,8,-0.05,1.33,-0.03
2434,15,-10.87,-1.51,-10.82
2435,11,8.19,-6.26,18.94
2436,13,-0.32,-7.96,-0.02
2437,9,-0.3,-0.32,-0.03
2438,9,-0.29,-10.6,-0.05
2439,12,-1.43,-3.77,-0.04
2440,6,-0.28,-0.26,-0.03
2441,16,-1.0,-1.45,-0.06
2442,8,0.02,1.38,-0.04
2443,8,-0.3,-0.32,-0.05
2444,10,-0.28,-12.73,-0.06
2445,7,-0.04,-0.3,-0.01
2446,12,-0.28,-13.89,0.0
2447,13,-12.97,-0.98,-13.34
2448,18,1.34,7.51,-47.37
2449,6,-0.03,-0.3,-0.02
2450,8,-0.05,1.45,-0.05
2451,14,-0.32,-1.64,-0.05
2452,10,-0.28,-13.26,-0.02
2453,14,3.02,-0.45,11.07
2454,13,1.3,1.55,-0.04
2455,15,1.32,-14.01,-0.02
2456,13,1.33,1.54,-0.03
2457,7,-0.04,-0.31,-0.03
2458,18,-6.21,-0.79,-0.12
2459,11,-0.31,-8.74,-0.03
2460,15,15.2,-3.32,23.4
2461,13,1.41,1.56,-0.01
2462,10,-0.29,-0.95,-0.04
2463,9,-1.38,16.79,-0.05
2464,12,-0.31,-8.09,-0.03
2465,16,-0.27,-1.22,-0.05
2466,12,-0.32,-7.78,-0.02
2467,14,-0.28,-1.33,-0.19
2468,17,-0.97,-2.73,-0.09
2469,14,13.04,-3.86,19.79
2470,16,-10.48,-2.37,-3.54
2471,6,-0.28,-0.27,-0.05
2472,12,-6.24,-5.85,-0.11
2473,17,-7.19,-36.85,-5.41
2474,12,-0.32,-1.36,-0.03
2475,15,1.39,1.54,-0.0
2476,10,-0.31,-0.75,-0.04
2477,12,-0.29,-13.38,-0.02
2478,16,1.55,7.27,-0.03
2479,13,4.81,-4.73,7.98
2480,14,-0.28,-1.09,-0.09
2481,10,-0.06,1.37,-0.04
2482,7,-1.25,14.31,-0.02
2483,13,-0.04,-4.65,1.92
2484,11,-1.41,-6.09,-0.03
2485,13,-0.32,-1.46,-1.08
2486,8,-0.05,1.34,-0.04
2487,6,-0.03,-0.3,-0.06
2488,9,-0.31,-8.73,-0.05
2489,13,-13.85,-0.96,-14.66
2490,17,9.78,-1.37,18.97
2491,10,-0.28,-5.85,-0.03
2492,6,-0.28,-0.27,-0.02
2493,18,1.47,-25.15,-0.56
2494,15,1.31,-37.58,-0.0
2495,7,-1.27,4.26,-0.04
2496,7,-0.28,-0.28,-0.03
2497,13,3.0,-1.17,5.65
2498,13,0.73,-3.4,2.86
2499,12,-0.32,-8.42,-0.03
2500,6,-0.28,-0.27,-0.04
2501,11,-0.31,-7.16,-0.02
2502,16,-6.21,-2.4,-0.08
2503,13,1.31,1.55,-0.05
2504,6,-0.03,0.83,-0.05
2505,7,-0.04,-0.3,-0.05
2506,14,-6.0,-7.71,-7.24
2507,12,-13.1,-0.96,-13.66
2508,6,-0.03,1.32,-0.03
2509,18,-0.32,-1.63,-0.05
2510,17,13.85,-0.23,23.69
2511,8,-0.3,-0.31,-0.05
2512,7,-1.26,10.76,-0.05
2513,9,-1.37,-3.88,4.47
2514,14,1.36,-3.19,-0.03
2515,16,-5.13,-3.67,-0.1
2516,15,17.19,-2.71,22.16
2517,15,17.06,-2.55,26.94
2518,17,-5.58,-0.81,0.73
2519,7,-0.28,-13.0,-0.04
2520,10,-0.31,-0.32,-0.01
2521,17,1.53,-36.66,0.01
2522,6,-0.03,-0.3,-0.04
2523,9,-0.05,1.38,-0.04
2524,12,-0.29,-0.95,-0.03
2525,9,-0.05,1.35,-0.03
2526,12,-1.41,-3.25,-0.05
2527,7,-1.28,0.98,-0.05
2528,9,-1.3,2.72,-0.03
2529,7,-0.04,-0.3,-0.02
2530,14,-8.67,-7.83,-7.71
2531,12,0.74,-10.6,-0.01
2532,17,-1.01,-1.85,-0.07
2533,15,0.52,-0.57,8.11
2534,16,1.32,-36.15,0.0
2535,16,-13.87,-1.27,-14.25
2536,8,-0.3,-0.32,-0.04
2537,17,1.35,-29.04,-0.01
2538,11,1.31,-14.96,-0.04
2539,7,-0.28,-0.27,-0.05
2540,17,1.47,-35.61,-0.04
2541,8,-0.05,1.32,-0.01
2542,11,-0.31,-8.78,-0.04
2543,9,-0.05,1.35,-0.02
2544,18,1.4,-14.92,-0.04
2545,16,-0.27,-2.73,-0.05
2546,7,-0.04,1.32,-0.04
2547,8,-0.3,-0.32,-0.04
2548,11,-1.43,-6.06,0.24
2549,12,1.35,1.46,-0.04
2550,15,1.43,-9.58,0.0
2551,16,-0.32,-2.21,-0.04
2552,10,-0.32,-8.73,-0.06
2553,7,-0.28,-0.27,-0.06
2554,12,4.11,-5.47,7.05
2555,8,-0.09,-0.31,-0.01
2556,18,-0.64,-2.26,-0.04
2557,18,-0.32,-2.28,-0.05
2558,17,-6.16,-0.61,-0.11
2559,16,-0.28,-1.16,-0.19
2560,18,-0.32,-1.65,-0.03
2561,15,6.69,-2.79,15.38
2562,16,1.49,-28.42,-0.01
2563,18,-1.43,-2.08,-0.07
2564,17,-12.94,-2.58,-13.23
2565,13,-0.32,-8.2,-0.03
2566,18,-12.96,-2.3,-10.19
2567,14,-0.32,-1.41,-0.03
2568,11,1.32,1.4,-0.05
2569,9,-0.05,1.35,-0.04
2570,13,-5.58,-1.02,-7.18
2571,13,-8.79,-7.67,-8.8
2572,16,-2.1,-1.61,-1.87
2573,10,-0.06,1.4,-0.05
2574,8,-0.05,-0.32,-0.05
2575,15,-6.26,-2.69,-0.1
2576,15,1.33,-34.86,-0.01
2577,17,1.47,-18.94,-0.02
2578,14,1.36,1.57,-0.04
2579,11,-3.26,-6.09,-1.31
2580,7,-0.04,0.79,-0.01
2581,11,-0.29,-1.12,-0.02
2582,6,-1.29,-1.4,-0.04
2583,6,-0.29,-0.3,-0.04
2584,17,-0.32,-1.66,-0.04
2585,8,-0.05,1.32,-0.06
2586,15,1.86,-3.94,4.24
2587,8,-0.05,1.32,-0.02
2588,18,-13.81,-2.59,-6.51
2589,12,1.31,1.43,-0.03
2590,6,-1.25,-1.36,-0.06
2591,12,-1.38,-5.35,-0.03
2592,12,-0.32,-1.45,-0.04
2593,15,1.32,-9.81,-0.03
2594,13,-0.32,-1.49,-0.05
2595,11,-0.31,-1.42,-0.06
2596,16,-5.63,-1.57,-5.52
2597,15,-0.32,-1.48,-0.05
2598,18,-5.26,-1.42,-0.07
2599,15,1.48,-22.27,-0.02
2600,15,1.99,-3.83,4.39
2601,15,-13.81,-1.86,-14.65
2602,6,-0.03,0.15,-0.05
2603,11,-0.28,-13.87,-0.03
2604,17,-0.59,-1.84,-0.38
2605,12,-0.32,-8.77,-0.03
2606,11,-0.27,-13.36,-2.15
2607,9,-0.05,1.35,-0.03
2608,14,1.32,-32.22,-0.04
2609,11,-0.32,-8.51,-0.01
2610,13,-4.7,-1.1,-6.18
2611,17,-5.74,-3.77,-0.09
2612,12,-0.31,-7.41,-0.02
2613,9,-0.27,-5.29,-0.06
2614,16,-11.32,-1.27,-5.24
2615,12,-0.32,-8.36,-0.04
2616,10,1.32,1.36,0.0
2617,11,8.89,-6.26,15.6
2618,18,-4.83,-1.07,-0.07
2619,8,-1.28,-6.25,-0.05
2620,6,-1.29,-1.37,-0.09
2621,10,-0.28,-13.88,-0.06
2622,14,-0.29,-1.12,-0.13
2623,13,4.46,-3.61,7.54
2624,15,10.07,-1.25,15.23
2625,18,-0.33,-1.75,-0.05
2626,15,1.32,-20.66,-0.02
2627,8,-1.27,-6.24,-0.03
2628,7,-1.28,-2.46,-0.06
2629,7,-1.37,0.53,-0.01
2630,13,-0.32,-1.62,-0.02
2631,7,-0.28,-0.28,-0.03
2632,9,-0.31,-0.32,-0.0
2633,6,-0.06,-0.27,-0.04
2634,18,-4.33,-0.71,-0.11
2635,13,4.82,-4.51,2.33
2636,9,-0.05,1.42,-0.05
2637,15,1.3,-3.44,-0.04
2638,10,-0.28,-13.88,-0.05
2639,12,1.12,-25.05,-0.03
2640,11,-0.28,-13.79,-0.06
2641,7,-1.28,1.31,-0.06
2642,13,-12.88,-0.98,-13.21
2643,13,-0.32,-1.38,-3.29
2644,14,-0.27,-1.22,-0.05
2645,9,-0.29,-13.11,-0.05
2646,13,-1.42,-5.58,1.37
2647,7,-1.32,8.09,-0.04
2648,8,-1.33,5.14,-0.04
2649,6,-0.28,-0.27,-0.07
2650,15,-1.02,-2.73,-0.09
2651,14,-13.89,-1.8,-14.57
2652,17,1.31,-37.2,-0.01
2653,17,1.55,-36.53,-0.41
2654,8,-0.3,-0.31,-0.02
2655,9,-1.4,16.77,0.71
2656,17,-13.85,-1.44,-8.47
2657,14,-0.28,-2.09,-0.03
2658,11,1.31,1.55,-0.01
2659,10,-1.39,-6.25,0.21
2660,10,-0.31,-8.3,-0.01
2661,7,-0.28,-0.28,-0.04
2662,17,-0.32,-1.61,-0.1
2663,15,-6.27,-3.75,-0.1
2664,9,-1.43,-6.17,1.14
2665,18,-8.43,-2.21,-8.47
2666,14,15.68,-0.22,24.33
2667,11,3.27,-5.71,5.99
2668,7,-0.3,-0.3,-0.06
2669,14,-0.28,-1.0,-0.04
2670,11,0.41,1.42,-0.01
2671,6,-0.03,-0.27,-0.05
2672,14,1.34,1.55,-0.04
2673,9,-0.3,-0.31,-0.03
2674,14,-0.27,-0.97,-0.07
2675,16,-11.29,-1.36,-11.24
2676,7,-0.04,1.36,-0.04
2677,15,-11.08,-1.26,-11.86
2678,8,-0.29,-0.27,-0.05
2679,12,1.37,1.52,-0.02
2680,6,-0.28,-0.27,-0.03
2681,6,-0.03,0.96,-0.03
2682,15,-5.87,-3.9,-0.09
2683,11,-0.29,-13.69,-0.03
2684,16,-6.15,-4.06,-0.12
2685,14,-0.32,-1.39,-0.32
2686,17,1.31,-36.32,-0.0
2687,9,-0.31,-8.72,-0.02
2688,11,0.24,1.41,-0.0
2689,12,-0.31,-1.37,-0.06
2690,14,1.32,-32.88,-0.03
2691,13,-0.32,-8.4,-0.06
2692,12,-6.22,-5.92,-0.11
2693,18,-6.28,-0.68,-0.12
2694,10,-0.28,-13.86,-0.05
2695,14,-0.27,-1.14,-0.03
2696,17,-8.05,-1.58,-8.02
2697,10,-1.34,-6.26,-0.01
2698,12,17.48,-5.57,22.13
2699,18,-0.33,-1.65,-0.05
2700,16,1.42,-19.17,-0.03
2701,8,-1.3,16.21,-0.02
2702,16,1.32,-37.66,-0.02
2703,14,-0.32,-7.75,-2.15
2704,8,-1.4,3.35,-0.02
2705,17,-7.35,-2.17,-7.23
2706,6,-0.03,0.78,-0.02
2707,7,-0.04,1.17,-0.04
2708,12,1.34,1.53,-0.03
2709,11,-0.29,-13.87,-0.04
2710,18,-12.91,-2.62,-13.18
2711,9,-0.29,-0.26,-0.05
2712,11,-1.41,-5.3,-0.05
2713,9,-1.32,-6.15,-0.04
2714,8,-0.05,1.42,-0.03
2715,11,-1.39,-6.08,0.59
2716,14,-0.32,-1.58,-0.01
2717,14,-13.34,-2.04,-13.74
2718,16,-13.32,-2.74,-14.54
2719,12,-0.31,-7.98,-0.06
2720,8,-0.3,-0.31,-0.01
2721,18,1.38,7.41,-1.01
2722,13,10.59,-4.4,15.98
2723,8,-0.28,-0.27,-0.03
2724,8,1.05,1.32,-0.05
2725,7,-0.04,1.36,-0.06
2726,14,-0.28,-1.0,-1.28
2727,15,1.33,-21.69,-0.05
2728,8,-0.05,1.35,-0.05
2729,14,-9.63,-1.14,-9.8
2730,6,-0.03,1.01,-0.03
2731,16,1.32,-27.23,-0.03
2732,9,-0.31,-0.31,-0.02
2733,11,1.31,1.44,-0.03
2734,12,-0.32,-8.36,-0.03
2735,6,-0.28,-0.28,-0.01
2736,8,-0.05,1.33,-0.01
2737,13,-13.68,-0.98,-14.25
2738,11,-1.37,-5.66,6.7
2739,7,-1.27,-3.51,-0.02
2740,13,-0.32,-8.11,-0.03
2741,17,-1.59,-2.74,-1.41
2742,10,-1.38,-6.18,-0.03
2743,12,-0.31,-7.51,-0.04
2744,14,-0.32,-7.6,-0.01
2745,16,-0.28,-1.46,-0.02
2746,11,-1.38,-5.54,0.07
2747,14,1.35,-13.86,0.01
2748,7,-1.29,-2.18,-0.03
2749,11,1.33,-11.34,-0.05
2750,12,-0.31,-7.39,-0.01
2751,10,-0.32,-0.32,-0.06
2752,11,0.31,1.47,-0.03
2753,14,1.02,-13.38,-0.04
2754,11,0.97,1.41,-0.03
2755,13,1.24,-33.01,-0.04
2756,6,-0.25,-0.28,-0.03
2757,12,1.34,1.47,-0.02
2758,7,-0.04,1.32,-0.04
2759,9,-0.31,-8.51,-0.03
2760,18,1.41,7.3,-0.01
2761,13,-0.32,-1.42,-0.04
2762,7,-0.04,1.32,-0.03
2763,17,1.39,-9.94,-0.05
2764,7,-1.31,0.74,-0.06
2765,10,-0.06,1.4,-0.05
2766,9,-1.29,8.04,-0.04
2767,15,-0.28,-2.25,-0.02
2768,14,-0.32,-1.41,-0.05
2769,15,9.49,-2.82,18.3
2770,9,-0.05,1.35,-0.03
2771,11,-0.27,-13.55,-0.26
2772,9,-0.3,-0.32,-0.02
2773,11,-0.28,-13.88,-0.03
2774,17,1.33,3.53,-0.03
2775,6,-0.03,1.32,-0.01
2776,6,-0.03,-0.03,-0.03
2777,6,-0.03,0.74,-0.05
2778,7,-0.04,1.26,-0.02
2779,9,-0.05,1.36,-0.03
2780,11,-0.32,-1.87,-0.06
2781,18,1.37,-25.14,-0.04
2782,8,-0.3,-0.31,-0.05
2783,8,-0.29,-4.95,-0.02
2784,14,-0.28,-1.01,-0.33
2785,16,-5.73,0.07,-0.11
2786,10,1.31,1.41,-0.05
2787,17,1.32,-5.39,-0.03
2788,17,-7.83,-1.49,-7.57
2789,10,1.33,1.38,-0.02
2790,7,-1.26,-1.88,-0.06
2791,13,16.82,-4.43,27.1
2792,7,-0.04,-0.31,-0.01
2793,17,-0.32,-1.88,-0.03
2794,15,1.88,-2.73,4.28
2795,15,-0.28,-1.69,-0.03
2796,10,-0.06,1.38,-0.03
2797,13,12.38,-5.53,12.91
2798,17,-5.17,-2.42,-0.09
2799,16,-8.73,-1.6,-8.75
2800,16,-8.06,-1.5,-7.77
2801,12,0.87,1.51,-0.02
2802,18,-8.78,-1.78,-3.02
2803,12,1.35,1.52,0.01
2804,18,-7.55,-1.97,-6.13
2805,18,1.38,-16.15,-2.55
2806,10,-0.31,-0.32,-0.03
2807,17,-0.27,-1.55,-0.05
2808,10,-1.18,-6.17,0.69
2809,12,-0.31,-8.77,-0.03
2810,8,-1.38,8.49,-0.04
2811,6,-0.03,-0.27,-0.04
2812,8,-0.29,-0.28,-0.05
2813,16,-1.97,-1.91,-1.75
2814,14,-2.77,-3.8,-1.18
2815,10,-0.31,-0.33,-0.01
2816,14,1.37,-3.33,-0.02
2817,9,-1.33,-5.0,0.35
2818,14,-0.32,-1.43,-0.07
2819,6,-0.03,-0.03,-0.03
2820,14,-0.32,-7.48,-0.04
2821,16,1.35,1.36,-0.04
2822,7,-0.28,-0.27,-0.02
2823,18,-0.98,-1.37,-0.03
2824,17,-5.85,-0.73,0.27
2825,17,1.32,-37.68,-0.02
2826,17,1.44,-34.52,0.0
2827,18,-0.32,-1.9,-0.03
2828,9,-0.3,-8.28,-0.04
2829,10,-0.06,1.39,-0.03
2830,9,-0.31,-0.32,-0.05
2831,10,-0.28,-13.25,-0.07
2832,11,1.34,1.4,-0.0
2833,16,1.32,-24.11,-0.03
2834,9,-0.31,-0.32,-0.02
2835,17,-6.08,-2.07,-0.11
2836,8,-0.29,-0.27,-0.05
2837,12,3.23,-5.05,5.94
2838,16,-5.67,-1.43,-5.63
2839,13,16.52,-4.51,10.85
2840,9,3.15,16.42,3.28
2841,6,-0.28,-0.27,-0.05
2842,12,-0.73,-5.54,1.09
2843,9,-0.28,-13.74,-0.06
2844,16,-6.27,-0.79,-0.1
2845,11,-0.31,-8.78,-0.06
2846,13,1.37,-37.09,-3.09
2847,6,-0.03,1.32,-0.05
2848,14,11.38,-2.66,17.18
2849,18,1.42,-37.53,-0.03
2850,15,1.31,-26.09,-0.04
2851,17,-0.97,-1.48,-0.0
2852,14,12.41,-4.72,18.79
2853,18,-8.13,-1.67,-3.79
2854,17,1.42,-30.23,-0.02
2855,15,-0.32,-1.52,-0.04
2856,18,-13.67,-1.3,-13.54
2857,6,-0.03,-0.27,-0.04
2858,8,-0.29,-0.26,-0.04
2859,16,-12.95,-1.16,-13.23
2860,8,-1.32,14.09,-0.06
2861,7,-0.04,-0.31,-0.04
2862,12,-0.32,-8.44,-0.03
2863,17,1.33,-37.74,-0.01
2864,18,-0.96,-1.58,-0.02
2865,8,-0.05,1.34,-0.01
2866,17,-8.46,-1.6,-6.47
2867,8,-0.3,-0.32,-0.06
2868,8,-1.31,11.72,-0.03
2869,7,-0.04,-0.28,-0.03
2870,9,-0.29,-13.86,-0.04
2871,6,-1.25,-1.41,-0.03
2872,6,-0.03,-0.27,-0.01
2873,17,-10.53,-2.74,-10.72
2874,6,-1.26,6.64,-0.01
2875,17,-0.27,-1.87,-0.03
2876,8,-1.28,10.89,-0.03
2877,14,-6.28,-1.01,-0.13
2878,13,-6.27,-5.33,-0.08
2879,11,-0.31,-8.21,-0.03
2880,12,-0.31,-8.07,-0.05
2881,7,-0.04,1.33,-0.05
2882,17,-5.49,-1.01,-0.13
2883,16,-8.61,-2.07,-7.2
2884,15,1.48,-22.46,-0.03
2885,6,-1.25,-1.4,-0.06
2886,10,-0.28,-0.97,-0.01
2887,10,0.94,1.39,-0.05
2888,10,-0.28,-13.68,-0.05
2889,10,2.23,-6.26,12.12
2890,16,-0.27,-1.3,-0.04
2891,11,-0.29,-1.0,-0.05
2892,15,-13.88,-2.54,-14.64
2893,10,-0.31,-8.79,-0.02
2894,15,-2.79,-2.1,4.1
2895,18,-0.33,-1.87,-0.04
2896,8,-0.28,-13.36,-0.02
2897,14,-0.32,-2.65,-1.05
2898,17,12.31,-2.27,18.61
2899,17,-8.04,-1.48,-7.96
2900,12,1.31,1.56,-0.01
2901,7,-0.04,-0.3,-0.05
2902,14,-8.1,-1.41,-8.28
2903,16,-0.32,-1.45,-0.08
2904,11,-0.29,-7.38,-0.02
2905,7,-0.04,1.33,-0.04
2906,17,-4.93,-1.85,-4.86
2907,17,1.36,-26.82,-0.02
2908,17,1.36,-28.77,-0.04
2909,10,-0.27,-13.29,-0.0
2910,15,-6.28,-4.37,-0.11
2911,8,-0.29,-9.63,-0.02
2912,9,-0.05,1.35,-0.06
2913,7,-1.26,2.74,-0.03
2914,7,-0.29,-0.3,-0.05
2915,8,-0.3,-0.32,-0.06
2916,7,-1.26,4.1,-0.03
2917,14,-13.89,-1.24,-14.05
2918,17,-9.46,-1.89,-9.61
2919,6,-0.03,-0.29,-0.01
2920,18,-5.35,-1.91,-3.33
2921,12,1.31,1.51,-0.0
2922,7,-0.28,-0.28,-0.05
2923,14,1.31,-34.1,-0.02
2924,11,-3.56,-6.23,-0.35
2925,9,-1.31,15.9,-0.02
2926,11,-0.28,-0.95,-0.04
2927,17,1.38,2.15,-0.03
2928,13,-0.27,-1.14,-0.64
2929,7,-0.04,1.32,-0.02
2930,6,-0.03,-0.03,-0.06
2931,11,-0.28,-7.72,-0.55
2932,6,-0.29,-0.29,-0.05
2933,9,-0.3,-0.31,-0.03
2934,15,1.35,-36.18,0.0
2935,12,1.81,-5.34,4.12
2936,10,-0.31,-8.56,-0.03
2937,16,1.45,-25.93,-5.11
2938,6,-0.03,-0.3,-0.06
2939,7,-0.04,1.34,-0.05
2940,17,-13.84,-2.33,-14.38
2941,17,1.51,-33.96,-0.0
2942,13,-0.32,-7.06,-0.1
2943,8,-0.3,-0.31,-0.02
2944,13,1.36,1.46,-0.01
2945,11,-0.32,-8.72,-0.02
2946,7,-0.04,1.26,-0.01
2947,10,-0.29,-0.95,-0.04
2948,18,-3.89,-2.49,-3.79
2949,13,1.33,1.54,0.0
2950,17,-8.31,-1.83,-8.29
2951,13,1.07,-9.27,-0.04
2952,8,-0.05,1.4,-0.01
2953,17,1.34,-11.7,-0.04
2954,7,-0.04,-0.31,-0.02
2955,11,-0.31,-4.72,-0.04
2956,14,-0.32,-1.37,-1.78
2957,16,14.93,-1.46,24.8
2958,9,-0.31,-0.31,-0.03
2959,14,1.34,-31.84,-0.02
2960,9,-0.29,-12.97,-0.02
2961,10,-0.29,-13.8,-0.03
2962,8,-0.05,1.34,-0.05
2963,8,-1.27,12.14,-0.04
2964,15,-0.32,-1.4,-0.05
2965,12,0.1,1.54,-0.03
2966,14,-0.28,-1.58,-0.04
2967,8,0.56,1.34,-0.05
2968,9,0.68,1.38,-0.05
2969,11,-1.38,-6.09,7.04
2970,10,0.73,1.55,-0.02
2971,9,-0.14,-0.32,-0.03
2972,8,-0.29,-0.26,-0.03
2973,15,0.99,-0.69,8.64
2974,8,-0.29,-13.56,-0.01
2975,13,-8.76,-7.29,-8.85
2976,18,-6.19,-0.32,-0.12
2977,8,-0.3,-0.32,-0.02
2978,9,-0.31,-0.32,-0.01
2979,7,-0.04,1.32,-0.02
2980,9,-1.31,-5.88,-0.05
2981,11,-0.29,-0.95,-0.06
2982,10,-0.31,-0.32,-0.05
2983,10,-0.28,-13.77,-0.01
2984,9,-0.29,-12.98,-0.06
2985,16,-13.4,-2.38,-14.56
2986,15,-0.32,-1.4,-0.03
2987,10,-1.36,-5.7,-0.03
2988,12,-1.43,-3.42,-0.03
2989,11,-0.06,1.46,-0.04
2990,11,12.68,-6.25,20.04
2991,16,-0.96,-1.28,-0.08
2992,11,-0.31,-7.47,-0.03
2993,8,-0.05,1.32,-0.03
2994,15,-0.27,-2.07,-0.04
2995,6,-0.03,-0.27,-0.04
2996,6,-0.28,-0.27,-0.03
2997,10,-1.43,-5.07,-0.03
2998,12,7.71,-5.64,11.84
2999,16,1.31,-29.86,-0.02
3000,11,-0.28,-0.96,-0.04
3001,17,-6.65,-33.52,-11.55
3002,18,-0.27,-2.69,-0.03
3003,16,1.32,-38.03,-0.03
3004,6,-1.26,-1.35,-0.04
3005,18,1.39,-27.14,-0.02
3006,14,-0.32,-1.39,-0.04
3007,11,-0.32,-7.96,-0.01
3008,12,-0.31,-8.77,-0.06
3009,15,-7.95,-1.89,-7.91
3010,6,-0.27,-0.27,-0.07
3011,8,-0.28,-0.27,-0.05
3012,14,-13.75,-1.38,-14.27
3013,7,-0.28,-0.27,-0.06
3014,6,-0.03,-0.3,-0.04
3015,18,-6.27,-0.86,-0.13
3016,6,-0.28,-0.27,0.0
3017,18,1.33,-29.33,0.0
3018,6,-0.03,-0.27,-0.04
3019,9,-0.31,-0.32,-0.01
3020,6,-0.28,-0.27,-0.05
3021,6,-0.03,-0.27,-0.04
3022,13,-0.29,-1.75,-0.03
3023,15,-0.33,-1.43,-0.22
3024,9,-0.05,1.36,-0.03
3025,9,-1.38,-6.22,-0.03
3026,13,1.31,-0.55,-0.03
3027,9,-0.31,-0.31,-0.02
3028,18,-6.27,-0.11,-0.06
3029,12,-0.28,-0.96,-8.19
3030,14,1.14,1.52,-0.03
3031,17,-5.57,-0.81,0.77
3032,16,1.35,-33.24,-0.0
3033,18,-8.38,-1.71,-8.25
3034,6,-1.25,-1.07,-0.05
3035,10,-0.31,-0.32,-0.06
3036,10,-0.06,1.38,-0.02
3037,16,-0.32,-1.41,-6.11
3038,8,-0.29,-0.27,-0.02
3039,8,-0.3,-0.31,-0.01
3040,13,-3.68,-1.05,-3.61
3041,13,-1.38,-5.3,7.12
3042,16,2.72,-1.87,10.57
3043,10,1.31,1.41,0.0
3044,15,-0.32,-1.4,-2.5
3045,17,1.33,-36.87,-0.03
3046,13,15.23,-3.89,1.71
3047,17,1.36,-32.47,-0.04
3048,9,-0.29,-8.16,-0.03
3049,8,-0.05,1.42,-0.05
3050,8,-0.3,-0.31,-0.04
3051,15,-13.72,-1.16,-11.34
3052,6,-1.25,-1.42,-0.03
3053,14,-0.28,-1.94,-0.03
3054,11,9.39,-5.64,4.8
3055,11,-0.31,-8.78,-0.04
3056,16,-0.28,-2.11,-0.05
3057,18,-13.85,-2.74,-14.64
3058,16,-0.32,-1.49,-0.02
3059,9,-0.3,-0.31,-0.06
3060,17,1.56,7.03,0.02
3061,7,-0.04,-0.3,-0.02
3062,7,-0.28,-0.26,-0.02
3063,17,-0.32,-1.58,-0.05
3064,11,16.28,-6.01,23.62
3065,17,-13.49,-1.87,-13.89
3066,12,-3.0,-1.52,-2.8
3067,10,-0.31,-8.33,-0.03
3068,14,-0.32,-1.38,-0.02
3069,18,-0.33,-1.61,-0.04
3070,16,-0.33,-1.57,-2.19
3071,13,-0.32,-5.65,-0.05
3072,14,-0.37,-3.39,1.5
3073,15,-8.75,-1.05,-11.93
3074,16,-5.13,-0.1,-0.12
3075,6,-1.31,-1.38,-0.02
3076,17,-6.22,-0.8,-0.12
3077,15,-0.32,-1.41,-0.02
3078,11,16.18,-5.82,14.06
3079,12,-0.31,-7.94,-0.02
3080,17,-6.2,-2.55,-0.1
3081,9,-0.28,-10.1,-0.02
3082,18,-13.4,-2.59,-13.81
3083,6,-0.28,-0.27,-0.03
3084,13,-0.32,-1.36,-0.02
3085,6,-0.28,-0.27,-0.05
3086,16,1.42,-35.63,-0.03
3087,16,-0.32,-1.51,-0.03
3088,8,-0.28,-0.27,-0.02
3089,7,-0.28,-0.27,-0.06
3090,17,16.47,-1.43,19.74
3091,10,-3.3,-5.05,-1.88
3092,8,-0.29,-13.64,-0.02
3093,14,-0.28,-1.08,-0.02
3094,10,1.33,1.36,-0.06
3095,11,-0.31,-6.71,-0.02
3096,12,-6.26,-5.93,0.25
3097,13,-5.65,-1.65,-5.58
3098,8,-1.39,-6.15,-0.03
3099,8,-0.29,-0.32,-0.02
3100,15,-0.32,-1.53,-0.05
3101,12,-4.26,-13.62,-5.52
3102,12,1.93,-3.07,4.34
3103,18,-6.27,0.04,-0.1
3104,15,-13.7,-1.07,-13.95
3105,7,-1.31,-3.41,-0.06
3106,11,-2.27,-6.16,7.21
3107,9,-0.05,1.35,-0.02
3108,15,-0.32,-1.43,-0.04
3109,8,-0.05,-0.31,-0.02
3110,18,1.32,-38.07,-0.01
3111,8,-1.28,12.52,-0.05
3112,16,15.0,-2.18,22.83
3113,7,-1.26,2.2,-0.05
3114,14,14.88,-3.76,24.88
3115,17,-0.33,-1.65,-0.03
3116,15,-5.24,-4.07,-0.09
3117,14,-0.32,-1.39,-1.74
3118,18,1.38,-20.08,-0.01
3119,6,-0.28,-0.28,-0.06
3120,8,-1.4,4.54,-0.03
3121,8,-0.29,-4.24,-0.01
3122,17,1.46,-34.21,-0.06
3123,10,-0.29,-1.02,-0.03
3124,12,-1.38,-5.29,-0.03
3125,10,-1.36,-6.21,25.83
3126,9,-0.29,-13.64,-0.03
3127,10,-0.31,-7.98,-0.07
3128,12,-0.32,-8.4,-0.06
3129,6,-0.03,1.32,-0.02
3130,8,-1.3,9.4,-0.04
3131,13,-0.32,-7.35,-0.03
3132,6,-0.05,-0.27,-0.02
3133,17,1.37,-37.26,-0.02
3134,15,-0.32,-1.46,-0.29
3135,12,1.31,1.52,-0.01
3136,13,-0.32,-3.88,-0.04
3137,6,-0.03,-0.3,-0.03
3138,12,-0.32,-1.5,-0.05
3139,9,-0.31,-0.32,-0.06
3140,15,9.08,-3.82,13.77
3141,7,-0.04,1.32,-0.06
3142,9,-0.05,1.38,-0.03
3143,18,-0.32,-2.28,-0.03
3144,17,-8.28,-1.54,-7.6
3145,17,-6.09,-0.13,-0.09
3146,15,-0.27,-1.15,-0.04
3147,17,-6.22,-1.14,-0.08
3148,12,-0.32,-1.4,-0.02
3149,17,-7.56,-1.52,-7.21
3150,14,-0.32,-1.37,-0.02
3151,15,-0.32,-1.56,-0.01
3152,13,2.33,-1.9,4.81
3153,7,-0.04,1.32,-0.0
3154,17,1.33,-30.5,-0.04
3155,10,-1.34,-6.08,0.17
3156,12,-0.32,-4.01,-0.02
3157,13,-0.28,-0.98,-6.73
3158,14,-5.9,-5.08,-0.09
3159,13,-0.32,-8.13,-0.04
3160,15,-6.15,-0.26,-0.08
3161,7,-0.04,1.05,-0.05
3162,7,-0.28,-0.27,-0.02
3163,16,1.34,-31.79,-0.02
3164,11,-0.29,-11.53,-0.03
3165,6,-0.03,-0.27,-0.02
3166,7,-1.32,0.53,-0.01
3167,8,-0.05,1.34,-0.05
3168,15,-7.67,-2.2,-7.61
3169,7,-0.04,1.33,-0.03
3170,12,12.0,-5.98,16.52
3171,10,-0.31,-0.32,-0.03
3172,13,-0.32,-8.02,-0.07
3173,8,-0.3,-0.31,-0.01
3174,9,-1.38,14.58,2.76
3175,12,-0.32,-8.68,-0.06
3176,16,1.35,-34.62,-0.02
3177,14,-9.46,-1.16,-10.17
3178,17,13.45,0.1,20.49
3179,6,-0.03,-0.27,-0.05
3180,15,-5.59,-3.71,-0.09
3181,8,-0.3,-0.31,-0.06
3182,16,1.33,-33.93,-0.05
3183,9,-1.35,1.85,1.46
3184,11,1.31,1.45,-0.02
3185,16,1.31,-35.36,-0.01
3186,8,-0.05,1.43,-0.02
3187,8,-0.29,-0.27,-0.05
3188,8,-0.29,-0.27,-0.03
3189,10,-0.31,-2.22,-0.02
3190,17,15.68,0.18,24.31
3191,7,-0.04,1.35,-0.03
3192,18,1.34,6.07,-0.0
3193,8,-1.41,6.13,-0.07
3194,13,-13.74,-0.97,-14.33
3195,14,-3.63,-1.64,-2.28
3196,6,-0.03,-0.3,-0.04
3197,9,-1.34,-6.12,-0.02
3198,8,-0.28,-0.27,-0.05
3199,9,-1.44,12.97,-0.02
3200,11,-0.28,-13.85,-0.01
3201,15,1.47,-19.84,-0.02
3202,8,-0.28,-8.86,-0.02
3203,11,-0.32,-8.74,-0.04
3204,12,-0.29,-6.64,-0.02
3205,12,-0.29,-1.28,-0.03
3206,16,-12.74,-1.34,-13.04
3207,15,-0.33,-1.37,-2.63
3208,8,-0.28,-0.27,-0.05
3209,15,1.38,-35.07,-0.04
3210,6,-0.28,-0.27,-0.06
3211,9,-0.05,1.39,-0.04
3212,14,13.32,-1.1,20.23
3213,11,13.85,-6.1,21.09
3214,12,-2.01,-3.67,-0.64
3215,11,-0.31,-8.55,-0.05
3216,15,-8.75,-1.09,-9.05
3217,18,-0.32,-1.88,-0.02
3218,8,-0.05,1.34,-0.05
3219,12,1.33,-13.54,0.01
3220,7,-0.04,-0.31,-0.05
3221,10,-0.28,-9.78,-0.04
3222,9,-0.05,1.34,-0.02
3223,14,-0.28,-1.12,-8.85
3224,15,1.3,-20.8,-0.02
3225,13,7.94,-3.3,16.8
3226,18,-15.17,-21.17,-22.11
3227,16,-13.05,-1.98,-13.35
3228,12,-12.52,-13.81,-9.82
3229,12,-6.24,-1.97,-0.07
3230,17,-0.97,-1.83,-0.04
3231,15,10.28,-4.38,19.54
3232,15,-13.34,-2.42,-14.52
3233,15,-0.32,-1.44,-0.48
3234,12,0.77,1.54,-0.05
3235,17,-0.27,-1.91,-0.04
3236,16,1.43,-23.8,0.02
3237,9,-1.3,-5.88,-0.04
3238,12,-0.27,-13.01,-4.72
3239,7,-0.28,-0.27,-0.06
3240,11,-2.62,-5.75,7.36
3241,9,-0.31,-8.74,-0.02
3242,16,1.43,-37.12,-0.02
3243,17,-13.89,-2.7,-14.59
3244,18,-5.7,-0.2,-0.11
3245,7,-0.28,-0.28,-0.05
3246,13,1.33,-37.22,-0.02
3247,7,-0.04,0.66,-0.07
3248,17,1.52,7.51,-0.05
3249,11,-0.31,-8.03,-0.03
3250,8,-1.3,-6.2,-0.05
3251,13,-0.29,-1.09,-0.03
3252,18,-0.32,-1.68,-0.02
3253,8,-1.38,11.36,-0.0
3254,12,-1.4,-5.62,-0.0
3255,17,-1.08,-1.71,-0.03
3256,16,-0.27,-1.37,-0.03
3257,11,-0.31,-8.78,-0.02
3258,6,-1.25,-1.42,-0.05
3259,11,-0.29,-13.58,-0.0
3260,16,11.27,-1.98,15.55
3261,9,-0.29,-13.56,-0.03
3262,12,-1.42,-3.76,-0.04
3263,15,-8.51,-1.52,-8.32
3264,15,-0.32,-1.41,-0.79
3265,6,-0.03,1.06,-0.03
3266,13,-0.28,-1.49,-0.05
3267,9,-0.29,-13.56,-0.01
3268,14,-0.32,-7.88,-0.03
3269,15,-13.89,-1.29,-5.45
3270,7,-1.27,9.85,-0.03
3271,15,1.34,-12.23,-0.04
3272,10,-0.31,-8.67,-0.04
3273,6,-0.03,-0.3,-0.04
3274,16,-0.32,-1.83,-0.04
3275,11,-0.06,1.44,-0.04
3276,18,-5.76,-0.73,-0.07
3277,16,-8.64,-1.5,-8.4
3278,6,-0.03,-0.3,-0.02
3279,15,1.34,-36.95,-0.01
3280,15,-0.76,-1.66,-0.55
3281,15,-0.29,-2.09,-0.04
3282,18,-8.75,-1.83,-5.39
3283,18,-5.98,-0.8,-0.13
3284,18,-5.43,-1.5,-0.1
3285,12,-0.28,-1.23,-0.04
3286,14,1.35,-22.46,-0.03
3287,10,-0.06,1.38,-0.03
3288,17,-0.32,-1.54,-0.02
3289,10,-0.06,1.39,-0.04
3290,8,-0.29,-0.26,-0.04
3291,8,-0.05,1.37,-0.03
3292,9,-0.28,-13.28,-0.05
3293,12,-0.29,-13.47,-0.02
3294,11,-0.27,-13.35,-0.02
3295,14,-0.28,-1.04,-0.28
3296,13,-0.27,-0.98,-0.61
3297,15,-0.32,-1.4,-5.74
3298,15,-13.76,-2.35,-14.28
3299,13,-0.19,-3.95,1.76
3300,15,1.32,-30.64,-0.03
3301,9,-0.05,1.35,-0.01
3302,17,1.41,5.67,-0.75
3303,18,-5.7,-0.24,-0.09
3304,11,-0.31,-7.59,-0.05
3305,9,-1.32,-5.6,-0.05
3306,11,1.32,1.44,-0.03
3307,17,1.45,-32.87,-0.02
3308,17,-0.32,-2.11,-0.05
3309,15,-0.32,-4.15,-1.55
3310,10,-0.06,1.36,-0.04
3311,10,8.38,-5.37,12.74
3312,7,-0.04,1.35,-0.06
3313,17,-0.32,-1.55,-0.08
3314,17,1.41,-32.03,-0.04
3315,14,1.33,-35.35,-0.01
3316,6,-0.03,1.33,-0.01
3317,17,-5.4,-1.9,-0.1
3318,16,-0.28,-1.42,-0.03
3319,10,-0.29,-13.79,-0.05
3320,10,-0.06,1.39,-0.04
3321,10,-0.29,-6.51,-0.02
3322,8,-1.29,16.49,-0.03
3323,7,-1.35,0.66,-0.03
3324,12,-2.87,-5.81,-1.38
3325,12,0.32,1.47,-0.04
3326,14,-0.32,-1.36,-2.62
3327,7,-0.29,-0.3,-0.05
3328,11,0.74,-2.81,-0.01
3329,7,-0.3,-0.3,-0.04
3330,12,0.55,1.51,-0.03
3331,12,1.33,1.47,-0.0
3332,6,-0.03,-0.3,-0.03
3333,6,-1.25,-1.37,-0.04
3334,15,-6.26,-4.11,-0.12
3335,16,-5.37,-1.86,-0.1
3336,18,-4.63,-0.81,-0.13
3337,13,1.37,1.52,-0.03
3338,10,-0.31,-0.32,-0.03
3339,6,-1.25,-1.4,-0.03
3340,7,-0.28,-0.28,-0.04
3341,11,-0.29,-0.98,-0.02
3342,6,-1.26,-1.36,-0.07
3343,7,-0.28,-0.26,-0.03
3344,11,-0.32,-0.32,-0.01
3345,10,-0.31,-0.32,-0.04
3346,11,1.25,1.4,-0.01
3347,17,1.49,-33.8,-0.03
3348,18,-0.32,-1.74,-0.02
3349,12,-0.32,-1.43,-0.02
3350,18,-8.59,-1.87,-8.61
3351,18,1.38,-12.23,-3.14
3352,12,-5.41,-6.08,-10.23
3353,17,1.33,-34.34,-0.03
3354,18,-12.78,-1.99,-8.57
3355,9,-0.05,1.37,-0.03
3356,14,-0.27,-1.01,-3.47
3357,16,1.46,-14.75,-0.02
3358,17,-11.65,-2.34,-11.8
3359,8,-0.05,1.34,-0.04
3360,7,-0.04,1.32,-0.05
3361,12,0.72,1.57,-0.05
3362,10,-0.06,1.39,-0.04
3363,18,-5.22,-1.44,-6.35
3364,18,1.33,-38.02,-0.01
3365,8,-0.05,1.37,-0.02
3366,18,-13.65,-1.87,-14.64
3367,10,-0.31,-8.1,-0.05
3368,6,-0.28,-0.27,-0.01
3369,11,1.34,1.38,-0.06
3370,9,-0.28,-6.53,-0.04
3371,15,-0.32,-1.38,-0.02
3372,12,-0.31,-1.4,-0.05
3373,15,-0.32,-1.73,-0.04
3374,12,-0.29,-0.97,-4.43
3375,9,-0.28,-0.94,-0.05
3376,17,-6.12,-2.16,-0.11
3377,14,-0.32,-1.4,-0.6
3378,18,-6.01,-0.15,-0.07
3379,18,-4.86,-1.22,-0.06
3380,18,4.98,-0.79,13.39
3381,16,6.27,-1.03,0.7
3382,16,-0.32,-1.64,-0.05
3383,9,1.32,1.37,-0.05
3384,9,-0.31,-0.32,-0.05
3385,14,11.62,-4.45,17.55
3386,14,1.31,-11.61,-0.01
3387,11,1.38,1.42,-0.01
3388,18,-8.25,-1.88,-8.12
3389,8,-0.3,-0.32,-0.03
3390,7,-0.04,-0.31,-0.05
3391,8,-1.36,-6.19,-0.06
3392,17,-6.27,-2.16,-0.1
3393,16,6.42,-2.61,5.32
3394,16,-3.6,-2.96,1.05
3395,17,5.77,-0.52,14.31
3396,7,-1.26,15.57,-0.03
3397,15,10.77,-2.37,20.16
3398,12,-0.31,-7.32,-0.04
3399,8,-0.3,-0.32,-0.04
3400,10,0.68,1.34,-0.06
3401,14,-13.86,-1.0,-14.59
3402,17,1.37,-31.24,-0.03
3403,14,-0.28,-2.0,-0.05
3404,17,-13.83,-1.12,-14.67
3405,6,-1.29,12.55,-0.05
3406,13,-0.32,-1.38,-0.04
3407,16,7.01,-0.48,10.92
3408,18,-0.27,-1.79,-0.03
3409,16,1.51,-5.94,-0.09
3410,7,-0.28,-0.27,-0.02
3411,17,-6.27,-1.16,-0.09
3412,15,10.1,-3.57,17.63
3413,16,1.33,-35.46,-0.03
3414,13,1.32,1.54,-0.05
3415,17,-5.41,-3.32,-0.05
3416,14,-0.32,-1.37,-1.36
3417,17,-0.32,-1.42,-5.3
3418,17,-8.65,-1.51,-8.64
3419,7,-0.28,-0.28,-0.03
3420,6,-0.03,0.29,-0.04
3421,18,1.74,-0.26,0.1
3422,6,-0.03,1.33,-0.06
3423,11,-0.32,-8.76,-0.07
3424,18,-6.28,-1.0,-0.09
3425,15,1.34,5.5,-0.05
3426,12,4.18,-2.33,7.14
3427,10,-0.28,-0.95,-0.05
3428,6,-0.03,0.26,-0.02
3429,14,-0.35,-4.21,1.54
3430,11,-0.28,-0.97,-0.06
3431,13,-13.05,-1.63,-13.34
3432,13,-0.28,-1.0,-0.02
3433,14,-0.32,-1.73,-0.04
3434,10,0.43,1.4,-0.03
3435,13,-2.56,-0.96,-2.63
3436,16,1.33,-36.12,-0.01
3437,6,-0.03,-0.27,-0.04
3438,10,-1.37,-6.09,37.48
3439,18,-8.29,-1.45,-8.16
3440,11,1.06,1.42,-0.05
3441,14,-0.29,-1.15,-1.45
3442,12,-0.07,-3.87,-0.05
3443,9,-0.3,-0.32,-0.05
3444,17,-5.41,-1.76,-1.06
3445,8,-0.3,-0.31,-0.01
3446,14,1.31,-30.49,-0.01
3447,17,-0.32,-1.77,-0.02
3448,13,16.79,-1.96,26.42
3449,14,1.05,-9.15,-0.0
3450,7,-0.04,-0.31,-0.03
3451,7,-0.04,-1.23,-0.04
3452,17,-6.06,-0.57,-0.11
3453,7,-0.04,-0.31,-0.04
3454,17,-0.27,-1.74,-0.04
3455,11,-0.31,-7.25,-0.03
3456,7,-0.04,-0.31,-0.05
3457,15,1.32,-30.82,-0.01
3458,9,1.31,1.44,-0.02
3459,7,-0.29,-0.3,-0.06
3460,12,1.07,1.49,-0.0
3461,8,-1.33,10.62,-0.05
3462,9,0.93,1.32,-0.03
3463,14,13.51,-2.92,23.32
3464,9,-0.3,-0.32,-0.07
3465,12,-0.32,-8.52,-0.04
3466,6,-1.25,-1.4,-0.03
3467,7,-0.28,-0.27,-0.05
3468,8,-0.05,1.32,-0.03
3469,11,-0.06,1.45,-0.03
3470,12,-0.29,-1.3,-0.03
3471,12,-0.29,-1.36,-0.03
3472,16,-6.22,-0.38,-0.08
3473,9,-0.31,-0.32,-0.03
3474,16,-12.97,-1.13,-12.92
3475,6,-0.29,-0.3,-0.02
3476,16,-8.79,-1.4,-8.67
3477,16,-8.77,-1.41,-8.54
3478,12,1.37,1.43,-0.05
3479,8,-0.29,-0.26,-0.03
3480,14,-0.28,-1.22,-0.04
3481,18,-0.33,-1.71,-0.05
3482,14,1.38,-34.38,-0.04
3483,15,12.65,-4.22,22.29
3484,15,-13.56,-1.11,-10.76
3485,18,1.39,-0.81,9.12
3486,7,-0.04,-0.3,-0.03
3487,8,0.76,1.32,-0.02
3488,6,-0.03,0.14,-0.03
3489,18,-13.89,-2.19,-3.31
3490,12,-0.31,-7.33,-0.05
3491,7,-1.3,0.71,-0.01
3492,9,-0.05,1.37,-0.03
3493,16,1.47,-35.16,0.0
3494,9,-0.29,-13.77,-0.03
3495,7,-0.29,-0.3,-0.01
3496,16,-13.89,-2.0,-14.58
3497,12,-0.31,-8.69,-0.06
3498,10,0.75,1.42,-0.04
3499,6,-1.25,-3.36,-0.06
3500,6,-0.03,-0.03,-0.04
3501,7,-1.28,2.42,-0.05
3502,7,-0.04,1.32,-0.06
3503,7,-1.26,1.27,-0.03
3504,8,-0.29,-0.31,-0.05
3505,16,1.31,-20.22,-0.04
3506,8,-1.29,12.61,-0.06
3507,15,1.31,-8.03,-0.03
3508,15,10.81,-3.17,13.13
3509,14,1.48,-18.25,-0.01
3510,14,1.34,-8.54,-0.02
3511,12,-0.31,-5.76,-0.06
3512,8,-0.28,-0.26,-0.0
3513,11,-0.29,-13.6,-0.01
3514,15,-13.62,-1.46,-12.21
3515,11,-2.26,-6.24,-0.5
3516,13,1.33,-16.75,-0.02
3517,10,-0.29,-13.88,-0.05
3518,13,1.13,1.53,-0.05
3519,17,-8.79,-1.49,-8.8
3520,7,-0.04,1.32,-0.03
3521,12,1.33,1.4,-0.01
3522,18,-5.52,-0.78,-0.12
3523,15,-6.17,-3.85,-0.08
3524,17,-8.0,-1.47,-7.89
3525,11,-0.28,-13.78,-0.05
3526,18,-0.7,0.12,6.62
3527,18,-8.52,-1.73,-8.25
3528,7,-1.26,4.82,-0.03
3529,7,-0.29,-0.3,-0.06
3530,8,-1.29,16.61,-0.03
3531,8,-0.28,-12.82,-0.04
3532,7,-1.26,5.4,-0.04
3533,6,-1.25,-1.36,-0.05
3534,16,-7.72,-1.45,-7.98
3535,13,0.61,1.56,-0.03
3536,18,-1.0,-0.8,6.28
3537,6,-0.03,-0.27,-0.03
3538,6,-0.05,-0.27,-0.01
3539,18,-0.32,-2.02,-0.04
3540,17,1.43,-36.4,-0.03
3541,14,8.43,-5.01,1.52
3542,16,-0.27,-1.1,-9.55
3543,14,10.6,-3.44,15.68
3544,6,-0.03,-0.3,-0.05
3545,10,1.32,1.37,-0.03
3546,8,-1.28,-6.21,-0.04
3547,16,-0.32,-1.77,-0.03
3548,14,-0.32,-1.41,-0.35
3549,9,-1.33,-6.25,-0.06
3550,18,-0.32,-1.63,-0.04
3551,16,-1.72,-1.17,-0.47
3552,9,-1.28,16.15,-0.05
3553,15,-13.41,-2.64,-13.8
3554,11,0.92,-5.31,3.07
3555,9,-1.37,7.05,-0.05
3556,18,9.93,-0.79,19.2
3557,12,-0.32,-7.85,-0.02
3558,6,-0.17,-0.27,-0.02
3559,16,-4.21,-2.24,-4.07
3560,6,-0.03,-0.3,-0.05
3561,18,-1.02,-2.37,-0.06
3562,8,-0.28,-0.27,-0.03
3563,13,-1.63,-4.93,2.01
3564,9,-0.3,-0.32,-0.04
3565,14,-0.32,-1.45,-1.67
3566,9,-1.32,-6.25,7.78
3567,6,-1.25,-1.37,-0.01
3568,10,-1.35,-5.86,-0.02
3569,15,1.33,-26.48,-0.03
3570,10,-1.39,-6.24,0.98
3571,9,-0.29,-8.89,-0.03
3572,12,1.32,1.49,-0.02
3573,14,14.3,-4.49,21.87
3574,8,-1.27,4.73,-0.02
3575,8,0.14,1.32,-0.02
3576,16,1.36,-24.76,-0.02
3577,8,-1.42,-6.08,-0.02
3578,17,-0.32,-1.9,-0.04
3579,12,3.37,-5.77,6.59
3580,16,-6.08,-3.49,-0.07
3581,10,-0.31,-7.07,-0.4
3582,13,-0.32,-1.5,-0.05
3583,11,-0.29,-12.11,-0.02
3584,15,-13.72,-1.12,-10.36
3585,16,1.31,-34.4,-0.03
3586,13,-0.27,-1.72,-0.02
3587,17,-0.97,-2.64,-0.03
3588,15,-0.29,-1.22,-0.02
3589,18,15.5,0.07,25.63
3590,11,-0.29,-6.27,-0.02
3591,15,1.32,-34.03,-0.0
3592,18,-1.0,-2.7,-0.06
3593,14,-13.07,-1.04,-13.58
3594,12,-0.28,-0.98,-0.07
3595,18,1.39,-30.67,-0.01
3596,18,1.39,-2.84,-0.81
3597,10,-0.06,1.38,-0.02
3598,13,4.93,-2.73,8.11
3599,16,-6.27,-2.23,-0.09
3600,10,-0.28,-13.0,-0.01
3601,6,-1.27,1.49,-0.03
3602,11,7.37,-5.92,12.15
3603,17,-5.02,-1.34,-4.42
3604,7,-0.04,1.33,-0.04
3605,13,0.81,1.57,-0.02
3606,6,-1.25,2.61,-0.01
3607,6,-0.03,-0.27,-0.01
3608,12,-0.29,-1.08,-0.04
3609,14,13.87,-3.94,1.71
3610,9,-0.28,-0.26,-0.02
3611,14,1.31,-11.14,-0.02
3612,12,-0.29,-0.96,-0.02
3613,8,-0.3,-2.75,-0.02
3614,15,-13.6,-1.99,-14.61
3615,7,-1.29,-3.26,-0.05
3616,8,-0.29,-1.4,-0.05
3617,9,-0.31,-0.32,-0.02
3618,12,-0.29,-13.37,-0.01
3619,17,-0.32,-1.56,-0.05
3620,6,-0.03,-0.3,-0.04
3621,12,-0.32,-8.03,-0.07
3622,12,0.04,1.47,-0.02
3623,6,-1.29,14.4,-0.03
3624,8,-0.05,1.32,-0.01
3625,14,14.79,-2.67,22.58
3626,9,-1.32,-6.25,-0.0
3627,8,-0.28,-0.28,-0.06
3628,14,-13.62,-1.17,-14.06
3629,9,-0.31,-0.32,-0.05
3630,12,-0.29,-0.96,-4.99
3631,8,-0.3,-0.31,-0.03
3632,17,-8.74,-1.53,-8.74
3633,10,0.49,9.86,5.28
3634,12,-0.05,1.47,-0.04
3635,18,-0.96,-2.06,-0.01
3636,11,-0.06,1.45,-0.04
3637,14,-0.32,-5.46,-0.05
3638,7,-0.29,-0.32,-0.06
3639,18,1.34,-13.53,-0.11
3640,13,4.62,-4.73,7.35
3641,10,-0.28,-13.26,-0.04
3642,13,1.32,1.54,-0.02
3643,11,-0.31,-0.32,-0.03
3644,8,-0.05,1.33,-0.03
3645,7,-0.04,1.18,-0.06
3646,9,0.21,1.4,-0.06
3647,9,-1.35,-3.01,-0.06
3648,6,-1.26,1.38,-0.04
3649,13,-2.52,-5.15,-1.01
3650,6,-0.28,-0.27,-0.07
3651,16,-0.32,-1.44,-3.15
3652,16,-0.33,-1.5,-0.07
3653,8,-0.05,1.33,-0.06
3654,7,-0.28,-13.32,-0.05
3655,17,1.39,-32.82,-0.05
3656,16,-9.46,-1.52,-2.48
3657,11,-1.38,-4.96,-0.07
3658,6,-0.03,-0.3,-0.06
3659,8,-0.05,1.35,-0.04
3660,16,-0.32,-1.79,-0.07
3661,13,1.38,1.54,-0.04
3662,17,-0.32,-1.7,-0.01
3663,12,10.83,-5.33,20.23
3664,14,1.3,-12.43,-0.02
3665,13,15.9,-4.24,21.94
3666,15,-0.32,-1.44,-5.93
3667,17,1.37,-15.32,-0.19
3668,6,-0.03,-0.3,-0.01
3669,11,-0.32,-1.37,-0.04
3670,7,-0.29,-0.31,-0.05
3671,6,-0.03,0.16,-0.05
3672,18,1.42,-26.39,-0.03
3673,12,-0.32,-8.75,0.01
3674,8,-0.05,-0.28,-0.01
3675,13,-0.28,-0.99,-0.07
3676,12,1.14,-5.53,-0.05
3677,16,-4.5,-2.0,-4.4
3678,17,1.42,7.36,-0.04
3679,14,-6.27,-1.77,-0.11
3680,7,-0.04,-0.28,-0.05
3681,9,-1.31,-6.25,12.4
3682,8,-1.35,16.38,-0.06
3683,11,-0.29,-7.04,-0.04
3684,16,1.5,-37.12,-0.03
3685,8,-0.29,-0.31,-0.05
3686,10,-0.29,-13.65,-0.01
3687,14,1.06,-4.23,3.1
3688,17,-13.89,-1.25,-11.37
3689,15,-0.27,-1.28,-0.08
3690,18,-24.64,-28.71,-25.29
3691,18,-7.19,-1.51,-7.03
3692,8,-1.41,5.47,-0.03
3693,15,-0.28,-1.18,-0.09
3694,11,-0.29,-2.96,-0.03
3695,13,15.58,-4.71,14.47
3696,14,-0.32,-1.41,-0.05
3697,13,-1.44,-4.94,-0.03
3698,15,-0.33,-1.67,-0.05
3699,16,-8.79,-1.45,-8.47
3700,8,-1.29,-0.84,-0.05
3701,10,-1.33,-6.13,-0.0
3702,8,-0.28,-0.28,-0.01
3703,11,-2.71,-4.08,-1.35
3704,10,-0.06,1.44,-0.04
3705,6,-0.03,-0.29,-0.03
3706,18,1.33,-33.6,-0.0
3707,14,1.15,-37.98,-0.01
3708,7,-0.29,-0.3,-0.04
3709,17,1.37,-28.62,-0.02
3710,12,-0.29,-0.95,-0.03
3711,10,-0.29,-13.38,-0.05
3712,6,-0.03,-0.3,-0.04
3713,17,-0.98,-1.2,-0.05
3714,10,1.32,1.34,-0.02
3715,15,-0.28,-2.29,-0.02
3716,8,-0.05,1.32,-0.03
3717,15,-0.27,-1.06,-4.91
3718,12,1.36,1.48,-0.03
3719,11,0.41,1.46,-0.01
3720,9,-1.31,-6.22,0.08
3721,13,8.3,-5.73,12.63
3722,18,-6.01,-1.11,-0.08
3723,12,-0.27,-1.23,-0.06
3724,9,-0.05,1.35,-0.04
3725,15,-6.27,-2.48,-0.08
3726,9,-0.29,-13.8,-0.05
3727,12,-0.31,-8.14,-0.04
3728,13,0.05,-3.75,2.02
3729,7,-0.28,-0.28,-0.04
3730,18,-6.15,-0.06,-0.08
3731,6,-0.03,-0.3,-0.03
3732,11,-0.29,-13.43,-0.05
3733,16,1.34,-34.49,-0.04
3734,14,-13.36,-1.02,-13.84
3735,7,-0.04,1.25,-0.02
3736,17,-4.94,-0.7,-0.13
3737,11,-0.06,1.44,-0.02
3738,13,0.27,-14.53,-0.02
3739,18,-12.87,-2.51,-13.13
3740,16,-6.26,-1.98,-0.13
3741,18,1.45,-29.89,-0.01
3742,7,-1.28,-1.44,-0.02
3743,15,1.31,-29.87,-0.0
3744,9,-1.3,-6.05,-0.03
3745,6,-0.28,-0.28,-0.04
3746,15,1.42,1.52,-0.01
3747,12,-0.32,-8.53,-0.05
3748,15,1.31,-32.74,-0.02
3749,15,3.77,-0.86,6.66
3750,14,7.32,-0.69,11.33
3751,6,-0.03,-0.3,-0.04
3752,14,-0.28,-1.05,-1.07
3753,8,-0.3,-0.31,-0.05
3754,13,0.96,-12.61,-0.04
3755,18,1.35,6.53,-4.12
3756,16,1.33,-33.53,-0.03
3757,13,-0.32,-1.56,-0.03
3758,10,-0.06,1.56,-0.04
3759,8,-0.29,-13.87,-0.01
3760,9,-0.28,-12.86,-0.04
3761,17,1.44,7.51,-3.04
3762,9,-0.31,-8.41,-0.02
3763,12,-0.29,-13.41,-0.05
3764,8,-0.3,-0.31,-0.05
3765,16,-0.29,-1.48,-0.02
3766,14,-0.32,-2.92,-1.63
3767,8,-0.3,-0.31,-0.06
3768,9,-0.29,-8.97,-0.02
3769,18,1.33,-5.61,-0.04
3770,12,1.31,1.45,-0.05
3771,14,17.45,-4.49,27.36
3772,18,1.47,-17.24,-15.82
3773,12,-0.31,-8.59,-0.06
3774,16,-13.41,-2.68,-13.79
3775,18,-5.38,-2.5,-0.1
3776,6,-0.23,-0.29,-0.01
3777,18,1.38,-28.19,-0.04
3778,18,-1.0,-1.54,-0.05
3779,10,1.32,1.38,-0.04
3780,10,-1.35,-6.07,-0.04
3781,14,-6.27,-4.63,-0.11
3782,6,-1.26,-1.41,-0.06
3783,17,-1.03,-2.73,-0.05
3784,17,4.41,-1.05,6.59
3785,16,-0.27,-2.53,-0.04
3786,12,-10.91,-0.96,-12.13
3787,6,-0.03,0.04,-0.01
3788,14,1.33,-30.51,-0.05
3789,15,5.77,-2.59,9.24
3790,11,14.75,-6.07,22.57
3791,17,-1.05,-1.26,-0.08
3792,9,-0.31,-0.32,-0.03
3793,8,-0.05,1.35,-0.02
3794,12,-1.39,-4.85,-0.05
3795,13,-0.32,-8.5,-0.04
3796,12,-6.26,-5.25,-0.1
3797,16,-13.5,-1.06,-14.53
3798,14,1.41,1.56,-0.0
3799,8,-0.3,-0.31,-0.04
3800,7,-0.28,-13.13,-0.06
3801,7,-1.35,5.96,-0.05
3802,11,1.32,-12.3,-0.03
3803,7,-0.04,-0.3,-0.02
3804,9,0.98,1.48,-0.02
3805,12,5.05,-5.65,7.82
3806,13,-0.32,-1.55,-0.03
3807,15,-0.29,-1.81,-0.04
3808,6,-0.03,-0.31,-0.02
3809,13,-1.44,-5.62,0.13
3810,13,-5.85,-2.82,-7.1
3811,10,-0.29,-13.83,-0.02
3812,6,-1.25,9.0,-0.06
3813,8,-0.29,-6.92,-0.06
3814,9,-0.31,-0.32,-0.03
3815,14,-6.25,-1.38,-0.13
3816,12,-0.29,-13.81,-0.02
3817,8,-0.31,-0.31,-0.01
3818,11,-0.31,-8.79,-0.04
3819,8,-0.05,1.34,-0.01
3820,18,1.34,-21.87,-0.01
3821,15,-0.96,-1.13,-0.07
3822,18,-1.26,-1.97,-0.16
3823,13,-5.48,-4.45,0.17
3824,8,-0.3,-0.31,-0.03
3825,6,-0.03,1.32,-0.04
3826,12,-0.31,-1.39,-0.05
3827,8,-0.29,-13.84,-0.03
3828,11,-0.31,-8.79,-0.05
3829,14,-0.29,-1.07,-0.05
3830,13,-8.78,-7.42,-8.87
3831,8,-1.42,17.59,0.78
3832,17,9.18,-0.16,13.91
3833,11,4.12,-6.1,8.65
3834,8,-0.05,-0.31,-0.05
3835,11,1.33,1.37,-0.03
3836,11,-0.29,-0.96,-2.55
3837,12,-2.17,-5.71,-0.16
3838,14,12.81,-4.33,19.11
3839,7,-0.04,-0.28,-0.02
3840,11,-2.89,-6.26,9.42
3841,16,-0.32,-1.48,-0.13
3842,14,-13.55,-0.98,-14.16
3843,8,-0.3,-0.32,-0.02
3844,18,-8.77,-1.61,-7.78
3845,15,6.0,-2.81,6.73
3846,16,-0.33,-1.65,-0.03
3847,13,1.33,1.55,0.0
3848,8,-0.3,-0.31,-0.05
3849,9,0.61,9.31,2.94
3850,16,-0.32,-1.54,-1.51
3851,13,-13.66,-0.96,-14.19
3852,11,1.32,1.5,-0.02
3853,6,-0.03,-0.3,-0.04
3854,15,-0.27,-1.12,-0.04
3855,14,-0.32,-3.39,-0.05
3856,11,-3.07,-5.99,-1.62
3857,16,-5.81,-3.47,-0.09
3858,12,-0.29,-0.96,-0.04
3859,9,-1.34,-5.58,-0.04
3860,9,-0.3,-0.32,-0.02
3861,14,-0.32,-7.73,-0.06
3862,17,-7.26,-1.47,-7.5
3863,16,-13.89,-1.75,-2.61
3864,13,-0.32,-1.35,-0.03
3865,8,-1.37,5.9,-0.06
3866,6,-0.03,0.5,-0.03
3867,7,-0.04,1.32,-0.03
3868,17,-6.15,-1.59,-0.12
3869,8,-1.28,14.78,-0.02
3870,16,1.44,-23.86,-0.05
3871,17,-5.05,-1.68,-4.73
3872,6,-0.03,0.51,-0.03
3873,14,-0.32,-5.34,-3.9
3874,18,-12.86,-2.56,-12.76
3875,8,-0.29,-0.28,-0.03
3876,12,0.7,1.47,-0.05
3877,9,-0.31,-0.32,-0.05
3878,15,1.36,-16.59,-0.01
3879,15,-6.19,-3.59,-0.1
3880,13,1.31,1.56,-0.04
3881,17,1.31,-30.85,-0.03
3882,17,-8.77,-1.54,-8.78
3883,16,-5.93,-2.24,-0.09
3884,16,-0.32,-1.55,-0.05
3885,18,-0.96,-2.08,-0.08
3886,7,-0.04,1.27,-0.03
3887,17,-8.33,-1.52,-8.31
3888,15,1.35,-20.08,0.01
3889,12,-0.29,-0.98,-0.03
3890,10,-0.31,-8.7,-0.03
3891,16,1.45,-25.45,-0.01
3892,8,-0.28,-0.27,-0.07
3893,17,1.46,-24.48,0.0
3894,15,-8.66,-2.13,-8.72
3895,12,-0.29,-13.38,-0.02
3896,10,-0.06,1.37,-0.04
3897,15,-0.32,-1.39,-0.05
3898,16,-13.85,-2.51,-14.65
3899,7,-0.04,-0.31,-0.02
3900,11,-0.28,-13.47,-0.05
3901,10,1.33,1.38,-0.0
3902,15,-2.41,-4.2,-0.84
3903,8,-0.29,-0.27,-0.05
3904,8,-0.29,-8.77,-0.03
3905,6,-1.25,-1.35,-0.06
3906,17,1.51,-37.33,-0.01
3907,6,-0.03,0.48,-0.05
3908,10,-0.32,-0.32,-0.02
3909,9,-0.29,-1.74,-0.02
3910,16,-0.32,-1.64,-0.05
3911,7,-0.29,-0.31,-0.04
3912,14,1.41,-34.61,0.01
3913,14,-6.28,-5.85,-0.09
3914,16,-7.67,-1.5,-7.43
3915,7,-0.28,-0.27,-0.05
3916,17,-6.99,-32.5,-10.4
3917,8,-0.05,1.32,-0.03
3918,13,1.33,-35.34,-0.04
3919,16,-8.79,-1.66,-8.83
3920,9,-0.28,-0.27,-0.03
3921,18,-13.52,-1.75,-13.91
3922,17,-5.61,-1.34,-0.08
3923,10,-0.06,1.41,-0.02
3924,18,1.54,-24.39,-7.19
3925,10,-0.31,-8.73,-0.04
3926,8,-0.3,-0.31,-0.06
3927,11,-0.31,-8.76,-0.03
3928,17,-5.96,-1.03,-0.11
3929,10,1.32,1.35,-0.02
3930,7,-1.26,15.14,-0.05
3931,12,0.24,1.51,-0.03
3932,17,1.53,-25.56,-9.92
3933,13,0.94,-11.99,-0.02
3934,14,-6.27,-3.14,-0.11
3935,7,-0.04,1.04,-0.03
3936,10,1.32,1.37,-0.05
3937,13,11.15,-3.84,16.82
3938,15,-0.29,-1.14,-0.07
3939,8,0.2,1.32,-0.01
3940,14,-13.56,-1.01,-14.59
3941,11,0.98,-8.85,-0.04
3942,8,-1.27,7.06,-0.04
3943,8,0.09,1.32,-0.0
3944,13,1.07,-36.8,-0.03
3945,17,-8.7,-2.16,-8.72
3946,8,-0.05,1.33,-0.03
3947,10,-1.36,-6.25,-0.01
3948,9,0.91,1.32,-0.01
3949,16,-8.68,-1.98,-8.68
3950,13,-13.16,-0.96,-13.82
3951,17,-0.33,-1.53,-0.05
3952,11,-0.28,-13.65,-0.03
3953,7,-1.36,-1.43,-0.0
3954,16,7.12,-3.16,4.41
3955,9,-0.28,-0.26,-0.04
3956,13,-0.32,-1.4,-0.13
3957,18,-13.73,-1.72,-14.59
3958,16,-6.28,-0.42,-0.11
3959,6,-0.03,-0.29,-0.04
3960,14,-0.32,-1.41,-0.04
3961,6,-0.03,-0.3,-0.03
3962,6,-0.03,-0.27,-0.03
3963,17,1.35,-25.36,-0.01
3964,12,-0.28,-0.98,-12.39
3965,18,-8.69,-1.46,-8.28
3966,12,1.31,1.47,-0.0
3967,15,-0.32,-1.43,-1.11
3968,12,-0.31,-8.76,-0.02
3969,6,-0.28,-0.28,-0.04
3970,16,-0.28,-2.02,-0.02
3971,9,-0.52,12.43,2.2
3972,15,-0.29,-1.28,-0.05
3973,16,-13.8,-2.69,-14.69
3974,11,1.32,1.54,-0.02
3975,18,-13.83,-2.18,-14.37
3976,6,-0.03,1.33,-0.04
3977,14,-0.32,-1.99,-2.88
3978,18,-5.44,-0.47,-0.07
3979,6,-1.25,-1.39,-0.0
3980,11,-0.28,-13.88,-0.07
3981,10,-0.06,1.41,-0.03
3982,8,-0.29,-0.28,-0.03
3983,14,-6.18,-1.51,-0.11
3984,10,1.32,1.38,-0.04
3985,6,-0.03,1.32,-0.05
3986,6,-0.03,0.68,-0.03
3987,6,-0.03,-0.3,-0.04
3988,18,1.4,-4.2,-0.15
3989,9,-0.3,-0.31,-0.03
3990,6,-0.03,-0.3,-0.04
3991,7,-0.28,-0.28,-0.05
3992,16,-0.27,-1.69,-0.06
3993,14,1.32,-15.44,-0.03
3994,16,1.53,-13.04,0.01
3995,14,-6.16,-5.0,-0.11
3996,16,14.9,-2.42,22.92
3997,6,-0.03,1.32,-0.02
3998,13,1.35,-33.19,-0.06
3999,12,1.35,1.46,0.02
4000,7,-1.3,-5.41,-0.02
4001,18,-0.32,-1.71,-0.05
4002,9,-1.37,-6.22,-0.02
4003,17,1.33,-37.05,-0.03
4004,14,-0.28,-1.12,-0.04
4005,18,-13.45,-2.7,-14.55
4006,13,1.03,1.53,-0.03
4007,9,-0.31,-0.32,-0.01
4008,18,1.56,-35.49,-1.58
4009,14,1.32,-1.97,-0.04
4010,14,-13.89,-1.02,-14.43
4011,6,-0.27,-0.26,-0.04
4012,11,1.32,1.38,-0.02
4013,13,1.31,-30.62,-0.04
4014,10,11.75,-6.25,22.09
4015,15,11.58,-2.13,17.48
4016,7,-0.06,-7.92,-0.05
4017,18,-13.87,-2.53,-14.63
4018,9,-0.05,1.35,-0.05
4019,11,-0.29,-0.98,-0.05
4020,14,0.54,-30.53,-0.04
4021,12,-0.32,-1.42,-0.04
4022,6,-1.28,-1.36,-0.04
4023,9,-1.36,-1.73,-0.0
4024,13,-0.28,-6.19,-0.06
4025,13,1.31,-34.41,-0.01
4026,9,-0.05,1.36,-0.03
4027,12,0.58,-3.17,2.66
4028,8,-0.05,1.32,-0.05
4029,17,1.33,-1.73,-26.01
4030,14,-0.32,-1.55,-0.04
4031,12,-0.31,-7.23,-0.02
4032,15,11.55,-2.76,17.47
4033,6,-0.03,-0.3,-0.05
4034,11,0.36,1.4,-0.06
4035,10,-0.06,1.53,-0.02
4036,9,-0.29,-13.06,-0.02
4037,12,9.83,-6.01,13.95
4038,10,-0.31,-7.32,-0.04
4039,14,4.88,-4.36,8.03
4040,12,-0.32,-8.78,-0.05
4041,10,-1.44,-6.2,-0.02
4042,16,1.35,-37.94,-0.02
4043,16,-0.32,-1.56,-0.15
4044,10,7.72,-6.1,13.17
4045,12,0.07,1.56,-0.03
4046,18,-1.13,-2.27,-0.06
4047,15,-0.32,-1.51,-0.04
4048,17,-1.7,-1.95,-0.23
4049,11,0.41,1.46,-0.04
4050,18,-1.02,-2.12,-0.06
4051,8,-0.05,1.39,-0.04
4052,18,-4.42,-2.22,-0.14
4053,13,1.24,1.55,-0.01
4054,9,-1.31,0.0,0.01
4055,14,-3.08,-4.47,0.96
4056,17,-6.27,-1.89,-0.09
4057,13,-0.27,-0.96,-0.24
4058,17,-8.39,-2.1,-8.42
4059,17,-0.97,-2.67,-0.05
4060,17,-8.7,-2.19,-8.74
4061,12,1.34,1.54,-0.01
4062,7,-1.26,4.81,-0.02
4063,12,-1.98,-3.57,-0.37
4064,12,-0.28,-0.96,-10.22
4065,11,-0.28,-13.88,-0.05
4066,16,1.35,-6.63,-0.03
4067,9,-0.29,-13.03,-0.01
4068,9,-0.31,-8.79,-0.05
4069,13,-0.32,-7.7,-0.45
4070,17,-6.26,-0.68,-0.08
4071,14,2.17,-3.2,4.63
4072,14,-0.32,-1.38,-4.16
4073,7,-1.3,-0.97,-0.01
4074,15,-0.32,-1.46,-0.05
4075,15,-0.32,-1.49,-4.45
4076,12,-1.41,-5.59,-0.07
4077,14,-0.32,-1.44,-0.05
4078,6,-0.69,-1.36,-0.05
4079,17,-6.28,0.11,-0.1
4080,10,-0.32,-0.31,-0.05
4081,13,-0.28,-1.19,-0.04
4082,11,-0.31,-8.78,-0.03
4083,11,-1.4,-6.13,29.18
4084,15,-0.96,-1.2,-0.04
4085,18,-1.22,-2.15,-0.08
4086,8,-0.29,-0.72,-0.04
4087,6,-0.11,-0.29,-0.06
4088,17,15.36,-0.42,25.47
4089,17,-0.32,-2.03,-0.02
4090,9,-0.05,1.36,-0.04
4091,8,-0.29,-0.27,-0.03
4092,15,-7.44,-1.44,-7.76
4093,12,-0.28,-0.96,-8.63
4094,13,-10.07,-1.01,-10.27
4095,6,-1.26,-1.38,-0.05
4096,6,-1.25,-1.34,-0.05
4097,17,1.38,-22.72,-0.05
4098,11,-1.43,-6.2,17.48
4099,10,-0.29,-13.69,-0.05
4100,14,-3.63,-3.7,-2.27
4101,18,-0.32,-2.0,-0.02
4102,9,-0.05,1.34,-0.05
4103,11,-0.31,-0.32,-0.02
4104,12,-0.28,-1.22,-0.03
4105,12,1.35,1.45,-0.04
4106,7,-0.28,-13.5,-0.03
4107,8,-0.28,-0.27,-0.04
4108,12,-0.29,-0.98,-0.87
4109,9,-0.29,-13.57,-0.07
4110,13,-0.28,-0.95,-2.53
4111,9,-0.05,1.35,-0.03
4112,11,-0.06,1.52,-0.04
4113,17,-11.31,-2.57,-8.43
4114,12,-0.31,-8.74,-0.01
4115,9,1.28,1.37,-0.02
4116,14,14.88,-3.85,22.79
4117,11,-0.31,-8.66,-0.04
4118,13,-0.32,-7.79,-0.05
4119,18,-1.02,-1.97,-0.02
4120,7,-1.33,-0.9,-0.01
4121,10,1.29,1.4,-0.0
4122,17,-0.27,-1.72,-0.05
4123,6,-1.27,-1.41,-0.01
4124,14,-2.2,-7.16,-4.99
4125,10,-1.4,-6.26,0.19
4126,14,-0.32,-1.42,-0.06
4127,12,2.81,-5.75,5.41
4128,11,10.19,-6.22,17.82
4129,13,-0.41,-5.54,3.26
4130,13,2.56,-3.17,5.12
4131,12,-1.43,-5.6,2.88
4132,6,-1.22,-1.4,-0.04
4133,10,-0.29,-1.01,-0.05
4134,17,-0.96,-1.53,-0.07
4135,15,6.08,-3.75,9.53
4136,6,-0.03,0.37,-0.02
4137,17,1.32,-36.3,-0.03
4138,17,-13.39,-2.73,-13.6
4139,12,-0.29,-0.96,-1.36
4140,15,-3.68,-1.26,-3.17
4141,12,0.71,1.42,-0.05
4142,6,-0.03,-0.27,-0.02
4143,18,-33.87,-8.84,-39.53
4144,14,-0.32,-1.76,-0.03
4145,8,-0.05,1.33,-0.02
4146,10,-0.06,1.41,-0.05
4147,16,-6.08,-0.56,-0.12
4148,17,-6.27,-0.79,-0.09
4149,8,-0.05,1.39,-0.03
4150,14,-0.32,-5.55,-0.03
4151,18,-0.97,-2.75,-0.04
4152,9,-0.05,1.37,-0.04
4153,10,-0.28,-13.85,-0.02
4154,18,-6.12,-1.48,-0.12
4155,14,1.42,-25.65,-0.02
4156,10,1.32,1.37,-0.04
4157,17,-1.0,-2.38,-0.04
4158,14,1.32,-19.84,-0.01
4159,13,-0.29,-1.0,-0.09
4160,10,-0.06,1.4,-0.04
4161,15,-13.87,-1.64,-14.66
4162,12,-0.32,-1.49,-0.06
4163,11,-0.31,-8.73,-0.02
4164,16,1.32,-32.87,-0.03
4165,18,-6.28,-0.04,-0.05
4166,7,-0.04,1.32,-0.05
4167,6,-0.03,0.69,-0.03
4168,10,-0.31,-8.72,-0.05
4169,16,-8.73,-1.39,-8.55
4170,14,-13.07,-0.99,-13.39
4171,16,-0.27,-2.7,-0.03
4172,17,-9.52,-2.0,-9.66
4173,7,-0.28,-0.28,-0.03
4174,17,-6.28,-0.62,-0.11
4175,16,-9.92,-2.33,-1.06
4176,13,-1.44,-4.47,-0.06
4177,15,-13.88,-0.97,-14.59
4178,14,-13.88,-0.97,-14.51
4179,17,1.35,7.47,-0.02
4180,10,-0.27,-1.04,-0.05
4181,7,-0.28,-0.27,-0.03
4182,10,-0.31,-0.32,-0.04
4183,8,-0.05,1.36,-0.03
4184,11,0.89,1.42,-0.02
4185,12,-0.07,1.43,-0.05
4186,14,-0.32,-1.41,-5.91
4187,8,-0.28,-0.28,-0.01
4188,17,-6.22,-1.2,-0.11
4189,13,1.31,1.5,-0.02
4190,10,-0.28,-13.86,-0.06
4191,14,-0.28,-0.96,-0.03
4192,18,1.38,7.36,-0.03
4193,12,-0.28,-1.39,-0.05
4194,10,-0.28,-13.36,-0.02
4195,7,-0.09,-0.31,-0.02
4196,18,-6.13,-0.68,-0.1
4197,10,-1.44,-4.66,-0.06
4198,11,-0.74,-6.17,1.06
4199,9,-0.31,-0.32,-0.03
4200,14,-8.78,-1.36,-8.81
4201,14,1.32,1.57,-0.04
4202,16,-5.55,-0.03,-0.14
4203,8,-0.28,-9.44,-0.03
4204,18,-13.87,-2.05,-12.67
4205,15,-0.32,-1.42,-0.11
4206,15,1.31,-26.36,-0.03
4207,13,-0.28,-0.98,-5.64
4208,15,-6.28,-3.56,-0.14
4209,6,-1.25,-2.36,-0.02
4210,15,-0.32,-1.44,-0.05
4211,11,-0.29,-0.97,-0.01
4212,15,-13.62,-2.48,-14.07
4213,10,-0.06,1.38,-0.02
4214,9,-1.41,-5.91,0.28
4215,13,-0.32,-7.34,-0.02
4216,6,-0.28,-0.3,-0.03
4217,16,-8.74,-1.72,-8.77
4218,8,-0.3,-0.32,-0.04
4219,15,1.34,-32.02,-0.01
4220,15,-5.24,-0.49,-0.07
4221,15,-0.32,-1.39,-0.07
4222,9,-0.05,1.36,-0.03
4223,10,0.79,1.44,-0.03
4224,17,1.37,-38.03,-0.04
4225,18,-0.98,-1.78,-0.04
4226,10,-0.28,-13.0,-0.05
4227,18,1.38,-20.09,-0.05
4228,18,-5.91,-0.43,-0.11
4229,15,-13.81,-1.12,-13.96
4230,15,-13.32,-1.22,-6.13
4231,13,0.61,-5.23,2.66
4232,16,-0.32,-1.97,-0.03
4233,15,-13.4,-1.02,-13.76
4234,18,-1.43,-2.24,-1.25
4235,6,-0.03,-0.27,-0.04
4236,17,-13.53,-1.55,-13.96
4237,11,0.09,1.41,-0.03
4238,12,-0.28,-4.91,-3.09
4239,16,-0.32,-1.56,-0.45
4240,13,-0.32,-1.6,-0.06
4241,6,-0.03,-0.03,-0.04
4242,13,1.37,1.48,-0.04
4243,13,-0.32,-3.64,-0.06
4244,14,-13.51,-1.12,-13.89
4245,8,-0.05,1.32,0.0
4246,6,-0.03,0.5,-0.05
4247,10,-1.31,-5.52,0.08
4248,14,-0.32,-1.37,-1.33
4249,17,-5.5,-2.11,-0.05
4250,11,-0.32,-8.33,-0.05
4251,15,1.32,-32.94,-0.02
4252,12,-0.29,-0.96,-4.26
4253,7,-0.04,-0.31,-0.05
4254,7,-1.34,-2.49,-0.05
4255,9,-0.3,-0.31,-0.03
4256,12,1.31,1.53,-0.01
4257,16,-6.21,-3.98,-0.14
4258,14,-0.27,-1.05,-0.05
4259,14,1.31,-22.46,-0.04
4260,6,-0.03,-0.27,-0.02
4261,10,-0.29,-13.49,-0.03
4262,11,1.32,1.45,-0.04
4263,14,1.34,-6.98,-0.02
4264,13,-0.32,-8.0,-0.05
4265,13,-6.27,-3.74,-0.09
4266,13,1.34,1.56,-0.01
4267,14,1.38,1.56,-0.01
4268,6,-0.05,-0.27,-0.02
4269,12,13.22,-5.51,6.74
4270,17,-0.32,-1.51,-0.03
4271,16,1.47,-35.99,-0.04
4272,8,-1.27,13.56,-0.03
4273,12,-1.16,-5.07,0.61
4274,7,-1.3,0.44,-0.03
4275,8,-0.29,-0.27,-0.05
4276,9,1.31,1.49,-0.02
4277,15,-0.32,-1.47,-0.1
4278,15,-0.32,-1.41,-0.84
4279,9,-1.42,12.13,-0.05
4280,10,-0.29,-0.98,-0.01
4281,12,-1.39,-5.42,-0.03
4282,13,-0.32,-1.39,-0.02
4283,15,5.06,-0.85,8.29
4284,10,-3.65,-5.05,-2.31
4285,17,-6.13,-37.5,-8.02
4286,16,-0.32,-1.45,-0.68
4287,14,7.43,-3.46,11.48
4288,15,6.9,-3.18,10.72
4289,17,-7.59,-1.11,-7.52
4290,17,-0.27,-1.77,-0.05
4291,7,-0.28,-0.27,-0.01
4292,18,-6.28,0.22,-0.12
4293,12,2.56,-3.02,10.52
4294,15,-0.27,-1.03,-8.59
4295,6,-0.28,-0.3,-0.03
4296,10,-0.32,-0.32,-0.04
4297,18,1.4,7.0,-0.0
4298,17,-8.78,-1.54,-8.34
4299,13,-6.27,-5.44,-0.06
4300,18,-4.12,-1.77,-0.14
4301,11,-0.29,-13.85,-0.03
4302,18,-0.33,-1.63,-0.02
4303,13,1.31,1.56,-0.02
4304,17,1.47,-18.83,-0.05
4305,14,-0.32,-7.58,-0.1
4306,9,-0.3,-0.31,-0.02
4307,11,-0.31,-8.77,-0.02
4308,14,-6.25,-1.74,-0.08
4309,13,15.86,-2.75,24.66
4310,6,-0.03,-0.27,-0.05
4311,7,-0.04,1.3,-0.04
4312,6,-0.03,0.4,-0.05
4313,10,0.55,1.39,-0.05
4314,16,-8.7,-1.45,-8.72
4315,16,1.37,-37.84,-0.01
4316,7,-0.29,-0.3,-0.05
4317,11,-0.31,-8.62,-0.03
4318,9,-0.05,1.35,-0.04
4319,9,-0.28,-13.41,-0.05
4320,10,-0.31,-0.32,-0.0
4321,10,-1.36,-5.93,-0.03
4322,10,-0.29,-0.96,-0.05
4323,15,-0.32,-1.87,-0.03
4324,7,-0.28,-0.28,-0.03
4325,15,-13.23,-1.08,-13.59
4326,9,1.49,-6.25,8.53
4327,7,-0.29,-0.32,-0.06
4328,9,-0.29,-7.54,-0.04
4329,9,-1.43,-1.24,-0.02
4330,9,-0.29,-6.62,-0.03
4331,7,-0.04,0.98,-0.05
4332,6,-1.25,-1.4,-0.04
4333,15,1.18,-20.09,-0.03
4334,7,-0.28,-0.27,-0.04
4335,10,-0.28,-11.15,-0.06
4336,10,0.59,1.37,-0.04
4337,15,1.54,-33.46,-0.03
4338,11,-0.29,-1.07,-0.04
4339,14,16.72,-3.6,24.97
4340,11,-0.31,-5.89,-0.05
4341,13,8.79,-4.34,17.82
4342,7,-1.33,1.77,-0.08
4343,12,-0.29,-0.97,-0.03
4344,15,-0.32,-1.42,-0.1
4345,8,-1.37,2.42,-0.03
4346,9,-0.31,-0.32,-0.04
4347,13,-0.28,-1.24,-2.26
4348,15,-5.96,-4.13,-0.1
4349,15,-0.29,-1.41,-0.04
4350,12,1.34,1.46,-0.04
4351,11,-0.32,-8.78,-0.02
4352,6,-0.03,-0.29,-0.02
4353,10,-1.38,-5.74,-0.05
4354,12,11.07,-3.88,16.72
4355,18,-0.32,-1.65,-0.05
4356,16,-8.74,-2.09,-8.51
4357,15,-8.54,-1.37,-8.74
4358,12,-0.28,-1.06,-0.06
4359,8,-1.31,5.83,-0.06
4360,14,-0.32,-1.49,-0.06
4361,6,-0.03,-0.27,-0.02
4362,15,-6.05,-3.8,-0.06
4363,11,1.26,1.46,-0.04
4364,11,-0.32,-8.75,-0.02
4365,15,1.31,-34.3,-0.03
4366,7,-0.04,-0.3,-0.05
4367,17,-6.24,-1.25,-0.09
4368,8,-0.3,-0.31,-0.06
4369,17,1.48,-34.4,-0.02
4370,18,-4.58,-0.73,-0.11
4371,8,-2.08,12.72,-1.68
4372,17,-7.83,-1.54,-6.02
4373,10,0.01,1.44,-0.05
4374,11,-0.27,-13.89,-0.04
4375,15,-0.32,-1.4,-0.07
4376,6,-0.03,-0.27,-0.03
4377,11,-2.78,-5.82,-1.25
4378,16,-6.22,-0.8,-0.11
4379,16,-6.28,-0.22,-0.09
4380,18,-0.33,-1.62,-0.05
4381,17,1.34,-34.4,-0.04
4382,10,0.5,1.41,-0.05
4383,14,1.32,-4.37,-0.04
4384,7,-1.29,-2.97,-0.05
4385,10,-0.31,-0.32,-0.06
4386,11,1.28,1.43,-0.02
4387,6,-0.03,0.52,-0.03
4388,6,-1.27,-1.36,-0.0
4389,8,-0.29,-0.27,-0.04
4390,9,-1.38,-5.56,-0.04
4391,16,-0.32,-1.53,-0.13
4392,7,-0.29,-0.3,-0.0
4393,8,-0.05,1.33,-0.03
4394,15,-0.32,-1.45,-4.36
4395,18,7.96,-0.86,16.82
4396,16,1.38,-37.95,-0.05
4397,7,-1.34,-2.38,-0.04
4398,16,-13.14,-1.67,-13.46
4399,8,-0.05,1.38,-0.03
4400,6,-0.03,0.29,-0.02
4401,17,1.39,7.51,-0.04
4402,17,-12.79,-1.58,-12.79
4403,7,-1.26,4.4,-0.06
4404,6,-1.26,-1.37,-0.02
4405,6,-0.03,-0.3,-0.01
4406,8,-0.28,-0.28,-0.01
4407,6,-0.03,-0.27,-0.03
4408,6,-0.03,-0.27,-0.05
4409,6,-0.03,-0.3,-0.03
4410,14,-4.52,-7.28,-4.38
4411,8,-1.33,14.36,-0.02
4412,16,1.33,-19.84,-0.4
4413,15,-0.32,-2.23,-0.04
4414,15,1.36,-16.31,-0.04
4415,7,-0.28,-0.27,-0.04
4416,9,-0.3,-0.32,-0.03
4417,8,-0.17,-0.31,-0.03
4418,14,-0.29,-1.06,-0.03
4419,15,-0.29,-1.04,-0.05
4420,18,-5.88,-0.36,-0.13
4421,15,-0.16,-3.48,1.81
4422,14,-1.23,-1.64,0.53
4423,6,-1.34,-3.57,-0.02
4424,16,1.35,-37.11,-0.01
4425,16,-0.33,-1.78,-0.03
4426,18,-10.8,-2.68,-10.99
4427,15,1.31,-35.45,-0.03
4428,14,-0.27,-1.87,-0.06
4429,7,-1.31,2.48,-0.03
4430,13,-0.32,-1.39,-0.03
4431,8,-1.28,-6.24,-0.05
4432,15,-0.32,-1.42,-0.26
4433,15,1.43,-4.28,-0.03
4434,6,-1.25,-1.38,-0.05
4435,13,-0.32,-8.25,-0.05
4436,13,-0.32,-7.45,-0.06
4437,11,1.23,1.43,-0.02
4438,11,-0.06,1.41,-0.06
4439,7,-0.29,-0.31,-0.04
4440,16,-4.95,0.16,1.49
4441,9,-0.31,-0.31,-0.06
4442,15,-0.32,-1.58,-0.04
4443,7,-0.28,-0.27,-0.03
4444,12,-12.76,-0.98,-13.16
4445,6,-0.03,-0.27,-0.03
4446,14,-0.28,-1.0,-0.05
4447,12,-1.39,-5.15,-0.03
4448,8,-0.28,-0.27,-0.07
4449,7,-0.04,1.32,-0.01
4450,16,-0.32,-2.05,-0.05
4451,15,1.51,-4.08,-0.04
4452,15,1.35,-13.55,-0.02
4453,12,-6.23,-8.34,-4.28
4454,15,-0.32,-1.4,-0.04
4455,13,-8.77,-1.37,-8.8
4456,7,-0.04,1.32,-0.02
4457,11,1.25,-6.0,-0.04
4458,14,-0.29,-1.02,-0.02
4459,13,1.35,1.49,-0.04
4460,9,-0.29,-13.16,-0.03
4461,15,-13.6,-1.1,-14.01
4462,12,-1.43,-3.55,-0.05
4463,8,-1.29,-5.87,-0.03
4464,6,-0.03,-0.27,-0.05
4465,18,-2.89,-2.72,-2.4
4466,17,-7.92,-1.49,-7.82
4467,6,-0.27,-0.27,-0.01
4468,12,15.99,-3.48,24.94
4469,10,-0.29,-13.26,-0.02
4470,15,9.74,-3.46,14.7
4471,13,1.32,1.55,-0.05
4472,14,-0.32,-1.38,-0.04
4473,14,-12.91,-1.01,-13.48
4474,8,-0.3,-0.31,-0.04
4475,6,-0.03,1.04,-0.03
4476,9,-0.05,1.38,-0.01
4477,16,-0.32,-1.91,-0.04
4478,18,-1.42,-1.66,-0.07
4479,14,-1.43,-4.44,-0.07
4480,7,-0.04,1.36,-0.07
4481,10,-0.29,-13.78,-0.01
4482,6,-0.03,-0.27,-0.04
4483,16,-0.29,-1.13,-9.38
4484,17,-5.99,-1.69,-0.13
4485,16,1.32,-37.47,-0.01
4486,6,-0.03,1.32,-0.02
4487,15,1.32,-25.29,0.01
4488,10,-0.31,-8.77,-0.01
4489,14,-6.13,-1.03,-6.11
4490,7,-0.04,0.96,-0.02
4491,7,-0.04,1.32,-0.01
4492,15,-13.86,-1.06,-14.43
4493,8,-0.05,-0.31,-0.05
4494,9,-0.28,-0.27,-0.02
4495,12,-1.38,-4.5,-0.03
4496,10,-0.28,-13.74,-0.05
4497,6,-0.03,0.28,-0.01
4498,11,-1.35,-5.63,-0.03
4499,18,-8.79,-1.7,-4.12
4500,9,-0.27,-13.82,-0.06
4501,18,-7.39,-1.81,-7.28
4502,13,-0.28,-0.97,-0.05
4503,18,1.36,-31.78,-0.04
4504,9,-0.31,-0.32,-0.05
4505,17,1.5,-26.88,-0.01
4506,12,1.33,1.45,-0.02
4507,14,1.34,-36.52,-0.01
4508,16,-1.37,-2.24,-0.03
4509,18,-13.56,-1.61,-14.62
4510,16,1.31,-37.01,-0.04
4511,11,-0.32,-6.09,-0.01
4512,16,-0.32,-1.59,-0.92
4513,15,8.68,-3.14,13.14
4514,17,1.33,-36.27,-0.02
4515,6,-0.03,-0.3,-0.02
4516,12,-0.32,-8.61,-0.05
4517,17,-13.88,-2.74,-14.64
4518,15,15.98,-2.53,26.14
4519,14,-6.19,-0.25,-0.12
4520,7,-1.26,-1.43,-0.05
4521,18,-1.39,-1.55,-0.79
4522,17,-13.89,-2.13,-2.72
4523,9,-0.05,1.37,-0.04
4524,13,1.33,1.56,-0.01
4525,16,-6.27,-2.95,-0.13
4526,18,3.66,-0.8,11.8
4527,7,-0.3,-0.3,-0.05
4528,13,-0.32,-1.38,-0.04
4529,6,-1.25,-1.39,-0.03
4530,10,-0.31,-8.78,-0.03
4531,16,1.44,-21.1,-0.03
4532,10,-0.3,-10.92,-0.04
4533,16,-8.7,-1.44,-8.69
4534,12,-0.28,-0.97,-11.78
4535,15,-7.54,-1.49,-7.59
4536,6,-0.03,0.73,-0.05
4537,16,-5.37,-3.05,-0.08
4538,17,-6.04,-3.88,-0.07
4539,11,-0.28,-13.71,-0.05
4540,15,-0.28,-1.29,-0.03
4541,18,1.39,-28.67,-0.03
4542,11,12.91,-3.99,19.59
4543,9,-1.29,-6.25,-0.06
4544,14,4.24,-4.22,1.5
4545,17,9.77,-0.99,18.98
4546,18,-8.79,-1.71,-6.97
4547,17,-8.73,-2.05,-8.77
4548,13,-0.27,-0.99,-8.19
4549,7,-0.04,-0.3,-0.01
4550,9,-0.31,-8.68,-0.07
4551,15,1.32,0.03,-0.03
4552,13,-12.89,-0.97,-13.68
4553,18,-13.0,-2.09,-13.31
4554,11,1.33,1.41,-0.02
4555,12,11.47,-2.88,17.27
4556,10,-0.31,-0.32,-0.05
4557,13,-0.32,-7.58,-0.04
4558,6,-0.03,-0.27,-0.07
4559,16,1.32,-37.71,-0.02
4560,8,-0.05,1.35,-0.02
4561,12,1.1,-5.57,3.3
4562,15,-6.27,-1.03,-0.13
4563,18,-8.59,-1.44,-8.67
4564,8,-0.3,-0.31,-0.02
4565,18,-13.84,-1.88,-13.96
4566,17,-0.28,-1.26,-0.04
4567,9,-0.05,1.43,-0.04
4568,14,1.09,-11.17,-0.01
4569,11,-1.35,-6.03,-0.04
4570,10,8.94,8.33,9.55
4571,16,-0.29,-1.14,-0.07
4572,12,-0.32,-8.67,-0.06
4573,10,-0.06,1.44,-0.04
4574,17,-1.76,-1.71,-1.21
4575,17,-6.28,-1.41,-0.07
4576,7,0.01,1.32,-0.03
4577,18,1.53,-33.97,-0.05
4578,11,-0.29,-0.96,-0.05
4579,15,-0.32,-1.43,-0.04
4580,8,-0.28,-0.27,-0.01
4581,8,-0.05,-0.31,-0.04
4582,6,-0.03,-0.3,-0.04
4583,18,-5.26,-2.31,-0.06
4584,16,-6.21,-3.84,-0.12
4585,17,17.18,-1.31,3.97
4586,12,1.36,1.5,-0.01
4587,16,1.41,-33.73,-0.02
4588,15,-1.1,-2.55,-0.24
4589,16,1.44,2.73,-0.0
4590,14,-0.28,-1.01,-0.01
4591,18,-1.4,-1.69,-0.06
4592,11,-0.31,-8.61,-0.05
4593,10,-0.06,1.45,-0.05
4594,13,1.32,1.49,0.0
4595,13,1.37,-36.43,-0.01
4596,18,-0.32,-1.66,-0.8
4597,9,-0.29,8.63,1.87
4598,9,-1.36,-5.94,-0.06
4599,7,-0.04,-0.26,-0.01
4600,16,1.35,-37.45,-0.04
4601,14,1.3,1.57,-0.03
4602,11,1.32,1.42,-0.02
4603,9,-0.3,-8.68,-0.03
4604,14,2.67,-4.46,10.61
4605,14,-6.22,-5.33,-0.13
4606,9,4.2,-5.57,7.18
4607,14,1.33,-26.64,-0.01
4608,11,0.63,1.41,-0.04
4609,17,1.4,7.46,-0.0
4610,17,-6.01,-1.21,-0.14
4611,6,-1.18,-1.4,-0.03
4612,14,1.38,1.53,-0.0
4613,7,-0.04,-0.31,-0.03
4614,18,1.49,-35.38,-0.0
4615,15,-0.32,-1.37,-0.07
4616,13,-7.18,-1.51,-7.25
4617,6,-1.25,-1.37,-0.04
4618,15,-0.32,-1.49,-0.07
4619,10,0.95,1.37,-0.02
4620,13,16.88,-3.61,26.39
4621,7,-0.28,-0.28,-0.0
4622,8,-1.27,13.82,-0.03
4623,14,-0.32,-1.36,-1.0
4624,8,-0.3,-0.31,-0.03
4625,8,-1.27,16.17,-0.03
4626,15,2.11,-3.82,4.56
4627,9,-1.39,8.14,0.11
4628,11,-1.44,-3.55,-0.02
4629,11,1.33,1.39,-0.02
4630,12,-0.31,-1.42,-0.03
4631,16,1.35,-34.04,-0.04
4632,17,-13.54,-2.56,-14.59
4633,16,1.56,-37.99,-1.71
4634,14,7.06,-1.25,10.96
4635,14,17.12,-3.9,26.64
4636,16,-0.33,-2.24,-0.03
4637,10,-0.29,-10.07,-0.01
4638,18,-6.26,-1.12,-0.09
4639,18,-8.07,-1.64,-7.67
4640,12,-0.27,-6.85,-0.63
4641,18,-4.4,-1.67,-0.14
4642,11,-0.29,-0.98,-0.03
4643,17,-0.32,-1.92,-0.05
4644,14,-13.81,-1.0,-14.34
4645,7,-0.04,-0.3,-0.01
4646,18,1.51,-17.94,-0.55
4647,18,-0.32,-1.7,-0.03
4648,17,-0.97,-1.15,-0.08
4649,11,-0.31,-8.76,-0.02
4650,13,-13.68,-0.97,-14.26
4651,18,-8.22,-1.67,-8.21
4652,9,-0.28,-13.87,-0.03
4653,17,-12.98,-2.71,-13.28
4654,8,-0.3,-0.31,-0.05
4655,16,1.45,-33.4,-0.02
4656,18,14.16,-0.67,1.04
4657,14,-0.32,-1.36,-0.24
4658,16,-0.33,-1.81,-0.06
4659,7,-0.04,1.33,-0.04
4660,11,-1.41,-6.0,-0.03
4661,17,-8.58,-1.44,-8.43
4662,13,12.63,-4.33,2.07
4663,10,-0.06,1.39,-0.02
4664,8,1.0,1.41,-0.03
4665,8,-0.05,1.33,-0.05
4666,14,14.65,0.21,24.6
4667,6,-0.03,0.88,-0.03
4668,15,-0.33,-1.56,-0.06
4669,10,0.4,1.4,-0.03
4670,13,-0.29,-0.98,-0.03
4671,7,-0.04,0.94,-0.06
4672,8,-0.07,-0.32,-0.04
4673,16,-0.71,-3.06,6.62
4674,9,-0.29,-13.57,-0.04
4675,10,-0.31,-6.34,-0.03
4676,15,-6.25,-3.09,-0.08
4677,10,-0.29,-13.86,-0.06
4678,14,1.33,1.53,-0.02
4679,7,-1.34,-2.72,-0.04
4680,7,-0.29,-0.3,-0.02
4681,15,-0.32,-1.54,-0.62
4682,17,-0.97,-1.85,-0.04
4683,13,-3.17,-0.99,-4.29
4684,17,-0.27,-2.74,-0.02
4685,8,-1.29,8.81,-0.04
4686,12,-1.42,-4.36,-0.04
4687,18,-6.28,-2.4,-0.11
4688,10,-0.31,-0.32,-0.05
4689,8,-0.29,-13.54,-0.05
4690,8,-0.3,-3.01,-0.03
4691,12,-13.28,-7.35,-13.68
4692,17,-3.18,-0.24,3.65
4693,8,-1.28,12.66,-0.05
4694,16,1.3,-36.99,-0.03
4695,18,1.35,6.54,-0.35
4696,8,-0.29,-13.39,-0.04
4697,14,-13.89,-1.92,-14.58
4698,18,-6.26,-0.74,-0.12
4699,9,-0.3,-0.32,-0.04
4700,17,-13.87,-2.72,-14.5
4701,17,-7.57,-1.5,-7.47
4702,8,-0.05,1.41,-0.05
4703,9,-0.31,-0.32,-0.02
4704,6,-1.25,-1.36,-0.04
4705,13,1.34,1.55,-0.01
4706,16,-0.28,-1.7,-0.02
4707,7,-1.37,1.64,-0.05
4708,18,-13.89,-2.03,-14.53
4709,7,-0.3,-0.31,-0.05
4710,12,-0.27,-12.43,-0.29
4711,16,-0.32,-1.56,-0.06
4712,12,-0.31,-7.72,-0.03
4713,8,-0.05,1.34,-0.05
4714,7,-0.04,-0.31,-0.02
4715,13,-0.32,-1.39,-0.01
4716,7,-0.04,1.33,-0.04
4717,16,-0.29,-1.42,-0.04
4718,16,-8.79,-1.46,-8.11
4719,10,-0.06,1.39,-0.05
4720,17,1.33,-35.99,-0.0
4721,12,-0.28,-0.97,-0.02
4722,6,-0.03,-0.03,-0.05
4723,8,-0.3,-0.31,-0.07
4724,13,1.31,-16.39,-0.02
4725,14,-3.16,-4.36,-1.8
4726,16,-4.62,-0.8,-0.12
4727,6,-0.03,-0.3,-0.04
4728,15,1.31,-38.14,-0.01
4729,13,-0.32,-8.0,-0.07
4730,12,1.31,1.52,-0.03
4731,13,1.36,1.56,-0.04
4732,11,-0.06,1.45,-0.03
4733,14,-0.32,-1.47,-3.31
4734,9,-1.29,-6.25,-0.05
4735,7,-0.28,-0.27,-0.02
4736,15,-0.28,-1.56,-0.03
4737,10,-0.06,1.39,-0.02
4738,15,-0.29,-1.21,-0.03
4739,17,-0.27,-2.46,-0.03
4740,18,-0.96,-2.55,-0.05
4741,10,-0.31,-0.32,-0.02
4742,16,1.55,-34.8,-2.03
4743,15,-0.96,-2.71,-0.02
4744,14,-0.28,-1.17,-0.06
4745,10,-0.31,-0.32,-0.04
4746,11,-1.41,-4.82,-0.06
4747,6,-0.03,-0.03,-0.05
4748,15,1.34,-30.12,-0.0
4749,14,1.36,-27.13,-0.01
4750,11,-0.32,-8.78,-0.05
4751,13,16.85,-5.33,26.39
4752,12,-0.27,-13.81,-0.63
4753,14,8.8,-4.43,16.8
4754,13,1.15,-17.07,-0.03
4755,14,-1.96,-4.26,-0.33
4756,14,-0.28,-1.13,-0.09
4757,10,-1.33,-6.25,16.99
4758,13,-0.28,-1.71,-0.03
4759,6,-1.27,-1.37,-0.05
4760,8,-0.05,1.33,-0.03
4761,9,-0.31,-0.32,-0.03
4762,15,-13.85,-1.36,-14.2
4763,12,17.21,-5.88,27.21
4764,7,-0.28,-0.27,-0.04
4765,17,-9.88,-1.92,-10.03
4766,15,11.83,-1.92,17.85
4767,7,-1.3,-5.34,-0.02
4768,10,-0.29,-13.18,-0.07
4769,8,-0.05,1.32,-0.02
4770,15,1.33,0.41,0.01
4771,14,1.39,1.53,-0.01
4772,6,-0.29,-0.3,-0.06
4773,11,-13.21,-13.81,-13.36
4774,18,-13.8,-2.07,-4.85
4775,17,-7.89,-1.56,-7.18
4776,11,9.62,-5.6,18.6
4777,10,0.83,1.4,0.0
4778,9,-0.28,-0.27,-0.06
4779,15,-0.27,-1.09,-0.3
4780,9,-0.31,-0.31,-0.07
4781,6,-0.29,-0.3,-0.05
4782,8,-0.3,-0.31,-0.01
4783,15,-0.27,-1.59,-0.05
4784,10,-0.29,-13.85,-0.02
4785,12,-0.32,-8.61,-0.01
4786,6,-0.03,-0.3,-0.04
4787,16,-8.65,-7.06,-8.65
4788,12,-1.4,-5.66,-0.04
4789,17,-6.27,-0.95,-0.12
4790,16,-6.25,-2.4,-0.09
4791,16,-7.86,-1.44,-7.67
4792,13,-0.28,-1.02,-0.07
4793,9,-1.36,10.02,-0.06
4794,18,-5.07,-1.53,-0.08
4795,13,-7.03,-8.04,-5.59
4796,7,-1.26,-1.69,-0.06
4797,9,-0.29,-0.27,-0.01
4798,13,-0.32,-1.43,-0.03
4799,7,-0.04,-0.3,-0.02
4800,16,15.86,-1.87,22.06
4801,6,-0.03,-0.31,-0.05
4802,11,-0.32,-8.58,-0.06
4803,6,-0.03,-0.27,-0.05
4804,11,-0.29,-13.8,-0.04
4805,10,-0.32,-0.32,-0.04
4806,11,10.89,-5.95,15.84
4807,9,-0.28,-12.89,-0.06
4808,11,-1.39,-5.62,-0.05
4809,18,-0.99,-2.0,-0.05
4810,12,1.38,-37.76,-1.19
4811,12,-13.24,-0.96,-13.83
4812,7,-1.27,-1.41,-0.04
4813,9,-0.29,-0.27,-0.05
4814,14,1.33,-36.75,-0.0
4815,12,-0.31,-7.89,-0.03
4816,10,-1.37,-6.26,5.57
4817,11,-0.29,-13.66,-0.02
4818,18,1.33,-14.3,-0.16
4819,7,-0.28,-8.93,-0.03
4820,11,1.31,1.38,-0.01
4821,8,-0.3,-0.32,-0.02
4822,15,-0.44,-3.01,1.36
4823,7,-0.04,1.32,-0.03
4824,10,-0.29,-13.85,-0.02
4825,15,-5.81,-0.75,-0.12
4826,15,1.35,-22.25,-0.02
4827,13,-1.72,-7.59,-3.81
4828,16,-0.32,-1.37,-3.87
4829,12,-0.28,-11.53,-0.02
4830,15,-0.32,-1.51,-0.01
4831,11,1.32,1.37,-0.05
4832,15,1.31,-13.54,-0.02
4833,15,-6.2,-4.48,-0.13
4834,18,1.42,-37.36,-0.02
4835,12,-0.32,-1.41,0.0
4836,12,-0.31,-7.95,-0.05
4837,16,-5.34,-1.6,-4.4
4838,13,13.84,-2.58,21.11
4839,16,-4.74,-1.51,-4.96
4840,15,-0.29,-1.4,-6.93
4841,14,-0.32,-1.41,-1.94
4842,10,9.23,-6.25,18.16
4843,11,-1.35,-6.04,-0.05
4844,9,-0.29,-2.97,-0.06
4845,18,1.52,-25.76,-1.71
4846,18,-0.96,-1.52,-0.06
4847,18,1.45,-27.89,-1.05
4848,8,-0.05,1.36,-0.05
4849,8,-0.3,-0.31,-0.06
4850,11,1.95,-5.01,4.37
4851,16,-5.88,-1.87,-0.07
4852,11,0.37,1.49,-0.02
4853,13,-0.32,-7.95,-0.05
4854,8,-0.29,-0.27,-0.04
4855,9,-1.42,-5.92,-0.04
4856,18,-28.87,-9.15,-34.91
4857,18,-1.0,-1.58,-0.03
4858,16,-13.46,-1.37,-13.88
4859,8,-0.05,1.39,-0.03
4860,9,-0.3,-0.32,-0.07
4861,6,-0.28,-0.27,-0.06
4862,7,-0.3,-0.3,-0.05
4863,13,-9.87,-13.61,-9.33
4864,14,-1.44,-4.25,-0.05
4865,9,-0.28,-12.88,-0.05
4866,7,-0.04,1.26,-0.05
4867,10,-0.29,-13.76,-0.07
4868,7,-0.04,-0.31,-0.04
4869,9,-0.31,-0.32,-0.04
4870,6,-0.28,-0.29,-0.0
4871,10,-0.13,-6.26,5.19
4872,7,-0.04,-0.3,-0.02
4873,6,-0.03,0.83,-0.01
4874,10,-0.31,-0.32,0.0
4875,18,-8.35,-1.47,-8.25
4876,17,-0.96,-2.64,-0.08
4877,13,1.33,1.57,0.01
4878,17,1.37,-25.66,-0.01
4879,13,-6.27,-5.3,-0.1
4880,11,0.55,1.43,-0.02
4881,8,0.22,1.33,-0.02
4882,13,9.01,-5.47,18.03
4883,9,-0.05,1.36,-0.05
4884,16,1.36,-28.98,0.01
4885,13,-0.29,-1.28,-0.01
4886,9,-0.29,-13.69,-0.03
4887,10,-0.06,1.4,-0.03
4888,12,-0.28,-0.97,-2.96
4889,13,1.35,1.49,-0.0
4890,14,-13.89,-0.98,-14.58
4891,17,5.93,-1.87,14.5
4892,18,1.42,-28.37,-0.01
4893,10,-0.29,-0.95,-0.05
4894,18,-8.79,-1.57,-7.78
4895,6,-0.28,-0.28,-0.03
4896,12,16.83,-3.78,27.14
4897,13,1.32,1.52,-0.0
4898,10,-1.37,-5.77,-0.05
4899,15,17.42,-4.38,27.16
4900,13,-0.32,-7.49,-0.03
4901,10,-0.06,1.36,-0.04
4902,16,-13.65,-2.72,-14.63
4903,6,-0.03,0.56,-0.02
4904,13,1.24,1.48,-0.01
4905,18,1.42,-22.49,-0.01
4906,17,-5.37,-2.96,-0.11
4907,6,-0.03,-0.3,-0.04
4908,8,-0.28,-0.27,-0.01
4909,7,-0.04,-0.3,-0.02
4910,17,17.13,-1.64,26.89
4911,18,-13.88,-2.13,-14.11
4912,17,-6.2,-0.77,-0.11
4913,15,1.32,-33.56,-0.01
4914,10,-0.28,-13.72,0.01
4915,15,-0.32,-1.38,-1.56
4916,8,-1.33,13.86,-0.02
4917,8,1.27,1.35,-0.03
4918,7,-0.04,-0.31,-0.02
4919,7,-0.05,-0.27,-0.04
4920,13,1.07,1.52,0.0
4921,7,-0.04,1.37,-0.02
4922,12,-0.28,-11.24,-0.04
4923,6,-0.03,1.32,-0.05
4924,9,2.39,-6.25,5.71
4925,15,-8.33,-1.94,-8.33
4926,8,-0.29,-0.32,-0.02
4927,18,-8.74,-1.59,-7.11
4928,7,-0.04,-0.3,-0.02
4929,9,-1.3,-6.17,0.04
4930,16,-1.21,-1.62,-1.01
4931,18,-0.33,-1.65,-0.07
4932,14,-0.28,-1.02,-3.28
4933,7,-1.3,-0.41,-0.01
4934,17,4.91,0.21,13.29
4935,9,-1.35,17.11,0.46
4936,11,-0.31,-1.38,-0.02
4937,18,-13.68,-2.08,-1.81
4938,13,-0.32,-1.45,-0.05
4939,8,-0.3,-0.31,-0.01
4940,16,-6.11,-3.26,-0.13
4941,7,-0.04,-0.31,-0.05
4942,11,-0.29,-13.45,-0.02
4943,16,-1.71,-0.99,5.41
4944,10,1.33,1.38,0.0
4945,12,-0.29,-1.28,-0.03
4946,18,1.45,-12.19,-0.01
4947,10,-0.31,-0.32,-0.02
4948,9,-1.33,13.61,-0.05
4949,6,-0.03,0.35,-0.01
4950,8,-0.05,-0.32,-0.02
4951,14,-0.28,-1.04,-0.07
4952,6,-1.26,1.3,-0.01
4953,6,-0.03,-0.3,-0.02
4954,18,1.35,6.99,-0.03
4955,18,-0.33,-1.74,-0.01
4956,8,-1.3,5.94,-0.05
4957,7,-1.28,4.41,-0.04
4958,6,-1.25,-1.4,-0.03
4959,17,-0.33,-1.68,-0.07
4960,11,-0.29,-2.01,-0.05
4961,8,-0.3,-0.31,-0.01
4962,10,-1.39,-4.72,-0.04
4963,16,-0.32,-1.46,-0.23
4964,11,-0.31,-2.89,-0.02
4965,14,1.32,-6.23,-0.03
4966,17,-5.29,-1.58,-0.07
4967,14,-6.28,-5.39,-0.12
4968,15,-0.32,-1.36,-0.07
4969,7,-1.29,14.0,-0.05
4970,17,1.36,-20.91,-0.04
4971,8,-0.3,-0.31,-0.06
4972,7,-1.35,-2.27,-0.07
4973,12,0.96,-31.74,-0.04
4974,10,1.22,1.4,0.02
4975,14,-0.32,-1.64,-0.06
4976,18,1.35,-14.8,-0.01
4977,13,-0.28,-0.96,-1.81
4978,8,-0.05,1.33,-0.02
4979,8,-0.05,1.33,-0.04
4980,17,-13.69,-2.19,-14.15
4981,8,-0.05,1.33,-0.05
4982,17,-6.28,-1.39,-0.08
4983,6,-0.03,-0.3,-0.05
4984,17,-5.45,-1.63,-0.13
4985,11,1.32,-6.21,-0.03
4986,8,-0.29,-3.57,-0.03
4987,6,-0.03,-0.3,-0.04
4988,8,-0.3,-0.32,-0.03
4989,7,-0.04,1.27,-0.03
4990,18,1.41,7.25,-0.03
4991,18,-0.33,-1.55,-0.6
4992,13,-0.32,-6.65,0.0
4993,9,-0.05,1.36,-0.04
4994,15,-6.07,-4.06,-0.11
4995,11,-0.32,-3.04,-0.05
4996,18,1.41,-7.94,-0.08
4997,9,-0.05,1.38,-0.04
4998,18,-4.88,-0.92,-0.12
4999,15,-8.77,-1.41,-8.53
5000,7,-0.04,1.32,-0.05
5001,13,-9.48,-8.69,-11.6
5002,18,-8.71,-1.6,-8.69
5003,10,-0.29,-13.88,-0.04
5004,9,-1.32,-5.35,0.23
5005,8,-1.39,-6.24,0.21
5006,7,-1.26,4.92,-0.03
5007,9,1.31,1.45,-0.05
5008,16,-13.89,-1.26,-14.5
5009,14,-5.51,-1.27,0.85
5010,12,-3.71,-4.89,-2.26
5011,9,-1.35,-6.23,-0.01
5012,7,-1.29,-1.41,-0.05
5013,14,1.34,-27.21,-0.04
5014,8,-1.32,-6.08,-0.04
5015,11,-0.31,-8.72,-0.01
5016,12,-0.31,-1.37,-0.04
5017,17,-5.17,-3.01,-0.14
5018,17,1.5,-33.29,-0.06
5019,7,-0.04,-0.27,-0.04
5020,15,-5.71,-1.06,-6.65
5021,16,1.49,-33.28,-0.01
5022,18,-0.98,-2.51,-0.04
5023,11,1.31,-6.76,-0.02
5024,15,13.8,-2.94,23.14
5025,11,-0.29,-0.99,-0.01
5026,8,0.45,1.38,-0.01
5027,7,-0.04,-0.31,-0.02
5028,12,1.31,1.49,-0.03
5029,9,-0.28,-13.88,-0.08
5030,18,-6.27,-1.92,-0.1
5031,8,0.33,1.33,-0.03
5032,10,-1.35,-5.28,-0.05
5033,9,-0.29,-0.27,-0.02
5034,18,-13.89,-2.53,-14.56
5035,15,-0.96,-1.08,-3.6
5036,7,-1.26,-0.54,-0.04
5037,18,1.39,-37.38,-0.01
5038,12,7.77,-5.84,16.59
5039,10,-0.32,-0.32,-0.03
5040,16,1.38,-17.57,-0.04
5041,16,-8.79,-1.51,-7.73
5042,15,1.33,-36.03,-0.02
5043,11,-0.29,-13.77,-0.03
5044,11,12.37,-5.73,13.67
5045,17,-8.31,-2.17,-8.31
5046,18,-0.32,-1.57,-0.5
5047,17,-0.27,-1.45,-0.05
5048,14,-1.97,-0.97,-0.33
5049,6,-0.28,-0.27,-0.03
5050,10,-0.28,-11.73,-0.03
5051,6,-0.03,-0.29,-0.04
5052,15,-7.3,-2.74,-7.33
5053,7,-1.26,17.13,-0.04
5054,13,-6.26,-5.7,-0.09
5055,11,-1.39,-5.77,0.03
5056,10,-0.29,-13.48,-0.02
5057,11,1.31,1.41,-0.06
5058,16,1.33,-35.85,-0.03
5059,11,-0.31,-8.77,-0.05
5060,8,-0.05,1.32,-0.04
5061,11,-0.29,-0.95,-0.03
5062,10,14.61,-4.34,22.39
5063,6,-0.03,0.83,-0.02
5064,10,0.41,1.39,-0.02
5065,6,-0.28,-0.27,-0.05
5066,12,1.32,1.47,-0.03
5067,14,-2.12,-3.64,-0.75
5068,12,-0.29,-1.2,-0.01
5069,14,-0.32,-4.81,-0.05
5070,14,-0.32,-3.15,-0.05
5071,14,-5.7,-0.3,0.59
5072,16,-0.32,-1.98,-0.02
5073,8,-0.05,1.33,-0.02
5074,10,-0.31,-0.32,-0.03
5075,17,-5.35,-0.02,-0.08
5076,7,-0.28,-0.27,-0.05
5077,16,-3.16,-1.92,-2.96
5078,17,1.44,-35.2,-0.01
5079,7,-0.28,-0.27,-0.05
5080,10,-1.33,-6.12,0.19
5081,10,-0.32,-0.32,-0.02
5082,11,2.22,-5.14,4.68
5083,7,-0.04,-0.31,-0.05
5084,17,-0.32,-1.48,-0.15
5085,15,-0.27,-1.45,-0.04
5086,14,-0.27,-1.32,-0.03
5087,13,-1.42,-4.35,-0.04
5088,18,-7.5,-1.61,-4.12
5089,14,1.33,-10.05,-0.04
5090,18,-3.96,-1.31,-0.11
5091,18,-3.91,-1.69,-1.34
5092,12,1.11,1.51,-0.01
5093,17,1.35,7.32,-0.02
5094,17,-13.86,-2.71,-14.47
5095,15,15.08,-4.54,8.16
5096,9,0.57,1.33,-0.05
5097,18,-8.76,-1.7,-8.75
5098,18,1.36,6.44,-0.02
5099,16,-0.28,-1.45,-0.04
5100,15,-0.32,-1.43,-0.05
5101,6,-0.28,-0.3,-0.03
5102,16,-3.92,-1.85,-3.75
5103,12,-0.29,-10.54,-0.02
5104,9,2.08,11.17,3.83
5105,7,-0.26,-0.31,-0.02
5106,10,-0.31,-8.59,-0.02
5107,9,-0.31,-8.76,-0.06
5108,12,-0.29,-1.48,-0.04
5109,7,-0.04,1.32,-0.04
5110,6,-0.29,-0.29,-0.05
5111,12,-1.4,-4.95,-0.03
5112,8,-0.3,-0.32,-0.04
5113,10,-0.29,-13.88,-0.03
5114,18,8.9,0.09,17.73
5115,14,8.5,-3.11,12.91
5116,15,1.41,-37.09,-0.02
5117,9,-0.31,-0.32,-0.04
5118,12,1.32,1.55,-0.04
5119,17,-0.99,-1.2,-0.04
5120,12,0.7,-9.69,-0.03
5121,9,-0.3,-0.31,-0.04
5122,11,-1.38,-5.95,0.09
5123,17,-0.32,-1.48,-0.07
5124,9,-0.3,-8.75,-0.04
5125,16,-0.32,-1.44,-0.02
5126,6,-0.03,-0.3,-0.06
5127,12,12.53,-5.09,17.84
5128,6,-0.03,1.32,-0.03
5129,8,-0.29,-0.26,-0.06
5130,14,1.42,-16.9,-0.02
5131,9,-1.38,16.28,-0.02
5132,7,-0.04,1.32,-0.02
5133,16,-0.32,-1.48,-0.02
5134,6,-0.03,-0.27,-0.04
5135,9,-0.29,-13.76,-0.01
5136,16,-6.16,-0.73,-0.12
5137,17,-0.96,-2.32,-0.06
5138,18,1.44,-31.96,-2.11
5139,7,-0.04,1.32,-0.02
5140,9,-0.05,1.4,-0.01
5141,6,-0.03,-0.31,-0.05
5142,16,1.33,-35.69,-0.04
5143,16,-8.77,-1.51,-8.55
5144,13,-0.32,-8.11,-0.03
5145,8,-0.3,-0.31,-0.06
5146,7,-0.04,1.32,-0.04
5147,16,-6.03,-2.43,-0.13
5148,17,1.42,-29.8,-0.01
5149,13,1.33,1.53,-0.02
5150,8,-0.05,-0.31,-0.05
5151,17,1.32,-38.18,-0.03
5152,10,-0.06,1.48,-0.03
5153,8,-1.33,5.7,-0.07
5154,18,-13.89,-2.42,-14.54
5155,10,-0.31,-7.84,-0.03
5156,14,-0.32,-1.44,-0.05
5157,8,-0.29,-0.27,-0.05
5158,8,-0.06,-0.32,-0.02
5159,18,-13.89,-2.15,-14.52
5160,14,1.44,1.57,-0.01
5161,14,0.98,-12.86,-0.01
5162,12,7.7,-5.36,16.23
5163,10,-0.31,-3.86,-0.03
5164,9,-0.28,-12.78,-0.03
5165,17,-0.99,-1.83,-0.02
5166,11,-0.28,-13.83,-0.06
5167,9,-1.28,4.2,-0.04
5168,10,-0.31,-0.32,-0.02
5169,12,-13.54,-13.47,-13.65
5170,17,-0.32,-1.78,-0.04
5171,8,-0.29,-13.29,-0.03
5172,7,-0.28,-0.27,-0.05
5173,9,-0.29,-13.56,-0.03
5174,13,-0.32,-8.16,-0.01
5175,16,1.33,-27.87,-0.02
5176,12,-1.39,-4.85,-0.03
5177,9,-1.38,-6.25,9.64
5178,7,-1.33,-6.24,-0.06
5179,15,-13.76,-1.06,-14.66
5180,7,-0.28,-0.27,-0.04
5181,16,1.34,-3.56,0.0
5182,18,-11.15,-2.5,-11.36
5183,6,-0.03,-0.3,-0.05
5184,7,-1.28,7.68,-0.03
5185,10,0.48,1.54,-0.03
5186,15,-0.28,-2.05,-0.05
5187,8,-0.05,1.34,-0.05
5188,16,-0.28,-1.18,-0.04
5189,18,1.44,-37.24,-0.02
5190,14,-0.63,-3.37,1.24
5191,18,-1.46,-1.72,-0.05
5192,9,-1.36,9.03,4.92
5193,15,1.33,-30.1,-0.01
5194,13,1.38,1.49,0.02
5195,18,-0.32,-1.68,-0.02
5196,15,7.79,-4.21,11.39
5197,12,1.34,-35.16,-0.05
5198,15,-8.79,-1.55,-7.57
5199,12,1.32,1.55,-0.02
5200,9,-0.05,1.35,-0.03
5201,7,-0.04,-0.27,-0.04
5202,10,-0.28,-13.71,-0.03
5203,12,-0.32,-8.25,-0.06
5204,18,-7.7,-1.71,-4.87
5205,15,-6.07,-3.83,-0.07
5206,14,-0.32,-3.8,-0.03
5207,13,11.37,-4.77,20.71
5208,13,-0.28,-1.01,-0.05
5209,13,-0.28,-0.99,-0.11
5210,15,1.33,6.14,-0.04
5211,7,-0.28,-0.27,-0.01
5212,12,0.77,1.53,-0.04
5213,11,-1.37,-6.05,-0.04
5214,14,-13.27,-1.04,-13.65
5215,17,-3.08,-1.62,-3.86
5216,12,-13.66,-13.55,-13.77
5217,17,1.36,-17.72,-0.04
5218,17,-0.32,-1.63,-0.06
5219,6,-0.03,-0.3,-0.02
5220,9,-1.41,-6.25,0.03
5221,12,-0.28,-13.54,-0.03
5222,11,-0.06,1.43,-0.02
5223,8,0.95,1.33,-0.05
5224,7,-0.28,-0.27,-0.04
5225,14,-0.32,-1.45,-0.05
5226,12,-0.24,-6.1,9.49
5227,7,-1.26,-2.29,-0.05
5228,16,1.36,-33.95,-0.0
5229,14,6.61,-1.26,10.35
5230,17,1.5,-5.59,0.0
5231,13,-1.45,-2.69,-0.05
5232,11,-0.27,-13.72,-0.78
5233,17,12.32,-2.75,21.91
5234,16,-5.86,-3.57,-0.1
5235,17,-5.52,-2.53,-0.06
5236,12,-0.32,-8.79,-0.04
5237,10,-0.31,-2.85,-0.01
5238,18,-13.66,-2.54,-5.56
5239,7,-0.04,1.32,-0.05
5240,17,-6.27,-0.6,-0.08
5241,18,-8.79,-1.66,-8.76
5242,15,4.24,-4.19,5.35
5243,12,-0.29,-0.98,-0.05
5244,8,-1.27,13.55,-0.04
5245,7,-0.29,-0.31,-0.03
5246,11,8.96,-5.48,10.69
5247,10,-0.29,-13.8,-0.02
5248,6,-0.03,-0.3,-0.04
5249,12,5.32,-6.01,10.17
5250,8,-0.05,1.33,-0.05
5251,14,-13.89,-1.01,-14.5
5252,12,-0.67,-12.75,-4.39
5253,8,-0.04,1.33,-0.02
5254,8,-0.05,1.36,-0.02
5255,6,-0.28,-0.31,-0.04
5256,8,-1.3,15.38,-0.07
5257,7,-0.04,1.36,-0.03
5258,9,-0.86,11.56,2.08
5259,6,-1.25,-1.41,-0.04
5260,13,1.33,-6.84,-0.02
5261,17,-1.01,-1.65,-0.03
5262,15,3.67,-3.31,11.69
5263,7,-0.04,-0.3,-0.04
5264,6,-0.03,-0.3,-0.03
5265,11,-0.29,-13.6,-0.05
5266,13,-0.28,-1.05,-0.81
5267,12,1.36,1.47,-0.05
5268,15,-0.32,-1.39,-0.2
5269,14,-0.32,-7.69,-0.11
5270,12,-0.31,-8.33,-0.06
5271,6,-0.03,-0.03,-0.02
5272,15,1.31,-36.58,-0.02
5273,13,-0.32,-4.95,-0.04
5274,12,2.79,-3.92,5.36
5275,13,-0.29,-1.08,-0.07
5276,17,-0.96,-1.76,-0.06
5277,18,1.38,-16.36,-0.2
5278,11,-0.06,1.52,-0.02
5279,17,-0.28,-1.63,-0.04
5280,9,-0.28,-0.26,-0.04
5281,11,-1.44,-5.7,2.25
5282,12,4.34,-5.98,11.08
5283,10,-0.29,-0.95,-0.02
5284,15,-0.33,-1.49,-0.04
5285,6,-0.75,-3.69,-0.05
5286,6,-1.25,-1.4,-0.01
5287,18,-1.49,-2.14,-0.06
5288,13,2.36,-3.82,4.85
5289,9,-0.31,-0.31,-0.02
5290,17,-0.98,-2.7,-0.08
5291,10,1.33,1.36,0.01
5292,16,-5.04,-1.43,-6.79
5293,18,-13.89,-1.7,-14.5
5294,15,1.32,-35.17,-0.02
5295,15,13.49,-2.77,20.5
5296,10,-1.31,-6.26,12.03
5297,18,-8.75,-1.87,-1.75
5298,16,-0.28,-1.3,-0.31
5299,15,1.31,-33.05,-0.0
5300,6,-0.03,-0.27,-0.05
5301,14,-8.79,-7.17,-8.86
5302,9,-0.05,1.36,-0.04
5303,9,-0.31,-0.31,-0.02
5304,15,1.5,-8.53,-0.04
5305,12,-0.29,-5.77,-0.01
5306,13,-0.32,-8.68,-0.05
5307,18,-1.76,-0.77,5.33
5308,10,1.32,1.52,-0.0
5309,15,-0.32,-1.84,-0.06
5310,9,-0.05,1.33,-0.02
5311,12,-0.32,-8.77,-0.03
5312,12,-1.4,-5.76,-0.02
5313,10,-1.4,-5.68,-0.03
5314,18,1.46,-27.86,-0.16
5315,17,0.62,-0.42,8.22
5316,10,-0.31,-1.22,-0.05
5317,8,-0.3,-0.31,-0.03
5318,11,-0.31,-8.75,-0.05
5319,15,-13.88,-1.22,-14.49
5320,7,-1.32,2.87,-0.03
5321,6,-0.03,1.32,-0.01
5322,17,-7.57,-1.75,-5.95
5323,12,13.47,-5.43,17.27
5324,8,-1.36,11.01,-0.05
5325,12,-0.31,-8.21,-0.05
5326,7,-1.34,-2.62,-0.05
5327,9,-1.33,-6.25,-0.02
5328,16,-5.19,-2.35,-0.07
5329,11,-1.7,-5.65,-0.05
5330,14,1.04,1.55,0.0
5331,16,-0.27,-1.61,-0.05
5332,6,-0.03,-0.27,-0.04
5333,13,-0.28,-1.08,-10.1
5334,16,-0.28,-1.46,-0.04
5335,17,-0.32,-1.57,-3.93
5336,6,-0.03,0.66,-0.04
5337,15,-13.81,-1.08,-14.16
5338,18,-8.57,-1.91,-8.52
5339,16,-0.32,-1.48,-0.05
5340,14,-7.2,-1.36,-7.74
5341,13,1.33,-26.71,-0.03
5342,9,-0.28,-0.26,-0.08
5343,16,1.31,-37.75,-0.04
5344,16,-0.32,-1.41,-0.06
5345,14,-7.52,-1.03,-8.31
5346,8,-1.3,-6.05,-0.04
5347,17,-8.41,-1.46,-8.07
5348,18,-1.01,-1.68,-0.04
5349,18,-6.28,-0.35,-0.12
5350,17,-13.08,-2.68,-13.39
5351,14,1.36,-4.45,-0.05
5352,9,-0.05,1.34,-0.04
5353,13,-0.27,-0.96,-0.3
5354,7,-0.3,-0.3,-0.08
5355,6,-0.17,-0.27,-0.04
5356,11,-0.06,1.53,-0.05
5357,12,1.32,-36.68,-0.0
5358,16,1.44,-35.93,-0.03
5359,8,-0.05,1.33,-0.03
5360,10,-0.28,-9.42,-0.05
5361,13,0.64,1.56,-0.04
5362,9,1.31,1.36,-0.01
5363,18,-4.96,-0.71,-0.08
5364,15,-6.28,-2.99,-0.06
5365,7,-1.36,-1.17,-0.05
5366,9,-0.05,1.34,-0.02
5367,7,-0.04,1.32,-0.04
5368,13,-0.32,-1.54,-0.04
5369,9,-1.36,7.03,0.03
5370,16,-0.32,-1.81,-0.03
5371,13,-13.68,-1.38,-14.14
5372,12,0.52,1.5,-0.02
5373,9,-0.05,1.35,-0.02
5374,14,-8.67,-7.35,-8.74
5375,15,1.44,-11.07,-0.0
5376,7,-0.04,1.33,-0.04
5377,9,-1.29,12.59,-0.05
5378,17,8.66,-2.64,13.17
5379,15,-0.33,-1.36,-0.05
5380,12,-0.28,-0.98,-0.81
5381,18,0.81,-0.12,8.09
5382,9,-0.05,1.39,-0.04
5383,8,-0.05,1.38,-0.04
5384,6,-0.03,1.33,-0.06
5385,9,-0.29,-13.17,-0.05
5386,18,1.36,7.45,-0.06
5387,16,1.33,-28.45,-0.05
5388,11,-0.32,-8.76,-0.03
5389,15,1.33,-21.45,-0.01
5390,18,12.34,-1.79,18.68
5391,10,-0.31,-8.39,-0.04
5392,10,-0.29,-13.82,-0.05
5393,15,1.49,-18.45,-0.05
5394,12,-0.28,-4.87,-1.29
5395,16,-0.32,-1.6,-0.03
5396,6,-0.03,-0.3,-0.03
5397,7,-0.04,1.38,-0.04
5398,8,-0.3,-0.31,-0.03
5399,16,-13.65,-1.13,-14.64
5400,17,7.52,-1.56,11.59
5401,14,1.43,-0.34,-0.02
5402,6,-0.03,1.32,-0.03
5403,13,10.55,-4.48,1.59
5404,13,0.93,-12.67,-0.02
5405,13,-3.88,-3.87,2.8
5406,18,1.43,-11.48,-11.51
5407,7,-0.04,1.32,-0.02
5408,10,1.25,1.39,-0.02
5409,6,-0.03,-0.03,-0.05
5410,11,-0.29,-0.97,-0.06
5411,14,1.33,-14.85,-0.02
5412,18,-1.56,6.86,-3.3
5413,8,-0.3,-0.31,-0.0
5414,9,0.32,1.35,-0.02
5415,18,-12.91,-1.85,-12.89
5416,9,0.0,1.35,-0.01
5417,14,-0.32,-1.38,-0.03
5418,8,-0.3,-0.31,-0.01
5419,12,-0.27,-0.99,-10.38
5420,14,1.37,-19.81,-0.0
5421,8,-0.3,-0.32,-0.02
5422,14,-0.32,-1.38,-0.01
5423,10,-0.06,1.36,-0.04
5424,15,-0.32,-1.49,-0.01
5425,15,1.37,-17.21,-0.03
5426,14,-0.32,-1.42,-0.82
5427,9,-1.3,-0.74,-0.07
5428,11,-0.32,-8.79,-0.02
5429,8,-0.05,1.34,-0.04
5430,16,1.31,-30.66,-0.01
5431,12,-1.38,-5.52,-0.02
5432,13,-0.32,-8.56,-0.02
5433,16,-10.67,-1.4,-8.46
5434,12,-1.43,-5.03,-0.03
5435,14,1.31,-31.72,-0.01
5436,13,11.41,-2.64,17.24
5437,15,-13.74,-1.14,-11.29
5438,7,-0.04,1.32,-0.04
5439,18,-34.0,-28.95,-38.09
5440,6,-0.03,-0.29,-0.05
5441,8,-0.29,-0.26,-0.05
5442,11,-0.29,-13.88,-0.01
5443,9,-1.35,-6.25,-0.02
5444,18,-2.96,-0.66,-0.05
5445,17,-13.57,-2.33,-13.98
5446,9,-0.29,-13.69,-0.05
5447,12,1.15,-10.77,-0.0
5448,13,1.31,-15.45,-0.03
5449,14,-0.29,-1.08,-0.34
5450,10,0.56,1.55,-0.05
5451,11,-0.31,-8.01,-0.03
5452,16,10.09,-1.78,15.18
5453,8,-0.31,-0.31,0.01
5454,18,-0.33,-2.1,-0.03
5455,8,-1.43,13.98,-0.71
5456,11,-0.06,1.54,-0.02
5457,6,-0.28,-0.29,-0.01
5458,13,-0.32,-7.87,-0.03
5459,17,-12.28,-2.17,-12.54
5460,9,0.41,1.36,-0.04
5461,14,2.82,-1.79,5.45
5462,18,1.53,-37.89,-0.03
5463,9,-0.31,-0.32,-0.02
5464,12,-0.29,-0.98,-0.11
5465,10,-0.31,-0.32,-0.07
5466,17,-13.38,-2.15,-13.73
5467,9,1.15,1.38,-0.04
5468,15,1.31,-27.37,-0.03
5469,11,0.32,1.44,-0.06
5470,9,-0.28,-0.26,-0.01
5471,11,-0.28,-13.44,-0.06
5472,10,-0.29,-13.64,-0.03
5473,15,-0.32,-1.55,-0.02
5474,7,-0.04,1.33,-0.06
5475,14,-0.27,-2.67,-0.03
5476,15,-6.1,-3.84,-0.06
5477,10,-0.06,1.44,-0.06
5478,10,-1.32,-6.26,0.03
5479,11,0.12,1.44,-0.03
5480,16,-0.28,-1.57,-0.04
5481,11,-0.31,-8.46,-0.03
5482,14,-13.6,-0.97,-14.12
5483,17,-4.68,-1.67,-4.31
5484,10,-0.06,1.37,-0.05
5485,8,-0.3,-0.31,-0.03
5486,10,-0.29,-13.86,-0.06
5487,14,1.31,1.54,-0.03
5488,11,-0.29,-1.03,-0.06
5489,16,-0.32,-1.47,-3.72
5490,11,1.32,1.44,-0.06
5491,6,-0.03,-0.3,-0.04
5492,17,-0.97,-1.75,-0.08
5493,14,17.06,-5.14,25.52
5494,6,-0.28,-0.27,-0.01
5495,14,-0.29,-1.05,-3.93
5496,17,-0.46,-1.75,-0.21
5497,18,-13.13,-2.01,-2.84
5498,6,-0.03,-0.3,-0.03
5499,12,7.45,-3.28,11.52
5500,13,-13.15,-0.97,-13.86
5501,16,1.52,7.28,-0.02
5502,10,-0.29,-13.63,-0.01
5503,16,-13.72,-1.05,-14.58
5504,8,-0.05,-0.31,-0.05
5505,16,-0.27,-1.51,-0.04
5506,16,4.67,-0.58,7.82
5507,18,-3.91,-0.63,-0.1
5508,18,-34.34,-6.77,-40.43
5509,8,-0.29,-0.27,-0.02
5510,14,1.38,-26.88,-0.01
5511,12,-1.39,-5.0,-0.06
5512,8,-1.27,-6.24,-0.03
5513,13,-0.32,-7.66,-0.04
5514,7,-1.26,-1.1,-0.05
5515,7,-0.28,-0.27,-0.03
5516,6,-1.25,-0.53,-0.03
5517,12,-0.27,-1.06,-0.05
5518,15,-0.32,-1.39,-0.06
5519,12,-0.32,-7.92,-0.07
5520,15,1.31,-22.92,-0.03
5521,7,-0.04,-1.71,-0.03
5522,10,-0.31,-0.32,-0.03
5523,13,-0.27,-0.97,-0.2
5524,18,-5.91,-1.01,-0.12
5525,7,-0.04,-0.31,-0.04
5526,7,-0.04,1.28,-0.02
5527,10,-0.31,-8.74,-0.01
5528,6,-1.28,13.21,0.01
5529,8,-0.05,1.33,-0.03
5530,6,-0.03,0.67,-0.05
5531,6,-1.26,-1.34,-0.02
5532,17,1.45,-37.6,0.0
5533,15,1.33,-25.86,-0.03
5534,8,-0.05,-0.32,-0.02
5535,17,-1.01,-2.69,-0.06
5536,18,-6.27,-2.08,-6.25
5537,6,-0.16,-0.28,-0.05
5538,17,-8.78,-2.14,-8.41
5539,10,-0.31,-1.02,-0.04
5540,12,-0.29,-9.28,-0.02
5541,7,-0.3,-0.31,-0.03
5542,10,-0.06,1.38,-0.04
5543,12,-4.4,-5.37,0.76
5544,10,-0.29,-13.73,-0.01
5545,15,-0.32,-1.42,-0.04
5546,15,11.24,-3.02,16.99
5547,9,-0.05,1.37,-0.04
5548,16,-0.28,-1.12,-0.04
5549,8,-0.05,1.34,-0.05
5550,14,1.31,-34.05,-0.04
5551,15,1.41,-28.88,-0.05
5552,17,-10.47,-2.36,-10.61
5553,8,-0.05,-0.32,-0.04
5554,7,-0.29,-0.3,-0.04
5555,6,-0.03,-0.3,-0.04
5556,8,-1.27,4.6,-0.02
5557,10,1.32,1.4,-0.06
5558,9,-1.35,-6.13,-0.03
5559,7,-0.04,0.89,-0.04
5560,13,-0.27,-13.1,-5.6
5561,9,-1.31,10.58,-0.03
5562,17,13.94,-1.27,20.96
5563,10,-0.31,-8.33,-0.06
5564,6,-0.06,-0.27,-0.03
5565,12,1.31,-12.25,-0.06
5566,7,-0.04,1.33,-0.04
5567,18,-13.89,-2.47,-14.44
5568,8,-0.05,1.45,-0.05
5569,14,-0.32,-1.38,-5.14
5570,10,-0.28,-0.96,-0.04
5571,11,-0.29,-1.01,-0.03
5572,13,1.31,-7.13,-0.0
5573,12,0.12,1.46,-0.04
5574,18,1.34,-24.48,-0.03
5575,6,-0.28,-0.27,-0.03
5576,9,-0.29,-13.26,-0.02
5577,10,1.04,1.35,-0.02
5578,11,0.95,1.53,-0.04
5579,14,-0.29,-1.04,-0.06
5580,12,-0.27,-0.96,-10.5
5581,13,8.8,-4.17,17.31
5582,18,-13.76,-2.24,-11.45
5583,13,-1.44,-5.48,-0.04
5584,11,-0.31,-8.77,-0.06
5585,7,-0.04,1.36,-0.04
5586,7,-1.34,0.94,-0.06
5587,18,1.5,-37.42,-0.02
5588,11,1.32,1.56,-0.04
5589,14,5.54,-4.74,2.21
5590,10,0.82,1.41,-0.02
5591,10,1.31,1.37,-0.02
5592,13,-0.32,-7.1,-0.03
5593,15,1.31,-15.32,-0.02
5594,15,-5.27,-3.62,-0.13
5595,11,-0.31,-8.07,-0.02
5596,8,-0.3,-0.31,-0.04
5597,18,-6.04,-0.79,-0.13
5598,16,-8.27,-1.47,-7.97
5599,10,-1.35,-6.18,-0.04
5600,15,-0.32,-1.42,-0.03
5601,17,-0.98,-1.51,-0.05
5602,12,17.21,-5.76,12.8
5603,7,-1.36,-3.61,0.01
5604,14,1.32,-13.06,-0.01
5605,11,-0.31,-8.2,-0.03
5606,6,-1.27,-1.34,-0.07
5607,11,-0.29,-13.56,-0.02
5608,7,-0.28,-0.28,-0.01
5609,12,-13.87,-0.96,-14.45
5610,15,-0.28,-1.22,-0.11
5611,16,1.33,-7.61,-0.0
5612,16,1.52,-32.79,-0.02
5613,15,1.34,-28.49,0.0
5614,10,-0.28,-13.48,-0.04
5615,16,-12.28,-1.33,-12.5
5616,7,-0.04,-0.3,-0.02
5617,10,-0.29,-13.88,-0.02
5618,9,1.14,1.33,-0.06
5619,14,-0.29,-1.06,-0.05
5620,16,-5.79,-2.36,-0.07
5621,7,-0.04,0.98,-0.02
5622,13,1.32,0.3,-0.04
5623,6,-1.26,-1.35,-0.07
5624,12,-0.27,-6.84,-8.77
5625,13,-0.32,-8.2,-0.05
5626,15,-0.29,-1.26,-0.04
5627,7,-1.29,-2.87,-0.03
5628,11,-0.32,-8.77,-0.02
5629,17,-10.8,-1.51,-11.65
5630,14,-13.62,-1.02,-14.07
5631,10,1.33,1.42,-0.03
5632,6,-1.3,-1.4,-0.05
5633,15,-0.27,-1.21,-0.05
5634,7,-1.34,6.11,-0.06
5635,18,-8.77,-1.67,-8.8
5636,15,-13.83,-1.49,-14.39
5637,15,-0.32,-1.76,-0.05
5638,8,-0.31,-0.31,-0.05
5639,11,0.28,1.44,-0.04
5640,10,-0.29,-13.43,-0.02
5641,13,-0.28,-1.0,-0.41
5642,16,-13.05,-1.97,-11.85
5643,17,-0.33,-1.61,-0.03
5644,7,-0.04,1.36,-0.03
5645,11,-0.31,-7.7,-0.04
5646,6,-0.03,-0.28,-0.05
5647,10,-0.29,-13.81,-0.05
5648,18,-0.32,-1.61,-0.05
5649,7,-1.36,2.97,-0.03
5650,16,1.5,-37.1,-0.04
5651,8,-0.05,1.33,-0.01
5652,17,-13.39,-2.64,-13.78
5653,15,1.32,-11.42,-0.03
5654,9,-0.05,1.33,-0.02
5655,9,-0.28,-0.26,-0.06
5656,6,-0.03,-0.27,-0.03
5657,7,-0.29,-0.3,-0.03
5658,7,-1.26,6.97,-0.04
5659,15,1.31,-11.91,-0.03
5660,15,1.4,1.56,-0.03
5661,17,-4.47,-0.79,-0.11
5662,17,1.51,-25.4,-11.2
5663,10,-0.28,-13.87,-0.02
5664,15,0.97,-2.99,8.5
5665,8,-0.05,1.34,-0.03
5666,8,-1.44,9.08,-0.05
5667,13,-0.28,-0.97,-0.06
5668,9,-0.28,-4.75,-0.04
5669,12,-0.31,-8.79,-0.03
5670,18,-32.05,-34.99,-30.16
5671,6,-0.28,-0.27,-0.04
5672,12,-1.37,-4.57,-0.05
5673,10,0.31,1.56,-0.04
5674,14,16.14,-5.35,13.46
5675,18,-16.91,-29.14,-19.43
5676,6,-1.27,-1.35,-0.05
5677,11,-0.27,-3.48,-0.03
5678,17,1.32,-24.43,-0.04
5679,15,-10.14,-1.26,-10.21
5680,10,0.11,1.38,-0.01
5681,18,-6.27,0.09,-0.13
5682,14,-5.58,-1.69,-5.5
5683,16,-0.28,-1.64,-0.04
5684,8,-0.3,-8.7,-0.02
5685,11,-0.29,-0.96,-0.02
5686,7,-1.26,11.25,-0.04
5687,7,-1.35,6.0,-0.03
5688,9,-0.28,-0.94,-7.6
5689,7,-0.06,-0.27,-0.05
5690,7,-0.28,-0.27,-0.04
5691,17,-4.66,-0.03,1.77
5692,7,-0.04,1.32,-0.05
5693,6,-0.03,-0.3,-0.02
5694,16,1.31,-35.53,0.0
5695,7,-1.26,17.38,-0.04
5696,8,-0.3,-0.32,-0.03
5697,16,-6.17,-1.76,-0.13
5698,15,-13.38,-1.35,-13.46
5699,7,-0.04,1.32,-0.04
5700,18,-5.78,0.19,-0.09
5701,7,-0.04,1.36,-0.07
5702,7,-1.26,5.57,-0.02
5703,12,-0.29,-0.97,-0.06
5704,10,-1.32,-5.52,-0.04
5705,18,1.43,-38.23,-0.0
5706,13,-0.32,-8.0,-0.01
5707,17,1.54,-32.38,-0.03
5708,10,-0.31,-8.16,-0.06
5709,10,-0.32,-7.46,-0.05
5710,7,-1.35,-1.43,-0.02
5711,17,-6.28,-0.79,-0.1
5712,12,0.95,1.54,-0.01
5713,13,-11.05,-1.53,-11.29
5714,8,0.51,1.4,-0.04
5715,10,-1.37,-4.88,-0.04
5716,17,-2.56,-2.34,-0.3
5717,15,-0.97,-2.4,-0.76
5718,6,-0.03,-0.3,-0.05
5719,16,-0.32,-1.45,-0.02
5720,13,-0.32,-1.47,0.0
5721,18,1.36,6.58,-0.07
5722,9,-1.28,-6.09,-0.03
5723,17,-0.32,-1.65,-0.06
5724,8,-0.05,-0.32,-0.04
5725,13,7.45,-3.71,11.45
5726,15,-2.74,-4.13,4.19
5727,6,-0.03,-0.29,-0.02
5728,7,-0.29,-0.31,-0.06
5729,7,-0.29,-0.31,-0.04
5730,14,-0.32,-1.47,-0.13
5731,13,1.32,0.1,-0.02
5732,12,-0.31,-7.88,-0.02
5733,8,-1.28,12.32,-0.06
5734,10,-0.06,1.54,-0.02
5735,18,-24.02,-28.16,-24.34
5736,6,-0.03,-0.29,-0.01
5737,9,-0.3,-8.79,-0.04
5738,9,-0.3,-0.32,-0.03
5739,11,-0.31,-8.73,-0.04
5740,13,-6.27,-1.22,-0.12
5741,12,1.24,1.42,-0.01
5742,11,-0.32,-8.7,-0.06
5743,18,-0.32,-1.67,-0.03
5744,16,-6.27,0.03,-0.1
5745,15,-0.32,-1.43,-0.17
5746,15,1.33,-25.56,0.0
5747,7,-0.28,-0.27,-0.04
5748,6,-0.03,-0.3,-0.03
5749,7,-0.04,1.21,-0.01
5750,6,-0.03,-0.31,-0.02
5751,11,-0.29,-9.51,-0.01
5752,11,-0.31,-8.78,-0.03
5753,7,-0.04,1.38,-0.01
5754,7,-0.28,-0.26,-0.03
5755,13,0.83,1.52,-0.02
5756,9,2.48,4.7,6.76
5757,9,-1.36,-6.25,0.01
5758,15,15.45,-3.54,25.55
5759,7,-0.29,-0.3,-0.03
5760,16,-0.32,-1.45,-0.08
5761,8,-0.05,1.35,-0.03
5762,11,-0.31,-8.39,-0.04
5763,14,-0.28,-1.45,-0.04
5764,6,-1.28,-1.37,-0.01
5765,11,-0.28,-13.75,-0.04
5766,9,-0.3,-0.31,-0.04
5767,17,-0.33,-1.56,-0.04
5768,8,-1.28,12.4,-0.04
5769,9,-0.31,-0.32,-0.03
5770,9,-0.28,-2.42,-0.02
5771,11,-0.31,-8.79,-0.02
5772,12,-0.28,-1.23,-0.05
5773,13,1.32,1.53,-0.01
5774,14,-13.07,-0.96,-13.5
5775,17,-6.18,-0.5,-0.1
5776,14,-0.28,-1.21,-6.81
5777,10,-0.29,-13.85,-0.02
5778,17,1.42,-31.99,-0.03
5779,15,-0.32,-1.47,-0.09
5780,13,-0.32,-8.22,-0.03
5781,15,1.33,-32.76,-0.01
5782,17,1.37,-19.32,-0.04
5783,15,-8.75,-7.23,-8.73
5784,10,0.08,1.43,-0.02
5785,18,-8.44,-1.57,-8.36
5786,11,1.31,1.41,-0.02
5787,18,1.35,-21.85,-0.01
5788,17,1.34,-22.44,-0.04
5789,12,-0.31,-8.16,-0.02
5790,15,1.41,-34.75,0.01
5791,10,-0.29,-13.81,-0.03
5792,8,-0.3,-0.32,-0.02
5793,18,-5.66,-37.3,-6.36
5794,8,-0.28,-0.27,-0.02
5795,6,-0.29,-0.3,-0.07
5796,7,-0.04,1.32,-0.02
5797,11,1.33,1.39,-0.01
5798,14,1.31,-22.22,-0.03
5799,6,-0.27,-0.27,-0.06
5800,13,-0.32,-6.54,-0.04
5801,9,-1.35,-6.25,0.15
5802,10,-0.05,1.53,-0.03
5803,14,1.31,-36.99,-0.03
5804,8,-1.28,13.01,-0.04
5805,10,-0.06,1.38,-0.0
5806,9,-0.31,-0.31,-0.03
5807,7,-0.3,-0.3,0.01
5808,8,-1.3,10.32,-0.05
5809,8,-0.3,-0.32,-0.05
5810,7,-0.04,1.11,-0.01
5811,15,1.4,-35.04,-0.02
5812,18,-13.82,-2.36,-14.26
5813,16,-13.89,-1.7,-14.54
5814,10,-0.31,-0.32,-0.03
5815,9,-1.34,-5.66,-0.06
5816,18,-6.28,-0.42,-0.1
5817,10,-0.31,-0.64,-0.05
5818,15,-6.23,-4.03,-0.1
5819,6,-1.28,-1.34,-0.02
5820,14,12.8,-3.83,19.36
5821,15,-6.27,-1.74,-0.08
5822,18,-10.72,-26.69,-14.56
5823,6,-1.26,-1.38,-0.04
5824,8,-1.29,-6.2,-0.04
5825,11,-0.28,-13.86,-0.03
5826,14,-0.27,-1.38,-0.02
5827,8,-0.3,-0.31,-0.05
5828,15,-6.27,-4.26,-0.07
5829,10,1.05,1.54,-0.01
5830,17,-5.94,-0.37,-0.1
5831,13,1.43,1.52,-0.05
5832,15,-0.32,-1.71,-0.05
5833,8,-0.05,-0.31,-0.03
5834,18,-8.61,-1.47,-8.23
5835,13,-0.32,-8.6,-0.06
5836,14,1.33,-35.51,-0.01
5837,7,-1.29,2.89,-0.03
5838,10,1.31,1.36,-0.02
5839,15,1.36,-22.36,-0.0
5840,17,-8.79,-1.51,-7.66
5841,17,-6.23,-1.87,-0.1
5842,6,-0.03,1.02,-0.04
5843,15,-0.28,-1.75,-0.05
5844,13,1.35,1.51,-0.05
5845,7,-0.04,-0.3,-0.02
5846,11,1.33,-24.1,-0.03
5847,18,-8.54,-1.47,-8.47
5848,8,-0.3,-0.31,-0.02
5849,17,-8.31,-1.65,-8.41
5850,10,-0.06,1.4,-0.04
5851,14,-6.27,-3.49,-0.08
5852,11,-0.28,-1.08,-0.04
5853,16,-0.33,-1.55,-0.04
5854,14,-13.89,-0.97,-14.59
5855,18,1.34,-34.66,-0.01
5856,14,-0.32,-8.38,-0.01
5857,8,0.73,1.32,-0.01
5858,15,-5.0,-2.53,-0.05
5859,8,-1.41,-5.69,-0.0
5860,14,-0.27,-1.0,-10.25
5861,7,-1.36,-1.41,-0.02
5862,6,-0.03,-0.01,-0.03
5863,13,1.33,1.54,-0.03
5864,16,8.84,-2.56,13.45
5865,18,-6.19,-0.67,-0.1
5866,13,10.39,-0.85,19.69
5867,18,-0.33,-1.67,-0.05
5868,9,1.31,1.34,-0.02
5869,10,1.31,1.35,-0.0
5870,8,-1.29,12.28,-0.02
5871,18,1.39,7.43,-0.02
5872,9,-1.4,-5.95,0.79
5873,7,-0.29,-0.3,-0.07
5874,14,-8.72,-1.55,-8.75
5875,6,-1.25,5.77,-0.04
5876,8,-1.28,10.7,-0.04
5877,14,4.4,-4.32,7.36
5878,18,-7.25,-2.25,-7.13
5879,17,-5.36,-2.24,-5.27
5880,7,-0.29,-0.31,-0.06
5881,10,-1.36,-5.24,-0.05
5882,16,-0.28,-2.69,-0.04
5883,8,-0.05,1.32,-0.03
5884,13,-1.5,-5.42,5.71
5885,11,-0.32,-0.32,0.01
5886,15,-6.18,-4.25,-0.08
5887,9,-0.05,1.4,-0.03
5888,17,1.38,-30.82,-0.01
5889,7,-0.28,-12.96,-0.06
5890,15,-0.29,-1.17,-0.17
5891,13,-12.82,-0.96,-13.28
5892,15,-8.05,-1.41,-8.01
5893,10,-0.28,-13.67,-0.01
5894,18,1.37,-31.29,-0.03
5895,14,-8.75,-1.96,-8.67
5896,16,-0.32,-1.48,-5.16
5897,11,-0.31,-8.45,-0.02
5898,17,-6.14,-2.39,-0.09
5899,15,1.43,-36.68,-0.03
5900,9,-1.32,-6.26,15.69
5901,9,-0.05,1.46,-0.04
5902,7,-0.28,-0.26,-0.04
5903,10,-1.32,-6.22,0.02
5904,9,-1.34,-6.25,0.0
5905,11,0.83,1.42,-0.04
5906,9,-1.34,-6.25,-0.02
5907,14,-0.32,-1.43,-0.07
5908,14,1.31,-21.75,-0.02
5909,13,0.63,1.57,-0.04
5910,13,1.36,1.49,-0.01
5911,8,-1.27,9.5,-0.02
5912,10,-0.31,-0.31,-0.04
5913,13,1.11,-33.64,-0.03
5914,8,-0.31,-0.32,-0.09
5915,16,-0.96,-1.35,-0.06
5916,17,1.33,-16.26,-0.8
5917,8,-0.3,-0.32,-0.0
5918,17,-0.32,-1.94,-0.05
5919,11,-0.32,-0.32,-0.01
5920,11,-0.31,-8.73,-0.02
5921,13,1.39,1.54,-0.03
5922,13,1.32,-17.3,-0.04
5923,8,-0.3,-0.31,0.0
5924,8,-1.32,9.88,-0.06
5925,6,-0.03,0.74,-0.03
5926,16,-13.83,-1.8,-14.22
5927,11,-0.28,-13.84,-0.07
5928,6,-1.25,-1.37,-0.05
5929,10,-1.32,-5.42,-0.04
5930,18,-8.41,-1.57,-8.08
5931,18,-0.28,-2.18,-0.03
5932,9,-0.05,1.41,-0.04
5933,17,-13.53,-1.46,-13.93
5934,9,-0.31,-0.31,-0.06
5935,10,1.32,1.38,-0.02
5936,18,-8.67,-1.96,-8.91
5937,11,-1.35,-6.13,-0.02
5938,15,-0.29,-1.36,-0.05
5939,6,-0.28,-0.26,-0.02
5940,9,-0.05,1.36,-0.06
5941,11,-0.29,-13.34,-0.01
5942,13,1.26,-2.18,3.5
5943,9,-0.29,-12.14,-0.03
5944,12,-0.28,-0.99,-11.44
5945,8,-0.3,-0.31,-0.04
5946,7,-1.32,1.52,-0.05
5947,12,10.19,-6.15,19.8
5948,16,1.41,-9.1,-0.04
5949,12,-6.27,-3.03,-0.08
5950,13,-0.29,-0.98,-0.06
5951,18,-5.91,-0.2,-0.11
5952,14,-13.04,-1.01,-13.34
5953,10,1.32,1.36,-0.0
5954,15,-0.32,-1.8,-0.03
5955,6,-0.03,-0.3,-0.01
5956,11,8.4,-6.27,14.84
5957,6,-0.28,-0.3,-0.02
5958,11,-0.31,-8.78,-0.03
5959,7,-1.31,14.05,0.48
5960,18,-4.12,-0.72,-0.06
5961,7,-0.28,-0.27,-0.04
5962,14,-0.32,-1.47,-4.35
5963,17,-1.31,7.38,-3.07
5964,14,0.82,1.53,-0.03
5965,16,-0.33,-1.47,-0.06
5966,11,-0.06,1.43,-0.04
5967,7,-0.28,-0.27,-0.05
5968,12,-0.28,-1.02,-0.02
5969,17,-1.03,-1.39,-0.05
5970,13,-0.28,-0.97,-0.4
5971,6,-0.03,-0.3,-0.02
5972,12,-1.42,-5.33,-0.02
5973,15,-13.45,-1.21,-13.56
5974,11,-3.33,-6.13,-1.93
5975,10,-0.29,-13.59,-0.05
5976,8,-1.27,9.1,-0.05
5977,16,-8.18,-1.27,-3.5
5978,12,-1.39,-5.24,-0.03
5979,7,-1.26,2.92,-0.06
5980,10,-0.29,-0.94,-0.02
5981,6,-1.25,9.35,-0.04
5982,17,1.41,6.04,0.01
5983,6,-1.27,-1.35,-0.05
5984,16,1.35,-33.16,-0.01
5985,7,-0.3,-0.3,-0.01
5986,6,-1.28,-1.38,-0.01
5987,17,-1.0,-1.88,-0.08
5988,10,-0.31,-8.62,-0.05
5989,10,-0.29,-13.84,-0.04
5990,14,-0.32,-1.41,-0.5
5991,13,-0.32,-7.12,-1.01
5992,16,-0.28,-1.68,-0.05
5993,7,-1.32,0.33,-0.06
5994,12,14.8,-5.77,22.28
5995,9,1.32,1.38,-0.03
5996,8,-0.29,-7.65,-0.03
5997,16,7.77,0.17,16.62
5998,8,-0.16,-0.31,-0.03
5999,15,15.45,0.08,23.72
6000,10,-0.29,-13.88,-0.06
6001,17,-0.32,-1.97,-0.02
6002,6,-1.25,-1.39,-0.06
6003,10,-0.31,-7.12,-0.04
6004,10,-1.33,-5.68,-0.04
6005,8,-0.3,-0.32,-0.05
6006,9,-0.3,-0.32,-0.03
6007,6,-0.03,-0.3,-0.01
6008,6,-0.28,-0.27,-0.05
6009,10,-0.28,-2.45,-0.02
6010,13,8.38,-4.85,12.42
6011,13,-0.32,-1.37,-0.02
6012,18,-13.09,-2.45,-13.4
6013,11,-0.32,-8.78,-0.04
6014,6,-0.03,-0.3,-0.04
6015,12,3.6,-5.71,6.4
6016,6,-1.25,-2.85,-0.04
6017,12,0.56,-5.41,2.17
6018,10,-0.28,-4.96,-0.05
6019,7,-0.04,-0.31,-0.01
6020,17,-6.26,-1.27,-0.1
6021,14,-13.64,-1.3,-12.12
6022,16,-13.7,-2.5,-14.67
6023,8,-0.05,1.33,-0.02
6024,18,1.31,-37.89,-0.19
6025,13,-8.76,-8.02,-8.05
6026,13,-0.63,-2.15,6.72
6027,10,-0.29,-13.07,-0.03
6028,7,-0.29,-0.31,-0.04
6029,17,-12.96,-1.66,-13.27
6030,13,1.19,-2.56,0.0
6031,16,1.31,-15.07,-0.01
6032,11,-0.32,-8.74,-0.04
6033,10,1.31,1.52,-0.03
6034,12,-0.27,-0.97,-2.52
6035,11,-0.06,1.43,-0.06
6036,9,-0.29,-10.97,-0.02
6037,7,-0.04,1.32,-0.04
6038,11,1.02,-5.07,-0.01
6039,9,-1.5,-6.25,0.26
6040,14,6.76,-4.45,10.35
6041,12,-0.28,-10.86,-1.64
6042,12,0.85,1.54,-0.04
6043,14,-2.11,-1.05,-1.98
6044,18,-2.22,-36.98,-3.38
6045,15,-0.29,-1.26,-0.15
6046,6,-0.03,0.68,-0.03
6047,10,-0.29,-13.69,-0.03
6048,15,-0.27,-1.4,-0.05
6049,14,-0.32,-1.46,-0.02
6050,11,-0.31,-0.32,-0.04
6051,10,-0.31,-0.31,-0.02
6052,16,-4.85,-3.05,-0.13
6053,6,-0.03,1.32,-0.05
6054,16,-7.78,-1.41,-7.75
6055,6,-0.28,-0.28,-0.07
6056,7,-0.28,-0.28,-0.04
6057,6,-0.03,-0.3,-0.04
6058,16,-0.32,-1.46,-2.27
6059,18,-8.76,-1.57,-8.69
6060,17,1.33,3.17,-0.04
6061,15,-0.28,-1.16,-4.55
6062,17,-13.84,-1.45,-14.4
6063,10,-0.06,1.4,-0.04
6064,11,-0.28,-0.96,-0.07
6065,9,-1.37,-6.25,4.94
6066,14,-0.32,-1.44,-0.04
6067,14,-0.32,-1.56,-0.01
6068,9,-0.29,-12.46,-0.04
6069,13,-0.09,-0.97,1.87
6070,6,-0.28,-0.27,-0.03
6071,11,-1.34,-6.15,-0.02
6072,18,-5.06,-1.66,-0.06
6073,8,0.94,1.33,-0.04
6074,11,1.32,1.56,-0.04
6075,18,-12.96,-2.62,-12.99
6076,8,-1.4,13.19,-0.02
6077,18,-0.33,-2.2,-0.05
6078,13,14.98,-2.94,23.05
6079,10,1.33,1.37,-0.0
6080,16,12.54,-0.93,18.76
6081,8,-1.41,9.5,4.76
6082,15,-0.33,-1.39,-4.59
6083,12,-0.29,-2.95,-0.05
6084,15,-0.32,-1.41,-0.01
6085,6,-1.09,-1.39,-0.04
6086,6,-0.03,-0.27,-0.03
6087,16,-0.32,-1.64,-0.02
6088,6,-0.03,-0.27,-0.04
6089,13,0.65,1.53,-0.03
6090,8,-0.3,-0.31,-0.04
6091,18,-0.32,-1.91,-0.06
6092,18,-6.11,-0.79,-0.08
6093,10,-0.31,-8.78,-0.0
6094,15,1.38,-33.72,-0.01
6095,16,-13.88,-1.61,-14.07
6096,18,-13.07,-1.68,-13.4
6097,6,-0.03,-0.3,-0.03
6098,6,-0.03,-0.27,-0.03
6099,8,-0.29,-10.3,-0.05
6100,9,-0.29,-13.63,-0.04
6101,14,-0.32,-1.66,-0.03
6102,12,-0.03,-3.56,1.94
6103,11,-0.31,-8.77,-0.05
6104,11,0.69,1.41,-0.01
6105,15,1.43,-9.36,-0.02
6106,17,-8.77,-1.59,-8.81
6107,14,1.07,-4.44,3.27
6108,12,1.39,1.52,-0.03
6109,11,-0.32,-8.74,-0.03
6110,14,-0.32,-1.46,-0.06
6111,11,1.32,0.96,-0.01
6112,15,-0.33,-1.42,-0.3
6113,7,-0.04,1.34,-0.03
6114,12,1.35,1.54,-0.01
6115,16,-0.27,-1.43,-0.02
6116,11,-0.32,-7.14,-0.03
6117,14,1.32,-21.4,-0.03
6118,8,-1.34,1.96,-0.08
6119,10,-1.38,-6.15,0.04
6120,18,-13.66,-2.6,-14.67
6121,15,-0.32,-1.54,-0.02
6122,18,-2.54,0.1,4.34
6123,14,-6.25,-4.24,-0.08
6124,16,-0.96,-1.18,-0.05
6125,12,-0.32,-8.77,-0.04
6126,7,0.02,1.4,-0.01
6127,14,-0.32,-7.28,-0.04
6128,14,1.31,-21.04,-0.02
6129,17,13.71,-1.11,23.58
6130,6,-0.03,-0.27,-0.04
6131,14,1.33,-29.52,-0.01
6132,6,-0.03,1.35,-0.02
6133,8,-0.3,-0.32,-0.04
6134,14,-5.15,-4.25,0.45
6135,15,1.31,-14.07,-0.04
6136,14,-5.36,-1.41,-5.26
6137,15,8.84,-2.73,0.77
6138,17,2.91,-0.81,9.7
6139,12,1.2,-32.7,-0.03
6140,7,-0.04,1.33,-0.02
6141,18,-5.16,-0.88,-0.1
6142,11,-0.31,-8.76,-0.04
6143,8,-0.28,-0.26,-0.02
6144,14,-13.54,-1.02,-13.98
6145,14,15.96,-2.66,26.11
6146,17,-12.0,-2.52,-12.23
6147,17,-13.46,-1.11,-12.05
6148,9,-1.34,2.47,7.47
6149,9,-0.0,1.34,-0.04
6150,9,-0.31,-0.31,-0.04
6151,10,1.16,-6.26,3.36
6152,7,-0.29,-0.3,-0.04
6153,17,-5.22,-0.79,-0.1
6154,10,-0.31,-8.41,-0.03
6155,10,-0.29,-13.71,-0.05
6156,13,-1.39,-5.22,-0.03
6157,16,1.56,-11.78,-0.02
6158,11,-1.38,-5.44,-0.03
6159,18,1.4,-25.69,-0.12
6160,15,4.46,-3.41,7.34
6161,16,1.49,-28.13,-0.02
6162,7,-0.06,-0.27,-0.03
6163,18,-1.41,-2.28,-0.07
6164,13,-0.32,-1.5,-0.05
6165,16,2.96,-1.91,10.13
6166,10,-0.51,-4.49,1.37
6167,16,-10.91,-1.7,-11.1
6168,9,1.32,1.36,-0.0
6169,16,-2.58,-1.6,-0.73
6170,14,-0.76,-3.37,1.09
6171,11,0.38,1.43,-0.03
6172,8,-0.05,-0.31,-0.02
6173,13,1.31,-35.88,-0.03
6174,11,-0.29,-13.69,-0.04
6175,17,1.45,-28.34,-0.19
6176,12,-0.29,-1.07,-0.04
6177,9,-0.28,-12.89,-0.03
6178,16,-0.28,-1.32,-0.02
6179,17,-5.93,-1.26,-0.09
6180,11,-0.31,-8.77,-0.02
6181,9,-0.05,1.51,-0.03
6182,6,-1.25,6.49,-0.06
6183,16,-0.27,-1.06,-0.09
6184,11,-1.38,-5.09,-0.03
6185,18,-1.43,-1.65,-0.08
6186,15,-0.32,-1.4,-3.32
6187,14,1.34,-34.59,-0.03
6188,9,-1.31,-6.25,4.85
6189,16,-0.32,-1.62,-0.03
6190,12,-0.32,-8.75,-0.05
6191,11,0.26,1.5,-0.04
6192,7,-0.28,-0.27,-0.02
6193,15,-13.62,-1.15,-8.54
6194,7,-0.29,-0.31,-0.05
6195,15,-2.88,-2.48,-2.38
6196,7,-0.28,-0.27,-0.05
6197,7,-1.27,5.54,-0.04
6198,17,-13.88,-2.07,-2.72
6199,10,0.58,1.37,-0.03
6200,17,-1.08,-1.7,-0.03
6201,12,0.01,1.48,-0.05
6202,12,12.51,-4.9,5.04
6203,12,1.05,-29.15,-0.03
6204,17,-6.28,-2.6,-0.11
6205,7,-0.04,-0.3,-0.04
6206,16,1.43,-23.71,-0.05
6207,8,-0.29,-0.27,-0.05
6208,12,-0.31,-8.11,-0.03
6209,7,-1.28,0.66,-0.02
6210,11,-0.31,-8.79,-0.04
6211,11,-0.32,-8.36,-0.06
6212,15,1.34,-38.21,-0.01
6213,7,-0.28,-0.27,-0.04
6214,10,-1.8,-6.06,-0.17
6215,8,-0.28,-6.73,-0.02
6216,6,-1.31,10.63,-0.01
6217,16,2.25,-2.46,10.14
6218,10,-1.42,-4.65,-0.05
6219,17,1.54,-29.98,-0.03
6220,15,-0.32,-1.5,-0.04
6221,11,-2.6,-5.4,-1.22
6222,12,-0.32,-8.53,-0.06
6223,10,-0.06,1.39,-0.05
6224,10,-0.29,-12.79,-0.05
6225,14,1.31,-15.77,-0.02
6226,15,1.31,-20.34,-0.02
6227,16,-5.53,-2.9,-0.07
6228,17,-13.55,-2.71,-14.61
6229,12,-0.31,-8.14,-0.03
6230,11,-0.31,-8.75,-0.02
6231,13,14.65,-3.09,22.53
6232,17,15.08,-1.16,23.21
6233,13,1.43,-17.08,-0.04
6234,9,-0.05,1.34,-0.02
6235,11,-0.32,-8.79,-0.05
6236,7,-0.04,1.32,-0.03
6237,17,-0.28,-2.49,-0.05
6238,10,-0.29,-10.6,-0.04
6239,17,-13.73,-2.04,-8.64
6240,14,7.77,-3.22,11.51
6241,17,-13.52,-2.37,-13.9
6242,10,-0.31,-0.32,-0.05
6243,7,-1.26,11.87,-0.05
6244,8,1.18,1.32,-0.04
6245,10,-0.06,1.38,-0.05
6246,18,-0.36,-1.81,-0.07
6247,17,-0.96,-1.26,-0.03
6248,18,-8.42,-1.62,-8.41
6249,12,1.33,1.49,-0.01
6250,16,-6.18,-2.96,-0.11
6251,9,-0.28,-0.26,-0.02
6252,15,1.32,-26.19,-0.02
6253,18,-7.66,-1.56,-4.46
6254,14,-0.29,-1.48,-0.03
6255,6,-0.03,-0.26,-0.04
6256,18,15.4,-1.23,24.06
6257,10,-0.06,1.38,-0.02
6258,16,1.45,-38.27,-0.03
6259,10,1.32,1.38,-0.05
6260,8,-0.05,1.35,-0.02
6261,14,1.32,-30.29,-0.02
6262,14,-0.29,-1.03,-0.91
6263,16,-5.93,-3.11,-0.09
6264,8,-0.3,-0.31,-0.05
6265,13,6.34,-4.19,10.01
6266,9,6.63,-5.29,10.34
6267,6,-0.03,-0.27,-0.02
6268,17,-8.79,-1.51,-8.66
6269,18,-8.75,-1.66,-6.48
6270,8,-0.3,-0.31,-0.03
6271,14,-13.89,-1.03,-14.53
6272,6,-0.03,0.71,-0.05
6273,15,-0.32,-1.5,-0.04
6274,16,1.33,-36.94,-0.0
6275,17,-6.28,-1.15,-3.17
6276,18,-13.83,-2.23,-14.58
6277,12,1.18,1.49,-0.0
6278,7,-0.29,-0.3,-0.02
6279,17,-0.32,-2.1,-0.04
6280,18,-6.28,-0.73,-0.1
6281,7,-0.04,-0.27,-0.04
6282,8,-0.3,-0.32,-0.02
6283,6,-1.27,-3.55,-0.01
6284,17,-8.79,-1.64,-8.77
6285,12,-0.28,-13.31,-0.05
6286,13,-6.27,-4.88,-0.11
6287,15,-13.87,-1.12,-11.69
6288,8,-1.35,6.41,-0.07
6289,17,1.52,-36.23,-0.01
6290,14,-0.32,-1.39,-0.04
6291,8,-0.05,-0.32,-0.04
6292,16,-6.13,-1.49,-0.12
6293,17,-1.52,-1.72,5.6
6294,16,15.74,-0.48,0.09
6295,13,1.31,1.57,-0.03
6296,17,-13.7,-1.36,-13.8
6297,6,-0.03,-0.29,0.0
6298,12,0.79,1.54,-0.05
6299,7,-0.28,-0.28,-0.03
6300,11,9.04,-4.36,18.13
6301,12,6.77,-2.88,10.59
6302,11,-0.29,-13.39,-0.03
6303,13,-13.87,-1.94,-14.52
6304,12,-0.29,-0.96,-0.03
6305,14,-0.32,-7.77,-0.02
6306,12,-0.29,-1.03,-0.04
6307,8,-0.05,1.33,-0.03
6308,16,-0.32,-1.59,-0.08
6309,10,-0.29,-13.53,-0.03
6310,6,-0.03,-0.3,-0.04
6311,17,0.59,-2.53,8.17
6312,11,-1.36,-4.82,-0.03
6313,9,-0.28,-6.12,-0.03
6314,8,-0.3,-0.31,-0.05
6315,12,1.28,-9.25,-0.02
6316,16,1.3,-19.59,-0.02
6317,13,1.33,1.45,-0.06
6318,10,-0.31,-8.75,-0.05
6319,12,-0.31,-1.42,-0.06
6320,9,-1.31,-1.23,0.1
6321,14,-13.79,-1.98,-14.31
6322,14,-8.68,-3.27,-8.68
6323,17,1.46,-28.66,-0.22
6324,11,1.35,1.42,-0.06
6325,12,-0.28,-10.34,-4.54
6326,15,2.47,-0.82,10.42
6327,17,-12.96,-1.84,-12.03
6328,7,-1.3,9.62,-0.04
6329,10,-0.3,-13.56,-0.02
6330,12,-12.57,-13.86,-8.84
6331,10,1.33,1.4,-0.05
6332,16,1.35,-35.22,-0.03
6333,12,-1.4,-5.59,3.76
6334,11,-0.29,-13.85,-0.03
6335,9,-1.32,-5.67,-0.04
6336,9,-1.38,3.43,0.91
6337,10,-0.06,1.44,-0.04
6338,7,-0.04,1.32,-0.04
6339,14,3.77,-0.88,6.65
6340,10,-0.29,-13.89,-0.01
6341,14,1.31,1.55,-0.0
6342,13,-0.32,-7.55,-0.03
6343,6,-0.03,-0.27,-0.01
6344,8,-0.29,-0.27,-0.01
6345,9,-1.3,-6.25,19.88
6346,13,-0.32,-7.96,-0.01
6347,9,-1.35,-5.93,-0.05
6348,15,-0.32,-1.51,-0.06
6349,16,-13.81,-1.33,-13.78
6350,17,-6.22,-2.05,-6.23
6351,7,-1.36,-1.51,-0.04
6352,8,-0.05,1.34,-0.02
6353,10,0.64,1.38,-0.02
6354,18,1.49,-37.07,-0.02
6355,6,-1.25,-1.41,-0.05
6356,16,-8.71,-1.84,-8.76
6357,16,1.44,-36.28,-0.02
6358,11,-0.28,-4.31,-0.04
6359,11,9.81,-6.24,15.83
6360,17,1.35,-21.54,-0.04
6361,14,12.73,-1.82,19.15
6362,17,10.65,-2.64,16.11
6363,15,-5.6,-1.47,-5.52
6364,17,1.33,-24.98,-0.05
6365,9,6.54,14.16,7.72
6366,13,-0.32,-8.21,-0.04
6367,10,-0.31,-0.32,-0.04
6368,9,0.87,1.32,-0.06
6369,11,1.32,-13.18,-0.04
6370,15,1.32,-27.09,-0.03
6371,14,-0.32,-1.43,-0.03
6372,14,5.9,-4.43,9.58
6373,13,-0.32,-1.65,-0.02
6374,14,-2.65,-3.45,-2.61
6375,9,1.01,1.35,-0.04
6376,17,-13.57,-2.35,-13.91
6377,18,-5.58,-0.8,-0.1
6378,15,-0.32,-1.53,-0.04
6379,17,-1.33,-2.17,-0.27
6380,6,-0.03,-0.3,-0.04
6381,11,-1.4,-5.7,0.01
6382,8,-0.3,-0.32,-0.02
6383,14,-0.28,-1.2,-0.02
6384,13,-1.7,-4.85,-0.04
6385,15,-0.32,-1.39,-0.12
6386,9,0.1,1.35,-0.01
6387,12,-0.37,-8.43,-0.03
6388,18,-0.7,-0.11,6.6
6389,18,-0.28,-1.88,-0.06
6390,17,-5.87,-1.66,-5.78
6391,16,-0.27,-1.26,-0.36
6392,16,13.19,-3.37,20.08
6393,10,-0.28,-0.95,-0.05
6394,17,-3.1,-2.74,-2.97
6395,18,-5.25,-2.06,-0.09
6396,9,-0.31,-0.31,-0.03
6397,10,-0.28,-4.57,-0.05
6398,16,-12.82,-1.06,-13.15
6399,9,-1.37,5.78,-0.01
6400,12,-0.32,-8.73,-0.02
6401,12,-0.32,-8.76,-0.05
6402,17,-1.3,-2.12,-0.03
6403,16,-0.32,-1.69,-0.05
6404,14,-0.32,-1.43,-6.15
6405,14,1.41,-21.81,-0.03
6406,14,-5.5,-0.98,-9.83
6407,16,-4.83,-0.1,-0.13
6408,15,-13.28,-2.07,-13.65
6409,7,-0.04,-0.31,-0.02
6410,12,9.04,-5.43,3.16
6411,14,-13.34,-0.98,-13.88
6412,10,-0.27,-13.84,-0.02
6413,10,-0.29,-13.74,-0.03
6414,16,-8.72,-1.58,-8.7
6415,13,-0.28,-0.98,-0.42
6416,9,-1.37,-4.6,10.03
6417,16,1.39,4.99,-0.05
6418,8,-0.05,-0.31,-0.02
6419,12,-0.32,-8.75,-0.04
6420,8,-0.05,1.38,-0.04
6421,6,-1.27,6.28,-0.03
6422,13,1.35,1.52,-0.0
6423,14,-0.28,-1.14,-0.02
6424,15,-0.32,-1.46,-6.03
6425,15,-8.37,-1.38,-8.37
6426,10,12.04,-5.36,18.14
6427,15,1.34,-19.19,-0.04
6428,8,-0.28,-0.27,-0.04
6429,11,-1.44,-6.27,2.47
6430,14,1.32,-37.64,-0.03
6431,9,-0.05,1.37,-0.06
6432,12,-1.39,-5.87,3.37
6433,12,-0.31,-8.77,-0.05
6434,9,-0.31,-0.32,-0.04
6435,10,-1.35,-6.22,-0.01
6436,10,0.04,-4.83,2.05
6437,13,-0.32,-7.43,-0.47
6438,15,-6.27,-1.7,-0.11
6439,15,-0.97,-2.74,-0.02
6440,11,-0.31,-8.57,-0.03
6441,16,-1.02,-2.67,-0.03
6442,13,-0.32,-8.36,-0.02
6443,14,-0.32,-1.39,-0.04
6444,16,16.81,-1.93,25.7
6445,14,-0.96,-1.07,-3.6
6446,7,-0.04,0.79,-0.05
6447,11,-1.37,-6.06,-0.02
6448,13,1.31,1.54,-0.0
6449,10,-0.32,-7.59,-0.02
6450,10,1.31,1.38,0.0
6451,11,-0.28,-6.7,-0.02
6452,7,-0.28,-0.28,-0.02
6453,11,-1.35,-6.01,5.4
6454,8,-1.41,-6.18,-0.05
6455,8,-0.05,1.33,-0.06
6456,7,-0.06,-0.26,-0.04
6457,6,-1.31,-1.39,-0.05
6458,15,1.33,-28.38,-0.04
6459,18,-0.33,-1.55,-0.09
6460,12,1.31,1.57,-0.0
6461,18,-2.7,-0.67,-0.04
6462,7,-0.28,-8.45,-0.02
6463,18,1.34,-21.97,-0.03
6464,15,-0.32,-1.52,-0.04
6465,10,0.59,1.39,-0.02
6466,15,-13.38,-1.03,-14.58
6467,7,-1.34,-1.85,-0.02
6468,16,-0.33,-1.52,-3.01
6469,6,-1.26,-1.38,-0.04
6470,18,-13.82,-2.03,-14.37
6471,13,1.33,1.51,0.0
6472,9,-1.35,4.66,-0.02
6473,8,-0.28,-0.27,-0.05
6474,9,-1.39,-0.24,-0.02
6475,15,-5.81,-4.02,-0.12
6476,9,-0.05,1.46,-0.03
6477,17,-4.25,-1.17,-0.1
6478,16,-0.28,-1.72,-0.04
6479,16,1.5,-34.17,-0.02
6480,18,-6.28,0.03,-0.12
6481,9,-0.29,-12.78,-0.01
6482,16,1.44,-17.83,-0.01
6483,11,-0.29,-0.95,-0.04
6484,6,-0.03,-0.27,-0.03
6485,10,0.87,1.41,-0.06
6486,15,-0.27,-1.25,-0.06
6487,12,-1.38,-5.63,-0.04
6488,9,-1.35,-6.24,-0.02
6489,10,-0.31,-1.4,-0.04
6490,7,-0.04,0.96,-0.01
6491,12,-0.32,-1.44,0.0
6492,6,-1.25,12.83,-0.02
6493,18,1.38,-16.36,-0.24
6494,9,-0.28,-13.88,-0.02
6495,13,-0.32,-1.45,-0.07
6496,10,1.15,1.54,-0.03
6497,10,-1.76,-5.86,-0.11
6498,18,1.45,-35.47,-0.05
6499,18,1.34,-27.95,-0.04
6500,15,1.37,-33.07,-0.05
6501,10,-0.28,-12.62,-0.01
6502,13,-13.43,-1.91,-13.82
6503,10,-0.29,-13.87,-0.02
6504,16,16.94,-1.88,26.68
6505,11,-0.28,-13.53,-0.02
6506,14,4.6,-3.31,12.94
6507,7,-1.27,10.97,0.09
6508,9,-2.5,9.03,-0.47
6509,8,-0.05,1.36,-0.03
6510,17,-0.32,-1.72,-0.05
6511,13,1.33,1.51,-0.02
6512,8,-0.3,-0.31,-0.05
6513,13,17.46,-3.97,27.61
6514,9,-1.42,-3.23,0.02
6515,18,-13.87,-1.42,-13.6
6516,7,-0.04,1.35,-0.05
6517,7,-0.06,-0.26,-0.04
6518,14,-0.29,-1.06,-0.07
6519,17,1.54,6.63,-0.05
6520,16,9.68,0.19,18.85
6521,7,-0.04,-0.31,-0.04
6522,13,-0.32,-3.38,-0.03
6523,16,-3.08,-1.27,-2.95
6524,16,-0.97,-1.25,-0.04
6525,13,-0.29,-0.99,-1.85
6526,15,-0.32,-1.46,-0.06
6527,12,-0.31,-8.78,-0.02
6528,17,4.35,-0.97,0.24
6529,8,0.39,1.4,0.0
6530,9,-0.29,-2.82,-0.06
6531,7,-0.04,1.32,-0.02
6532,18,-1.38,-2.29,-0.04
6533,6,-0.03,-0.3,-0.05
6534,14,15.21,-4.68,23.48
6535,16,-13.88,-1.28,-13.63
6536,14,14.9,-2.31,22.92
6537,12,-1.45,-5.17,-0.04
6538,17,1.2,-2.14,8.66
6539,6,-1.26,0.46,-0.03
6540,12,-0.28,-1.14,-0.04
6541,8,-0.3,-0.31,-0.03
6542,12,-0.31,-8.71,-0.04
6543,17,1.39,-35.89,-0.05
6544,16,15.01,-0.12,23.1
6545,12,-0.07,1.45,-0.03
6546,6,-0.03,0.19,-0.04
6547,14,-0.32,-1.38,-0.05
6548,15,1.41,-16.99,0.0
6549,16,15.06,-1.19,25.1
6550,9,-0.28,-12.79,-0.05
6551,9,-0.05,1.37,-0.03
6552,14,1.35,-38.19,-0.02
6553,17,-13.89,-2.64,-14.58
6554,15,-5.74,-1.11,-5.72
6555,12,-0.29,-0.96,-0.05
6556,12,1.35,-30.18,0.01
6557,15,-10.1,-1.21,-5.51
6558,8,-0.05,-0.31,-0.03
6559,18,-1.01,-2.04,-0.06
6560,15,17.22,-0.22,27.59
6561,18,-7.63,-2.58,-7.66
6562,16,-0.32,-1.52,-0.02
6563,14,1.32,-14.91,-0.04
6564,10,-0.29,-13.73,-0.04
6565,11,13.22,-4.36,20.1
6566,8,0.13,1.33,-0.05
6567,12,-0.31,-8.7,-0.05
6568,6,-1.27,-1.36,-0.04
6569,18,-0.32,-1.76,-0.02
6570,13,1.36,-38.05,-0.02
6571,16,-0.28,-1.41,-0.04
6572,17,-7.93,-1.46,-8.05
6573,10,0.37,1.39,-0.03
6574,18,-4.02,-34.97,-6.12
6575,15,1.31,-31.74,-0.05
6576,15,-0.32,-1.48,-0.05
6577,12,-0.07,1.51,-0.03
6578,9,-1.29,-6.08,-0.04
6579,16,-0.33,-1.92,-0.04
6580,16,-5.75,-3.43,-0.11
6581,9,-0.3,-4.34,-0.03
6582,9,-0.31,-0.32,-0.0
6583,16,14.83,-4.72,21.78
6584,11,-1.44,-5.51,5.21
6585,6,-0.03,1.16,-0.03
6586,14,-3.39,-4.56,-2.02
6587,12,0.44,1.49,-0.04
6588,7,-0.09,-0.26,-0.01
6589,10,-0.31,-0.32,-0.03
6590,7,-1.26,8.16,-0.02
6591,8,-0.3,-8.7,-0.03
6592,12,-1.43,-5.42,-0.05
6593,6,-0.28,-0.27,-0.03
6594,12,1.33,-20.31,0.0
6595,6,-0.03,0.35,-0.06
6596,9,6.89,-2.85,11.73
6597,14,-0.28,-1.35,-0.02
6598,12,1.34,1.43,-0.01
6599,18,-0.96,-2.67,-0.05
6600,11,12.57,-5.29,16.3
6601,11,-0.31,-2.9,-0.04
6602,13,-6.27,-5.16,-0.1
6603,8,-0.3,-0.31,-0.04
6604,18,1.44,-34.77,0.0
6605,11,2.93,-6.13,5.58
6606,9,-0.29,-0.26,-0.02
6607,12,-0.29,-1.11,-0.05
6608,8,-1.35,2.23,-0.08
6609,14,-8.73,-1.59,-8.75
6610,12,-0.32,-1.56,-0.02
6611,12,1.35,1.52,-0.05
6612,15,-13.86,-1.04,-14.52
6613,14,1.31,1.53,-0.02
6614,16,-5.55,-2.74,-0.14
6615,18,1.35,-20.34,-0.03
6616,17,-13.89,-2.71,-14.57
6617,9,-1.39,-6.09,-0.04
6618,8,-0.28,-0.28,-0.04
6619,9,-0.29,-5.09,-0.05
6620,8,-0.3,-0.32,-0.02
6621,11,1.32,1.42,-0.04
6622,10,5.13,-6.16,8.38
6623,10,-0.28,-13.82,-0.04
6624,14,-0.32,-7.53,-0.04
6625,8,-0.3,-0.31,-0.04
6626,12,-0.31,-7.26,-0.03
6627,7,-0.04,1.32,-0.04
6628,12,-0.32,-1.49,-0.04
6629,16,-8.66,-1.47,-8.32
6630,14,-0.27,-2.13,-0.04
6631,13,1.2,-6.52,-0.03
6632,6,-0.03,0.36,-0.0
6633,18,-5.81,-33.42,-9.17
6634,17,-12.87,-1.3,-12.86
6635,9,-0.3,-8.78,-0.02
6636,13,-0.32,-8.05,-0.06
6637,13,-0.32,-4.33,-3.8
6638,9,-1.39,-4.65,0.01
6639,8,-0.05,1.39,-0.06
6640,9,-0.3,-2.43,-0.03
6641,10,-0.29,-13.6,-0.06
6642,14,-6.12,-5.23,-0.13
6643,16,-0.32,-1.38,-0.19
6644,14,-0.32,-1.45,-0.85
6645,13,-1.44,-5.45,-0.03
6646,7,-1.33,-5.82,-0.04
6647,10,-0.31,-8.73,-0.05
6648,8,-0.3,-0.31,-0.01
6649,14,-6.26,-5.06,-0.13
6650,16,-5.56,-2.79,-0.09
6651,18,-22.35,7.17,-25.42
6652,16,1.5,-33.24,-0.03
6653,12,-0.94,-5.39,0.83
6654,6,-0.03,-0.3,-0.02
6655,6,-0.07,-0.29,-0.04
6656,18,-6.28,-0.61,-0.09
6657,15,17.55,-0.2,27.94
6658,16,-13.55,-1.46,-12.76
6659,10,-1.39,-6.26,0.13
6660,12,0.36,-16.61,-0.02
6661,9,-0.28,-0.26,-0.05
6662,8,-1.29,-6.22,-0.03
6663,8,0.07,1.32,-0.0
6664,12,-1.62,-13.48,-5.68
6665,13,1.3,-4.77,-0.01
6666,6,-0.03,-0.3,-0.02
6667,17,-5.39,0.02,-0.07
6668,6,-0.28,-0.27,-0.03
6669,10,-0.31,-8.71,-0.02
6670,15,-0.29,-1.59,-0.03
6671,7,-1.3,-1.42,-0.05
6672,16,1.36,-35.25,0.01
6673,13,-0.32,-7.76,-0.03
6674,16,-9.88,-1.11,-8.22
6675,11,4.21,-6.21,13.42
6676,14,-6.28,-5.36,-0.11
6677,16,-4.5,-1.35,-4.09
6678,6,-1.27,-1.41,-0.03
6679,17,-0.32,-2.15,-0.05
6680,7,-1.31,-1.43,-0.04
6681,17,-0.28,-2.22,-0.03
6682,17,-0.32,-1.6,-0.05
6683,12,6.33,-5.58,6.32
6684,8,-0.3,-0.31,-0.08
6685,9,-0.28,-0.26,-0.02
6686,7,-0.04,1.04,-0.02
6687,13,-0.28,-1.02,-0.03
6688,8,-0.3,-0.31,-0.01
6689,11,1.27,1.44,-0.03
6690,9,-0.05,1.36,-0.02
6691,8,-0.28,-13.82,-0.05
6692,8,-0.05,1.38,-0.05
6693,16,-5.63,-2.15,-0.1
6694,9,-0.29,-13.87,-0.05
6695,15,-10.5,-1.13,-11.5
6696,15,-0.33,-1.45,-0.02
6697,12,-0.32,-8.64,-0.03
6698,10,0.25,-6.19,22.39
6699,9,-0.05,1.33,-0.03
6700,11,-0.31,-8.73,-0.03
6701,13,-2.18,-1.21,-2.02
6702,15,-0.32,-1.37,-0.33
6703,16,-5.78,-2.97,-0.08
6704,12,-0.29,-1.73,-0.03
6705,11,-0.29,-0.96,-0.05
6706,7,-0.04,1.32,-0.05
6707,16,-5.72,-0.34,-0.11
6708,16,13.39,-2.84,18.9
6709,13,-0.32,-7.87,-0.0
6710,18,-5.84,-0.74,-0.12
6711,17,-9.72,-1.88,-9.87
6712,15,1.35,-5.09,-0.0
6713,9,1.31,1.33,-0.05
6714,7,-1.27,8.25,-0.03
6715,12,-1.37,-5.76,30.3
6716,9,-0.31,-0.31,-0.04
6717,14,-0.27,-1.04,-0.01
6718,11,-0.31,-8.69,-0.05
6719,16,1.31,-36.54,-0.0
6720,13,-3.51,-5.06,-2.11
6721,9,-1.29,-5.61,-0.06
6722,11,-0.32,-8.76,-0.06
6723,9,-0.3,-0.31,-0.05
6724,12,-0.27,-0.97,-8.37
6725,15,-12.89,-1.01,-13.3
6726,13,-0.28,-1.02,-0.07
6727,8,-0.23,-0.28,-0.04
6728,9,-0.31,-0.32,-0.05
6729,17,1.34,-28.99,-0.02
6730,7,0.53,1.26,-0.04
6731,7,-0.04,-0.32,-0.03
6732,18,-8.19,-1.65,-8.13
6733,9,-0.29,-0.27,-0.02
6734,11,-0.28,-13.81,-0.05
6735,16,-8.49,-1.45,-8.41
6736,7,-1.26,8.36,-0.04
6737,16,6.96,-2.8,10.85
6738,7,-0.04,-0.3,-0.04
6739,9,-0.29,-13.58,-0.05
6740,7,-1.35,-3.81,-0.05
6741,6,-1.29,-1.42,-0.04
6742,14,-0.28,-1.08,-0.46
6743,8,-0.05,1.33,-0.04
6744,17,-6.14,-1.32,-0.11
6745,11,1.32,1.37,-0.0
6746,6,-0.03,1.02,-0.04
6747,9,-2.09,13.35,1.07
6748,14,-8.75,-7.45,-8.87
6749,16,11.13,-2.22,12.17
6750,13,1.33,1.45,-0.01
6751,13,1.39,1.53,-0.05
6752,17,-13.77,-1.86,-14.28
6753,11,-0.28,-13.88,-0.04
6754,13,-0.28,-0.97,-0.08
6755,17,-13.32,-1.95,-6.07
6756,10,-0.31,-8.77,-0.0
6757,12,-0.07,-2.35,-0.06
6758,11,1.93,-6.19,9.45
6759,13,-1.98,-4.7,-0.37
6760,9,-0.31,-0.31,-0.04
6761,9,-0.29,-0.26,-0.06
6762,11,-0.31,-8.75,-0.05
6763,10,-1.34,-6.03,-0.02
6764,11,-0.28,-0.96,-0.07
6765,7,-0.04,-0.3,-0.01
6766,17,-8.0,-1.54,-8.08
6767,18,-1.39,-1.55,-0.04
6768,7,-0.28,-0.28,-0.05
6769,12,-0.29,-13.78,-0.01
6770,17,-0.32,-1.53,-0.25
6771,8,-0.3,-0.32,-0.03
6772,7,-1.26,3.52,-0.04
6773,11,-0.31,-7.13,-0.04
6774,7,-1.27,11.25,-0.06
6775,17,-0.33,-1.74,-0.07
6776,10,5.92,-4.92,9.43
6777,6,-0.03,0.42,-0.02
6778,10,-1.31,-6.26,0.3
6779,16,-0.29,-1.15,-0.05
6780,13,-7.52,-0.97,-8.28
6781,12,-0.32,-8.2,-0.04
6782,9,-1.29,-6.12,-0.06
6783,15,1.33,-0.99,-0.0
6784,8,-0.3,-0.31,-0.06
6785,13,1.32,-27.29,0.0
6786,11,-0.31,-8.76,-0.01
6787,15,-0.27,-1.07,-0.02
6788,18,1.4,-12.99,-15.07
6789,6,-0.03,-0.03,-0.06
6790,9,-0.3,-0.32,-0.03
6791,11,-0.29,-0.96,-0.04
6792,12,-0.32,-8.06,-0.04
6793,10,-0.06,1.39,-0.04
6794,12,-0.28,-1.19,-0.04
6795,12,-0.32,-8.21,-0.05
6796,18,-4.4,-1.12,-0.12
6797,6,-0.03,-0.27,-0.01
6798,6,-1.25,-1.42,-0.04
6799,16,-0.32,-1.56,-0.53
6800,11,-0.31,-1.37,-0.05
6801,10,-0.06,1.37,-0.04
6802,13,-0.32,-5.19,-0.02
6803,8,-1.32,-3.65,15.33
6804,18,-3.03,-0.74,-0.08
6805,15,1.31,-38.27,-0.03
6806,11,12.52,-5.77,11.82
6807,6,-1.25,-1.38,-0.03
6808,12,15.59,-4.07,24.19
6809,18,1.42,-31.96,0.01
6810,14,-6.2,-5.54,-0.11
6811,14,0.86,-20.6,-0.01
6812,9,-0.31,-0.32,-0.02
6813,18,-13.55,-1.84,-14.61
6814,13,1.31,-1.98,-0.02
6815,17,-0.42,-2.01,-0.18
6816,6,-0.03,-0.03,-0.05
6817,9,-0.04,1.49,-0.02
6818,11,0.53,-5.92,3.45
6819,9,0.47,1.36,-0.05
6820,14,-0.32,-1.53,-0.02
6821,8,-0.05,-0.32,-0.04
6822,17,-13.89,-1.95,-14.36
6823,6,-0.28,-0.27,0.0
6824,15,-0.32,-1.38,-0.03
6825,14,1.24,-3.94,3.49
6826,6,-1.26,13.35,-0.02
6827,13,-0.28,-1.06,-0.06
6828,10,-0.29,-12.92,-0.06
6829,14,-0.29,-1.28,-0.04
6830,6,-0.03,0.33,-0.02
6831,16,-8.23,-2.06,-8.25
6832,6,-0.03,-0.27,-0.03
6833,10,0.89,-6.26,3.3
6834,15,1.38,-26.61,-0.05
6835,16,8.57,-1.83,17.49
6836,15,1.39,-37.63,-0.04
6837,10,-0.06,1.47,-0.04
6838,13,-6.2,-2.28,-0.06
6839,15,1.43,-0.94,-0.01
6840,16,-7.94,-1.53,-7.51
6841,7,-0.29,-0.31,-0.06
6842,15,5.5,-1.11,8.85
6843,15,-0.32,-1.46,-0.31
6844,15,-5.76,-3.18,-0.09
6845,8,-0.3,-5.19,-0.06
6846,6,-1.26,-1.39,-0.07
6847,15,1.3,-33.62,-0.03
6848,15,-5.86,-0.18,-0.12
6849,16,1.33,-36.67,-0.0
6850,9,-0.05,1.35,-0.06
6851,17,-5.92,-1.49,-6.65
6852,10,-1.36,-6.13,-0.04
6853,16,1.55,1.58,-0.04
6854,11,-0.06,1.49,-0.06
6855,15,-0.97,-1.35,-0.04
6856,14,-0.29,-0.98,-0.06
6857,10,14.44,-6.25,23.87
6858,9,-1.36,-6.05,-0.03
6859,7,-0.04,1.34,-0.01
6860,16,-0.54,-2.09,-0.25
6861,15,-6.27,-3.77,-0.11
6862,7,-0.28,-0.28,-0.01
6863,15,-8.73,-1.42,-8.55
6864,11,-0.29,-1.06,-0.04
6865,14,-0.27,-1.25,-0.06
6866,11,-0.31,-8.78,-0.02
6867,7,-0.04,-0.31,-0.01
6868,18,-1.72,-33.11,-6.24
6869,8,-0.29,-0.38,-0.01
6870,18,-0.33,-1.8,-0.04
6871,18,-33.23,-22.47,-35.8
6872,6,-0.03,-0.3,-0.01
6873,17,-6.28,-1.6,-0.08
6874,15,-0.32,-1.39,-0.04
6875,18,-6.28,-0.55,-0.08
6876,8,-0.05,1.33,-0.05
6877,16,-0.28,-2.72,-0.03
6878,6,-0.03,0.25,-0.05
6879,7,-1.26,3.91,-0.06
6880,9,-0.05,1.38,-0.04
6881,8,-0.28,-0.26,-0.07
6882,15,-0.28,-2.57,-0.02
6883,16,15.58,-2.89,25.66
6884,18,1.45,6.16,-0.03
6885,6,-0.03,0.35,-0.05
6886,10,0.08,1.38,-0.02
6887,9,-0.31,-0.32,-0.03
6888,14,-0.32,-1.39,-0.03
6889,6,-0.28,-0.3,-0.04
6890,17,-8.13,-1.45,-8.0
6891,7,-0.28,-0.28,-0.02
6892,7,-1.27,0.89,-0.02
6893,10,-0.28,-13.57,-0.04
6894,17,12.19,0.16,18.43
6895,8,-0.29,-0.27,-0.02
6896,17,-0.32,-1.7,-0.1
6897,13,-0.32,-1.35,-0.03
6898,6,-0.29,-0.3,-0.05
6899,13,-0.32,-1.6,-0.02
6900,8,-1.28,8.37,-0.05
6901,13,0.88,-36.34,-0.01
6902,7,-0.28,-0.28,-0.05
6903,8,-0.28,-0.27,-0.04
6904,18,-13.89,-2.73,-14.61
6905,9,-0.29,-0.27,-0.03
6906,13,-0.32,-1.37,-0.04
6907,16,-0.32,-1.5,-3.37
6908,15,-13.87,-2.21,-14.65
6909,8,-0.05,1.35,-0.06
6910,16,-11.5,-1.85,-11.75
6911,16,-0.32,-1.81,-0.04
6912,9,-3.35,-5.66,-1.93
6913,9,0.88,1.33,-0.02
6914,15,-0.32,-1.42,-0.09
6915,8,-0.28,-0.27,-0.02
6916,15,-13.61,-1.02,-14.04
6917,12,-0.28,-3.92,-2.54
6918,8,-0.05,1.33,-0.03
6919,16,-0.27,-2.74,-0.05
6920,16,-0.32,-7.19,-0.04
6921,9,-1.29,-6.25,12.62
6922,17,-0.32,-1.45,-0.09
6923,11,1.09,1.51,-0.03
6924,11,-0.29,-13.53,-0.03
6925,9,-0.31,-0.31,-0.06
6926,18,-0.27,-1.75,-0.01
6927,15,14.92,-4.58,23.0
6928,12,-0.31,-7.96,-0.04
6929,14,-3.3,-4.86,-1.97
6930,10,-1.31,-6.24,-0.03
6931,17,-0.28,-1.53,-0.04
6932,9,-2.73,15.34,-0.33
6933,16,-7.65,-1.34,-2.84
6934,9,-0.05,1.46,-0.04
6935,15,-0.33,-1.46,-0.39
6936,15,13.14,-5.02,19.86
6937,6,-0.03,-0.27,-0.03
6938,11,-1.36,-5.5,-0.03
6939,6,-1.28,-1.36,-0.03
6940,9,-0.3,-0.32,-0.04
6941,9,-0.31,-0.31,-0.01
6942,18,1.37,-1.11,-2.4
6943,7,-0.04,-0.3,-0.01
6944,6,-1.32,-1.4,-0.04
6945,13,-12.8,-2.2,-13.11
6946,15,1.36,1.57,-0.02
6947,17,-0.27,-1.51,-0.06
6948,8,-0.28,-0.27,-0.05
6949,10,-0.29,-13.75,-0.06
6950,9,-0.3,-0.32,-0.05
6951,12,6.64,-5.68,9.42
6952,9,-1.32,-6.21,-0.03
6953,7,-0.04,1.35,-0.03
6954,17,11.08,-1.72,16.67
6955,18,-6.02,-19.45,-14.79
6956,14,1.34,-17.39,-0.03
6957,12,-0.32,-1.51,-0.04
6958,15,1.33,-32.24,-0.03
6959,11,16.13,-3.36,26.34
6960,11,-0.29,-13.66,-0.02
6961,18,-8.23,-2.03,-6.47
6962,9,-0.29,-13.46,-0.04
6963,12,0.37,1.49,-0.04
6964,17,-0.27,-2.05,-0.06
6965,13,-0.32,-1.39,-0.03
6966,8,-0.3,-0.31,-0.03
6967,18,-2.12,-1.55,-1.99
6968,14,-2.92,-1.13,-1.18
6969,8,-0.3,-0.31,-0.05
6970,6,-0.03,0.1,-0.05
6971,18,1.4,-22.93,-0.18
6972,10,-0.31,-0.32,-0.06
6973,14,1.36,-5.98,-0.01
6974,14,-13.51,-1.08,-14.16
6975,9,-0.29,-8.69,-0.05
6976,11,-1.25,-5.76,4.39
6977,14,-0.96,-1.09,-0.47
6978,13,-0.32,-8.16,-0.02
6979,12,0.87,1.44,-0.0
6980,9,-0.29,-13.55,-0.03
6981,15,1.32,-28.46,-0.01
6982,8,-0.3,-0.31,-0.04
6983,13,1.39,1.5,0.01
6984,17,-0.32,-1.53,-0.02
6985,6,-0.03,1.32,-0.03
6986,6,-1.25,-1.39,-0.04
6987,17,-0.32,-1.65,-3.22
6988,13,-0.32,-1.47,-0.03
6989,13,-8.78,-8.04,-7.55
6990,10,1.32,1.37,-0.04
6991,10,-1.35,-4.98,-0.06
6992,12,-0.32,-2.25,-0.05
6993,9,-0.28,-0.27,-0.02
6994,15,1.32,1.57,-0.02
6995,8,-0.29,-0.28,-0.06
6996,7,-0.04,-0.28,-0.02
6997,9,-1.33,-4.09,4.09
6998,11,-0.05,1.4,-0.06
6999,13,-0.29,-1.12,-2.37
7000,12,3.13,-5.34,2.16
7001,16,1.37,-15.22,-0.04
7002,10,2.61,-6.18,5.25
7003,9,-0.31,-0.32,-0.03
7004,7,-0.3,-0.3,-0.05
7005,12,-0.29,-0.96,-0.12
7006,16,-0.32,-1.56,-1.65
7007,7,-0.05,-0.27,-0.05
7008,8,-0.3,-0.31,-0.04
7009,12,0.96,1.46,-0.04
7010,7,-1.28,16.13,-0.01
7011,6,-0.03,-0.29,-0.04
7012,7,-0.24,-0.31,-0.06
7013,7,-0.04,1.13,-0.06
7014,7,-0.04,-0.31,-0.03
7015,8,-0.05,1.38,-0.03
7016,15,1.4,-27.15,-0.01
7017,16,-13.42,-1.45,-13.82
7018,17,1.33,-34.28,-0.01
7019,6,-0.29,-0.3,-0.03
7020,12,-0.32,-1.43,-0.06
7021,12,-0.27,-13.89,-0.03
7022,8,-0.05,-0.31,-0.03
7023,10,-1.37,-6.02,0.11
7024,10,-0.28,-13.37,-0.02
7025,10,-1.41,-4.89,-0.02
7026,17,-1.07,-1.76,-0.09
7027,6,-0.28,-0.27,-0.06
7028,16,-5.27,-1.33,-2.55
7029,14,1.38,-31.97,-0.03
7030,16,-5.8,-4.04,-0.09
7031,9,-1.44,-5.84,-0.03
7032,15,1.43,-36.41,-0.03
7033,16,1.43,-36.39,-0.03
7034,8,-1.28,9.61,-0.03
7035,8,-1.28,7.32,-0.03
7036,9,-0.28,-0.27,-0.02
7037,16,-6.06,-1.72,0.17
7038,16,-0.28,-1.31,-0.57
7039,9,-0.05,1.41,-0.04
7040,18,-5.86,0.05,-0.13
7041,18,1.36,-15.95,-0.45
7042,8,-0.29,-0.28,-0.04
7043,16,1.5,-33.1,-0.04
7044,7,-0.28,-0.27,-0.06
7045,14,-0.29,-1.05,-10.91
7046,6,-0.28,-0.26,-0.02
7047,15,-0.32,-1.38,-0.18
7048,14,-0.28,-1.06,-0.02
7049,13,-2.82,-8.53,-1.66
7050,14,-0.32,-1.56,-0.05
7051,18,-5.19,-0.81,-0.08
7052,7,-0.04,1.35,-0.01
7053,17,-0.32,-1.9,-0.05
7054,15,6.94,-2.36,10.81
7055,6,-0.03,-0.29,-0.05
7056,13,-2.86,-3.65,-1.52
7057,14,-6.04,-5.01,-0.12
7058,12,-0.29,-4.45,-0.03
7059,18,-6.02,-1.24,-0.07
7060,10,-0.06,1.36,-0.03
7061,10,-0.29,-13.88,-0.04
7062,8,-0.29,-13.3,-0.04
7063,6,-0.05,-0.3,-0.01
7064,9,-0.28,-2.68,-0.01
7065,11,1.33,1.42,-0.03
7066,13,-13.73,-1.42,-14.21
7067,17,-1.15,-1.79,-0.93
7068,10,0.92,-20.93,-0.04
7069,14,-8.75,-1.92,-8.8
7070,6,-1.25,-1.41,-0.06
7071,6,-0.03,0.5,-0.05
7072,14,1.42,1.48,-0.05
7073,18,-13.53,-1.82,-3.75
7074,8,-1.29,17.56,-0.06
7075,7,-1.27,10.49,-0.04
7076,8,-0.3,-0.31,-0.03
7077,9,-0.29,-3.57,-0.03
7078,16,15.24,-2.46,23.55
7079,18,-0.32,-1.96,-0.02
7080,9,-0.3,-0.32,-0.06
7081,17,-6.28,-1.86,-0.08
7082,9,-1.29,-4.12,-0.04
7083,11,-0.31,-8.7,-0.04
7084,16,1.42,-16.98,0.0
7085,9,1.32,1.34,-0.05
7086,14,0.55,-4.41,2.02
7087,9,-0.3,-6.92,-0.05
7088,11,1.31,1.42,-0.02
7089,9,1.22,1.34,-0.05
7090,11,-0.31,-8.75,-0.05
7091,11,-0.31,-8.36,-0.04
7092,17,-0.32,-2.29,-0.03
7093,15,2.72,-3.34,10.7
7094,12,1.32,1.49,-0.04
7095,17,1.41,-31.07,-0.05
7096,6,-0.27,-0.27,-0.07
7097,7,-1.26,2.67,-0.04
7098,7,-0.04,1.32,-0.04
7099,7,-0.04,1.2,-0.04
7100,9,-0.05,1.35,-0.06
7101,7,-1.29,-1.42,-0.02
7102,8,-0.28,-0.28,-0.04
7103,6,-0.03,-0.3,-0.05
7104,15,-6.24,-2.86,-0.1
7105,11,-1.41,-5.89,-0.0
7106,17,-6.11,-1.82,-0.1
7107,7,-1.26,6.83,-0.03
7108,17,-0.32,-1.84,-0.05
7109,10,-0.31,-6.42,-0.04
7110,18,-2.3,-2.16,4.66
7111,10,1.29,1.35,-0.02
7112,10,-0.31,-0.32,-0.01
7113,7,-1.31,-1.91,-0.01
7114,7,-0.04,1.32,-0.03
7115,8,-1.32,14.19,-0.03
7116,13,-0.28,-0.96,-0.05
7117,9,-0.05,1.36,-0.03
7118,14,-13.76,-1.29,-12.07
7119,11,1.31,1.46,-0.02
7120,10,0.95,1.37,-0.01
7121,14,-0.27,-1.63,-0.06
7122,18,1.37,0.34,-28.72
7123,9,-0.31,-0.32,-0.03
7124,9,-0.3,-0.32,-0.02
7125,17,-1.05,-1.24,-0.06
7126,17,-0.32,-2.26,-0.06
7127,18,1.32,-33.78,-0.03
7128,10,-0.29,-13.79,-0.01
7129,11,-0.28,-13.5,-0.0
7130,16,-13.57,-1.72,-14.01
7131,10,-0.28,-0.98,-0.08
7132,12,-13.51,-1.41,-13.95
7133,11,5.94,-5.97,9.83
7134,10,-0.06,1.39,-0.02
7135,15,1.32,-24.09,-2.82
7136,8,-1.39,10.94,-0.03
7137,10,-0.28,-13.7,-0.03
7138,15,-0.32,-1.43,-5.38
7139,7,-1.32,-1.37,-0.02
7140,17,-2.91,-1.96,-2.75
7141,16,17.46,-1.52,11.66
7142,18,12.99,-1.55,18.16
7143,11,-0.28,-10.95,-0.02
7144,14,15.47,-4.61,17.48
7145,10,-1.42,-6.26,11.98
7146,15,-0.32,-1.48,-3.84
7147,15,-0.32,-1.38,-0.03
7148,16,-8.79,-1.59,-8.53
7149,11,0.87,1.37,-0.05
7150,17,-13.24,-2.05,-13.57
7151,13,1.29,1.5,-0.01
7152,11,-1.45,-5.95,1.38
7153,15,1.31,-33.49,-0.03
7154,16,-6.2,-2.72,-0.1
7155,14,-1.28,-3.41,0.45
7156,10,-0.06,1.42,-0.03
7157,11,-0.31,-8.78,-0.04
7158,14,-13.69,-0.98,-14.7
7159,9,2.56,-3.38,5.11
7160,18,-6.28,-0.48,-0.1
7161,11,-2.2,-6.13,5.71
7162,9,-0.05,1.35,-0.02
7163,17,-0.32,-1.56,-0.24
7164,7,-0.29,-0.31,-0.03
7165,13,-0.27,-0.98,-0.03
7166,14,-0.32,-1.41,-0.03
7167,15,-0.32,-1.45,-0.02
7168,10,-0.31,-2.53,-0.04
7169,14,-8.77,-1.42,-8.32
7170,6,-0.03,-0.27,-0.03
7171,10,-0.28,-3.43,-0.07
7172,9,-0.05,1.34,-0.05
7173,11,-1.42,-5.45,-0.06
7174,18,-0.99,-2.6,-0.06
7175,6,-0.29,-0.3,-0.0
7176,11,-13.54,-1.25,-13.94
7177,14,-0.29,-1.01,-0.11
7178,10,-0.06,1.37,-0.03
7179,9,-0.05,-0.32,-0.02
7180,16,6.32,-0.37,9.44
7181,14,3.86,-3.64,6.76
7182,18,-0.33,-1.7,-0.07
7183,7,-0.04,1.33,-0.02
7184,8,-0.3,-0.31,-0.03
7185,11,-0.31,-0.32,-0.04
7186,8,-0.3,-0.32,-0.0
7187,12,0.74,-5.81,2.88
7188,13,1.36,1.47,-0.0
7189,14,-0.28,-0.97,-0.38
7190,17,9.98,-1.76,4.07
7191,9,-0.29,-13.72,-0.03
7192,9,-0.05,1.35,-0.03
7193,14,1.32,-22.48,-0.01
7194,7,-0.29,-0.32,-0.02
7195,7,-0.04,1.05,0.0
7196,18,1.35,4.85,-13.23
7197,15,1.31,-8.63,-0.04
7198,10,-0.31,-8.79,-0.04
7199,6,-0.03,1.32,-0.05
7200,14,-0.29,-1.07,-0.06
7201,6,-0.28,-0.27,-0.05
7202,16,-0.29,-2.11,-0.05
7203,6,-0.03,-0.27,-0.02
7204,15,1.32,-31.88,-0.03
7205,8,-0.29,-0.27,-0.03
7206,8,-0.29,-0.27,-0.04
7207,18,-2.58,-1.2,-0.09
7208,8,-1.29,17.4,-0.06
7209,9,-0.05,1.35,-0.05
7210,13,-3.84,-0.96,-6.18
7211,11,-1.35,-6.05,-0.05
7212,13,-6.27,-5.62,-0.11
7213,6,-1.25,5.25,-0.03
7214,17,-1.05,-1.66,-0.04
7215,8,-1.32,9.37,-0.04
7216,14,-0.18,-1.83,1.78
7217,16,1.39,-27.66,-0.0
7218,18,-6.25,-0.74,-0.13
7219,12,1.33,1.49,-0.04
7220,16,1.39,-37.28,-0.01
7221,10,0.61,4.02,2.81
7222,15,3.38,-2.89,5.88
7223,9,0.87,1.53,-0.01
7224,8,-0.3,-0.31,-0.06
7225,18,1.36,-22.63,-0.0
7226,6,-0.03,-0.3,-0.05
7227,8,-0.29,-0.28,-0.04
7228,14,1.33,-22.04,-0.02
7229,18,1.33,-28.17,-0.03
7230,18,-0.99,-1.64,-0.06
7231,9,-0.31,-0.32,-0.06
7232,9,-1.3,-6.13,-0.03
7233,9,-0.05,1.37,-0.04
7234,18,-5.88,-0.51,-0.08
7235,11,-1.42,-6.06,0.41
7236,12,-0.28,-0.95,-0.48
7237,12,0.44,1.52,-0.02
7238,12,-1.41,-6.02,-0.01
7239,11,-0.29,-13.81,-0.01
7240,14,11.13,-2.76,3.87
7241,17,-0.32,-1.72,-0.03
7242,7,-1.28,-1.25,-0.03
7243,10,-0.31,-0.32,-0.03
7244,11,1.11,1.42,-0.06
7245,15,-1.98,-1.46,-5.43
7246,18,-0.32,-1.86,-0.02
7247,12,0.88,-1.63,3.03
7248,11,1.31,1.41,-0.02
7249,18,-6.19,-0.55,-0.1
7250,10,-0.31,-0.32,-0.05
7251,12,-0.8,-5.07,0.78
7252,12,-0.32,-7.98,-0.04
7253,16,-6.92,-1.43,-6.86
7254,18,-0.32,-2.21,-0.04
7255,17,1.33,-19.99,-0.01
7256,15,1.34,-19.58,0.0
7257,13,1.03,1.53,-0.03
7258,8,-1.29,12.4,-0.02
7259,13,-13.6,-1.74,-14.04
7260,15,-0.29,-1.13,-0.06
7261,12,-1.96,-5.7,-0.29
7262,15,-0.28,-1.62,-0.05
7263,10,-0.28,-0.95,0.01
7264,9,-0.29,-13.28,-0.04
7265,14,14.92,-2.93,22.95
7266,12,11.31,-4.78,20.77
7267,18,1.41,5.37,-0.04
7268,8,-0.05,1.32,-0.03
7269,17,13.92,-0.06,23.78
7270,15,-0.28,-1.6,-0.04
7271,18,-1.36,-1.61,-0.06
7272,12,-0.31,-7.64,-0.04
7273,11,-0.31,-0.95,-0.0
7274,12,1.38,1.49,0.02
7275,14,1.4,-2.93,-0.03
7276,10,-0.29,-13.71,-0.05
7277,8,-0.3,-0.31,-0.02
7278,12,13.5,-5.58,20.52
7279,13,-0.32,-4.01,-0.02
7280,18,-7.75,-1.63,-6.64
7281,10,-2.01,-6.18,19.63
7282,15,-0.27,-1.38,-0.06
7283,10,-0.31,-7.3,-0.04
7284,10,-0.29,-13.45,-0.05
7285,16,-13.56,-1.35,-14.46
7286,6,-1.27,-1.36,-0.08
7287,12,-0.28,-0.95,-1.71
7288,16,-0.32,-1.49,-1.79
7289,11,-0.31,-8.78,-0.01
7290,11,-0.32,-1.01,0.0
7291,9,-0.31,-0.32,-0.02
7292,15,-0.96,-2.53,-0.07
7293,11,6.64,-6.1,10.38
7294,9,8.86,-6.25,15.2
7295,10,-1.37,-6.17,26.0
7296,7,-0.06,-0.27,-0.05
7297,12,0.03,-4.07,7.52
7298,10,1.34,1.41,-0.02
7299,8,-1.33,16.6,-0.04
7300,7,-0.28,-0.28,-0.03
7301,14,3.85,-4.3,6.49
7302,13,-6.15,-4.52,-0.08
7303,14,-0.32,-1.38,-0.12
7304,9,-0.29,-0.27,-0.02
7305,9,-0.29,-12.86,-0.05
7306,14,-0.27,-1.01,-0.05
7307,18,-4.44,-2.78,2.12
7308,9,0.11,1.46,-0.05
7309,6,-1.11,-1.39,-0.03
7310,14,-2.89,-1.42,-4.09
7311,11,1.23,1.45,0.0
7312,14,1.37,-27.75,-0.04
7313,9,-1.39,16.13,-0.04
7314,11,1.33,1.41,-0.06
7315,18,-6.24,-0.42,-0.11
7316,18,-1.38,-1.51,-0.09
7317,12,-0.07,1.51,-0.04
7318,17,-0.98,-1.78,-0.03
7319,7,-0.28,-11.07,-0.06
7320,14,-13.83,-1.54,-14.38
7321,12,-0.32,-7.85,-0.05
7322,8,-0.3,-0.32,-0.03
7323,13,-6.27,-4.96,-0.11
7324,7,-0.04,1.32,-0.03
7325,16,-5.29,-2.63,-0.1
7326,11,-0.29,-13.87,-0.05
7327,13,-0.32,-2.54,-0.03
7328,8,-0.3,-0.31,-0.02
7329,18,1.36,-10.77,-0.04
7330,15,-0.32,-1.48,-0.03
7331,15,-3.66,-1.5,-3.54
7332,9,0.63,1.33,-0.01
7333,14,1.32,-26.14,-0.04
7334,8,-1.37,1.78,-0.06
7335,6,-0.28,-0.27,-0.05
7336,8,-0.29,-0.31,-0.06
7337,16,1.4,-33.79,-0.02
7338,13,1.35,1.52,-0.0
7339,6,-0.28,-0.27,-0.04
7340,9,-0.31,-0.32,-0.02
7341,9,-0.31,-0.32,-0.04
7342,12,-0.27,-0.95,-0.5
7343,12,-0.29,-1.17,-0.04
7344,12,-0.29,-8.81,-0.03
7345,14,-0.29,-1.32,-0.03
7346,14,-6.26,-4.0,-0.1
7347,9,-0.3,-0.32,-0.03
7348,6,-0.03,-0.29,-0.03
7349,18,-0.32,-1.63,-0.05
7350,16,-5.81,-2.15,-0.1
7351,13,15.26,-4.56,24.87
7352,16,-0.96,-2.73,-0.03
7353,16,1.38,-32.51,-0.04
7354,10,-1.39,-6.26,0.03
7355,6,-0.03,0.78,-0.07
7356,13,-0.29,-0.96,-1.83
7357,6,-0.03,-0.28,-0.02
7358,11,-1.37,-6.2,28.94
7359,15,-0.32,-1.44,-0.41
7360,8,-0.3,-0.31,-0.02
7361,10,-0.28,-13.04,-0.05
7362,18,-1.38,-2.29,-0.07
7363,17,1.4,-25.58,-0.28
7364,17,-6.28,-1.94,-0.12
7365,13,1.32,-35.28,-0.01
7366,6,-0.27,-0.27,-0.04
7367,7,-1.26,12.51,-0.06
7368,16,1.47,-6.19,-0.05
7369,16,1.32,-37.72,-0.01
7370,9,-1.36,-6.21,-0.03
7371,10,-1.35,-5.42,-0.02
7372,15,-0.29,-1.09,-0.04
7373,9,-1.37,-5.17,-0.07
7374,16,-0.32,-1.6,-0.04
7375,13,0.02,-5.58,2.17
7376,11,-1.43,-5.47,9.41
7377,6,-1.25,-1.34,-0.06
7378,11,1.33,1.38,-0.04
7379,13,1.32,-34.55,-0.01
7380,13,-1.41,-4.43,-0.05
7381,18,-1.37,-1.89,-0.09
7382,14,-0.29,-1.33,-7.98
7383,11,-0.28,-0.95,-0.19
7384,12,11.39,-5.86,16.94
7385,9,-0.31,-0.32,-0.03
7386,12,-13.87,-10.38,-14.23
7387,7,-0.29,-0.3,-0.03
7388,18,-8.17,-1.65,-8.19
7389,12,-0.31,-8.72,-0.03
7390,13,-0.32,-7.93,-0.02
7391,6,-1.27,-1.33,-0.08
7392,13,-0.28,-1.06,-0.09
7393,16,1.33,-36.29,-0.02
7394,6,-1.26,-1.4,-0.02
7395,13,-0.32,-7.83,-0.02
7396,10,-0.29,-13.73,-0.05
7397,14,2.5,-3.91,5.01
7398,15,-0.32,-1.43,-0.08
7399,8,-0.28,-0.28,-0.02
7400,7,-1.26,-1.03,-0.06
7401,13,-0.32,-7.45,-0.03
7402,9,0.73,1.33,-0.04
7403,18,-13.56,-2.73,-14.63
7404,10,-0.31,-0.32,-0.02
7405,9,-1.29,-6.02,-0.03
7406,17,-6.24,-1.52,-5.4
7407,8,-0.05,1.33,-0.04
7408,11,-0.29,-0.99,-0.06
7409,7,-0.06,-0.27,-0.05
7410,17,-6.27,-0.82,-0.07
7411,15,9.72,-4.02,12.49
7412,12,-2.46,-5.41,-6.86
7413,10,-0.06,1.54,-0.02
7414,8,-1.34,12.38,-0.02
7415,7,-1.28,4.71,-0.03
7416,14,-0.32,-4.43,-0.05
7417,11,-0.28,-13.89,-0.03
7418,14,-0.28,-2.06,-0.03
7419,7,-1.3,3.59,-0.03
7420,10,-1.37,-6.15,-0.05
7421,8,-0.05,1.33,-0.02
7422,11,-0.31,-8.53,-0.06
7423,8,-3.57,11.27,-0.19
7424,10,-0.31,-7.68,-0.05
7425,12,-1.39,-4.33,-0.05
7426,16,1.32,-35.44,-0.04
7427,10,-0.06,1.39,-0.04
7428,11,-0.32,-8.71,-0.06
7429,17,-1.48,-1.44,-4.86
7430,12,-0.32,-1.48,-0.01
7431,15,-13.89,-1.2,-6.66
7432,8,-0.05,1.33,-0.02
7433,17,1.42,7.18,-0.04
7434,17,-5.64,-2.62,-0.07
7435,17,-0.28,-1.75,-0.05
7436,8,-0.29,-0.27,-0.03
7437,11,-0.28,-1.19,-0.02
7438,10,-0.28,-12.87,-0.0
7439,11,1.32,1.44,-0.01
7440,18,-0.32,-2.27,-0.05
7441,14,2.63,-2.98,5.18
7442,11,1.34,-22.53,-0.03
7443,8,-0.28,-0.27,-0.01
7444,8,-0.05,1.35,-0.06
7445,17,-1.08,-1.89,-0.06
7446,8,-0.05,1.4,-0.04
7447,12,-0.32,-1.49,-0.04
7448,8,-0.05,1.36,-0.01
7449,18,-8.78,-1.55,-8.54
7450,7,-1.27,11.56,-0.06
7451,13,-0.28,-0.98,-0.17
7452,15,-5.95,-3.02,-0.11
7453,13,-12.83,-2.01,-13.09
7454,7,-0.28,-0.28,-0.03
7455,18,1.44,6.58,-0.03
7456,14,-13.3,-0.96,-13.75
7457,10,1.33,1.38,-0.03
7458,9,1.31,1.48,-0.05
7459,12,-0.27,-1.34,-0.01
7460,17,1.43,-36.03,-0.03
7461,8,-0.05,1.33,-0.05
7462,17,-0.32,-1.57,-0.03
7463,14,-0.29,-0.99,-0.12
7464,16,1.4,-37.83,-0.02
7465,15,-6.28,-3.37,-0.1
7466,10,-0.31,-1.3,-0.04
7467,18,-1.37,-1.61,-0.03
7468,18,-13.35,-2.22,-13.73
7469,13,-0.28,-0.96,-0.05
7470,17,-5.31,-0.37,1.05
7471,18,1.52,-38.12,-0.02
7472,15,-13.63,-1.12,-11.45
7473,7,-0.04,-0.27,-0.02
7474,13,1.34,1.53,-0.05
7475,16,1.35,-19.92,-0.01
7476,15,-13.77,-1.01,-14.29
7477,7,-0.04,1.32,-0.01
7478,11,-0.06,1.52,-0.04
7479,15,-0.29,-1.28,-0.05
7480,10,-0.27,-12.78,-0.05
7481,17,-13.62,-1.36,-10.17
7482,10,-0.06,1.38,-0.02
7483,8,-1.4,-6.18,-0.07
7484,14,-0.32,-7.66,-3.19
7485,6,-1.26,-1.43,-0.06
7486,17,-9.74,-2.58,-10.47
7487,13,1.35,1.53,0.01
7488,16,-0.32,-1.59,-0.03
7489,11,1.31,-4.27,-0.0
7490,15,-2.87,-3.53,-1.39
7491,10,-0.06,1.38,-0.02
7492,14,14.37,-4.15,19.43
7493,17,1.35,6.93,-0.07
7494,7,-0.3,-0.3,-0.04
7495,16,-6.2,-3.61,-0.09
7496,7,-0.04,1.32,-0.04
7497,16,-13.36,-2.54,-13.73
7498,17,-6.12,-0.44,-0.08
7499,9,0.02,1.5,-0.04
7500,12,-0.28,-0.96,-0.06
7501,15,13.44,-2.22,20.34
7502,6,-0.03,0.36,-0.05
7503,17,-0.27,-1.86,-0.06
7504,10,-1.34,-6.2,-0.03
7505,13,3.76,-5.12,11.54
7506,17,-13.85,-1.81,-14.41
7507,9,-0.29,-13.51,-0.06
7508,18,1.44,-37.63,-0.02
7509,7,-0.04,1.33,-0.04
7510,13,-0.32,-1.37,-0.04
7511,7,-0.04,1.36,-0.04
7512,11,-0.29,-13.82,-0.04
7513,12,-1.75,-5.89,-0.05
7514,9,-1.39,-5.99,-0.06
7515,11,1.31,-19.56,-0.02
7516,13,-0.27,-1.01,-0.05
7517,18,-3.71,-2.7,-3.36
7518,15,-0.97,-1.17,-0.05
7519,15,1.31,-33.87,-0.04
7520,18,1.44,-15.22,-0.18
7521,10,-1.34,-5.68,0.01
7522,8,-0.29,-5.81,-0.05
7523,14,1.33,-10.84,-0.03
7524,9,-1.29,-6.2,-0.05
7525,15,1.48,-2.31,-0.0
7526,11,0.94,1.5,-0.03
7527,17,-8.77,-2.18,-8.79
7528,8,-0.28,-0.27,-0.04
7529,14,-13.79,-0.98,-14.35
7530,17,-6.16,-1.62,-0.08
7531,16,1.07,-3.45,3.09
7532,11,0.41,1.45,-0.04
7533,16,-0.27,-2.29,-0.04
7534,12,-0.32,-7.15,-0.01
7535,12,-1.4,-5.01,-0.04
7536,15,-1.48,-3.78,0.22
7537,12,-0.29,-6.87,-0.02
7538,18,-1.37,-1.66,-0.08
7539,12,-0.31,-7.95,-0.02
7540,11,-0.31,-0.32,-0.04
7541,7,-0.04,1.32,-0.04
7542,10,-0.31,-0.32,-0.05
7543,18,-6.2,-0.8,-0.11
7544,17,-13.49,-1.46,-5.8
7545,9,-0.05,1.36,-0.03
7546,18,-10.17,-2.07,-10.3
7547,13,-0.32,-8.14,-0.04
7548,11,-0.28,-2.23,-0.07
7549,11,-0.29,-0.95,-0.02
7550,7,-0.04,1.32,-0.01
7551,16,-0.32,-1.75,-0.03
7552,13,1.05,-36.97,-0.0
7553,17,-0.98,-1.58,-0.03
7554,18,0.91,-0.77,8.56
7555,11,-0.32,-8.79,-0.06
7556,9,-0.05,1.38,-0.04
7557,8,-0.04,1.32,-0.05
7558,14,-6.22,-4.88,-0.11
7559,11,-1.11,-6.25,15.7
7560,14,2.49,-0.47,5.01
7561,13,1.31,1.53,0.0
7562,13,1.42,-4.99,2.9
7563,6,-0.03,1.32,-0.05
7564,17,-13.47,-1.94,-13.77
7565,12,7.36,-4.19,16.16
7566,7,-0.04,-0.3,-0.03
7567,10,-0.28,-13.45,-0.02
7568,10,-1.34,-6.17,0.28
7569,9,-0.28,-7.66,-0.02
7570,18,-0.33,-1.72,-0.05
7571,18,-8.21,-1.76,-8.23
7572,6,-0.27,-0.27,-0.05
7573,9,-0.31,-0.32,-0.02
7574,18,-0.32,-1.55,-3.85
7575,6,-1.24,-1.4,-0.04
7576,6,-0.03,-0.3,-0.05
7577,6,-0.28,-0.28,-0.07
7578,14,3.85,-4.41,6.74
7579,12,1.82,-5.79,4.3
7580,7,-0.29,-0.3,-0.05
7581,10,-0.29,-13.31,-0.04
7582,15,-3.26,-2.56,3.52
7583,16,-8.67,-1.88,-8.72
7584,9,-0.05,1.38,-0.03
7585,18,-6.28,0.15,-0.13
7586,12,-0.31,-8.6,-0.04
7587,8,-1.28,5.71,-0.08
7588,17,-13.14,-2.47,-13.45
7589,16,-6.28,-1.11,-0.09
7590,7,-0.04,1.32,-0.03
7591,15,1.52,-25.54,-0.03
7592,6,-0.03,-0.27,-0.01
7593,10,9.71,-6.17,14.7
7594,8,-0.05,1.33,-0.03
7595,15,-0.28,-1.27,-0.32
7596,11,1.31,1.47,0.01
7597,12,0.58,1.45,-0.03
7598,11,1.3,1.48,-0.02
7599,6,-0.03,-0.3,-0.04
7600,10,-0.29,-13.88,-0.05
7601,12,-0.27,-1.12,-0.06
7602,13,-0.28,-1.0,-12.29
7603,17,-17.26,-30.75,-18.95
7604,11,-0.32,-1.48,0.0
7605,10,-0.31,-0.32,-0.06
7606,16,-6.28,-0.8,-0.09
7607,7,-0.04,1.35,-0.03
7608,11,-0.28,-13.86,-0.01
7609,15,-0.28,-1.18,-0.04
7610,9,-0.3,-8.46,-0.05
7611,15,1.31,-14.67,0.0
7612,17,-6.86,-2.14,-4.82
7613,8,-0.3,-0.31,-0.07
7614,11,-0.28,-13.82,-0.05
7615,17,1.32,-34.36,-0.04
7616,8,-1.28,15.83,-0.04
7617,13,2.44,-4.86,2.49
7618,15,-8.75,-1.37,-8.69
7619,13,-6.09,-7.12,-7.41
7620,11,-1.4,-5.91,4.5
7621,12,-0.31,-1.45,-0.02
7622,6,-0.29,-0.3,-0.03
7623,17,1.49,7.54,-0.06
7624,15,-0.32,-1.47,-0.05
7625,7,-0.3,-0.3,-0.04
7626,7,-1.37,-1.41,-0.06
7627,7,-0.29,-0.3,-0.02
7628,9,-0.29,-0.94,-0.05
7629,9,-0.28,-13.31,-0.03
7630,9,-0.28,-0.27,-0.03
7631,6,-0.28,-0.28,-0.04
7632,18,-4.11,-0.06,-0.08
7633,7,-1.28,0.53,-0.01
7634,6,-1.26,8.94,-0.02
7635,13,-1.42,-5.19,0.07
7636,9,-0.05,1.37,-0.02
7637,9,-0.3,-1.7,-0.03
7638,13,-6.26,-5.07,-0.07
7639,17,-12.17,-2.45,-13.25
7640,11,-2.54,-6.08,19.55
7641,18,14.78,-0.27,24.76
7642,6,-0.03,-0.31,-0.02
7643,17,1.56,-37.42,-0.02
7644,17,-0.32,-1.57,-0.7
7645,14,-0.28,-1.06,-0.06
7646,13,1.31,-29.51,-0.04
7647,10,-0.31,-0.32,0.01
7648,13,0.5,-0.34,-0.05
7649,15,-0.27,-1.23,-0.32
7650,9,-0.05,1.35,-0.01
7651,13,-13.65,-8.38,-13.95
7652,16,1.33,-27.46,-0.04
7653,18,-13.72,-2.44,-14.22
7654,11,0.62,1.51,-0.03
7655,12,-0.31,-8.46,-0.03
7656,18,-0.32,-1.81,-0.05
7657,6,-0.28,-0.27,-0.02
7658,14,1.3,-10.87,-0.01
7659,12,1.31,1.53,-0.03
7660,18,15.36,-1.52,23.72
7661,18,-8.79,-1.56,-7.42
7662,9,1.32,1.36,-0.04
7663,10,-0.3,-7.42,-0.04
7664,15,1.37,-14.44,-0.03
7665,13,-0.32,-1.38,-0.16
7666,16,-0.32,-1.54,-0.07
7667,17,-0.98,-2.12,-0.03
7668,12,-0.32,-8.08,-0.04
7669,7,-0.04,-0.31,-0.03
7670,11,-0.31,-3.58,-0.03
7671,18,-0.32,-1.77,-0.02
7672,6,-0.28,-0.3,-0.04
7673,11,3.03,-5.48,5.66
7674,9,-0.29,-13.75,-0.03
7675,15,-6.23,-4.78,-0.09
7676,15,-0.32,-1.44,-0.06
7677,16,1.38,-35.26,-0.01
7678,7,-1.31,-2.75,-0.03
7679,13,-0.32,-1.4,-5.15
7680,13,-6.28,-5.8,-0.09
7681,8,-0.3,-0.31,-0.01
7682,14,1.06,-9.38,-0.04
7683,14,-13.04,-0.96,-13.75
7684,7,-0.04,1.37,-0.04
7685,6,-1.25,-3.31,-0.04
7686,18,-3.77,-1.39,-0.09
7687,14,1.32,-27.46,-0.03
7688,12,-1.4,-5.41,-0.03
7689,7,-0.04,1.36,-0.04
7690,9,0.75,1.35,-0.03
7691,15,-6.23,-5.33,-0.1
7692,18,1.37,-33.34,-0.04
7693,18,1.33,7.43,-0.22
7694,10,1.32,1.57,-0.03
7695,7,-0.04,-0.27,-0.06
7696,6,-0.03,0.92,-0.03
7697,16,-4.12,-1.49,-4.02
7698,18,1.33,-25.83,-0.0
7699,6,-1.25,11.88,-0.04
7700,14,10.87,-3.76,16.37
7701,6,-1.31,-1.39,-0.02
7702,18,-8.68,-1.59,-8.66
7703,7,-0.04,1.34,-0.06
7704,18,-13.55,-2.37,-13.95
7705,18,-3.47,-0.82,3.31
7706,18,-8.78,-2.02,-8.82
7707,11,-1.35,-4.89,-0.04
7708,11,-0.27,-1.03,-0.01
7709,14,-4.69,-1.03,-4.62
7710,8,-0.16,-0.31,-0.04
7711,9,-0.29,-13.24,-0.03
7712,8,-0.05,1.37,-0.02
7713,9,-0.31,-0.32,-0.03
7714,6,-0.28,-0.27,-0.01
7715,17,-5.26,-2.21,-0.13
7716,12,-0.07,1.51,-0.04
7717,13,-13.72,-7.31,-14.02
7718,10,3.79,-5.98,8.22
7719,14,4.67,-5.12,10.14
7720,16,-4.62,-1.48,-3.13
7721,10,-0.29,-13.79,-0.04
7722,7,-0.04,1.32,-0.06
7723,15,-0.32,-1.77,-0.01
7724,17,0.6,-2.34,7.32
7725,12,0.4,-5.68,2.43
7726,8,-0.05,1.4,-0.03
7727,9,-1.35,3.05,0.56
7728,11,-0.31,-1.46,-0.03
7729,17,-13.87,-2.38,-14.46
7730,16,1.31,-21.26,-0.02
7731,13,1.31,0.55,-0.04
7732,7,-1.3,-1.41,-0.06
7733,14,12.75,-3.83,19.27
7734,17,-6.07,-1.23,-0.12
7735,11,-0.28,-4.7,-0.04
7736,11,-0.31,-5.45,-0.05
7737,6,-0.03,0.28,-0.03
7738,15,-4.9,-1.5,-5.2
7739,8,-0.29,-7.35,-0.03
7740,10,-0.29,-6.79,-0.04
7741,11,-0.31,-8.7,-0.04
7742,18,-11.95,6.55,-14.26
7743,14,3.52,-4.23,1.69
7744,6,-1.26,-3.47,-0.03
7745,6,-0.03,1.33,-0.0
7746,12,-0.29,-13.66,-0.05
7747,16,-12.76,-1.89,-12.81
7748,9,-2.92,-2.84,8.78
7749,18,-3.74,-1.82,-2.2
7750,14,10.89,-2.01,20.31
7751,14,-0.32,-7.12,-0.02
7752,16,-0.96,-1.13,-1.36
7753,18,-5.56,-0.76,-0.13
7754,11,-0.31,-8.71,-0.02
7755,13,-0.32,-1.62,-0.03
7756,6,-0.03,-0.3,-0.05
7757,9,0.56,1.45,-0.03
7758,18,-5.71,-0.79,0.57
7759,10,-0.31,-0.32,-0.04
7760,17,-13.19,-1.74,-13.51
7761,18,-6.28,-2.4,-0.12
7762,12,1.32,-35.86,-0.02
7763,7,-0.04,1.25,-0.02
7764,12,-0.32,-7.72,-0.01
7765,18,-5.8,-0.85,-0.08
7766,8,-0.05,-0.32,-0.05
7767,16,-2.5,-1.83,-0.76
7768,11,3.57,-5.66,6.4
7769,7,-0.04,1.37,-0.05
7770,14,-0.29,-1.08,-0.07
7771,8,-0.05,-0.31,-0.05
7772,8,-0.05,-0.31,-0.04
7773,12,-0.32,-7.86,-0.07
7774,12,-0.28,-1.13,-0.02
7775,9,1.31,1.34,-0.04
7776,6,-0.03,-0.3,-0.01
7777,11,-0.06,1.4,-0.03
7778,9,-1.33,-6.26,-0.07
7779,7,-0.3,-0.3,-0.02
7780,18,-0.96,-2.08,-0.04
7781,6,-0.03,-0.3,-0.05
7782,10,-0.31,-2.63,-0.02
7783,7,-0.04,-0.31,-0.04
7784,6,-0.28,-0.27,0.0
7785,12,1.32,1.48,-0.03
7786,16,-0.33,-1.54,-0.26
7787,7,-0.3,-0.3,-0.01
7788,10,-0.15,-6.21,6.92
7789,8,-1.38,2.98,-0.02
7790,12,-0.32,-8.76,-0.05
7791,10,1.32,1.39,-0.02
7792,10,-0.31,-0.31,-0.03
7793,15,1.33,-37.23,-0.05
7794,12,7.17,-2.88,0.08
7795,11,-0.32,-8.74,-0.02
7796,9,-1.3,-1.2,0.18
7797,11,-0.31,-5.62,-0.04
7798,15,1.34,-12.29,-0.02
7799,16,-8.77,-5.3,-8.78
7800,7,-0.04,1.32,-0.02
7801,7,-0.04,1.33,-0.04
7802,18,-1.05,-1.8,-0.02
7803,16,-0.32,-1.65,-0.05
7804,18,-6.08,-21.48,-17.47
7805,12,-0.31,-8.68,-0.03
7806,8,-0.07,-0.31,-0.01
7807,12,-1.39,-5.7,-0.05
7808,16,-4.68,-2.33,-0.15
7809,13,-0.28,-0.96,-6.52
7810,8,-1.27,12.78,-0.03
7811,13,-0.32,-1.62,-0.03
7812,18,-0.33,-1.57,-0.06
7813,16,1.45,-35.72,-0.02
7814,9,1.58,-3.8,6.91
7815,13,-0.32,-1.39,-6.18
7816,13,0.73,-2.19,2.88
7817,13,3.24,-5.14,6.01
7818,8,-0.17,-0.27,-0.04
7819,12,3.68,-3.4,6.53
7820,12,-0.28,-13.41,-0.05
7821,16,-8.1,-1.93,-8.09
7822,8,-1.27,6.77,-0.02
7823,12,-0.32,-7.32,-0.02
7824,17,-6.28,-0.06,-0.05
7825,10,-0.06,1.42,-0.04
7826,8,-1.37,-6.17,-0.01
7827,7,-1.34,0.56,-0.02
7828,11,-0.31,-8.58,-0.03
7829,15,14.51,-3.36,17.99
7830,7,-0.04,1.32,-0.05
7831,10,-0.31,-0.32,-0.02
7832,7,-1.26,1.12,-0.06
7833,14,1.28,-19.65,-0.02
7834,18,-10.92,-2.62,-11.11
7835,16,-0.32,-1.9,-0.04
7836,18,-1.37,-1.68,-0.06
7837,11,0.49,1.51,-0.04
7838,9,-0.29,-13.87,-0.05
7839,18,-0.32,-1.61,-0.03
7840,10,1.32,1.52,-0.04
7841,6,-0.03,-0.02,-0.04
7842,9,-0.05,1.34,-0.02
7843,11,0.93,1.42,-0.03
7844,12,0.21,-5.28,2.25
7845,15,13.42,-3.84,20.39
7846,17,1.4,-31.65,-0.02
7847,17,-8.79,-1.78,-8.66
7848,9,-0.29,-13.64,-0.05
7849,15,-0.32,-1.71,-0.03
7850,17,-0.33,-1.98,-0.07
7851,13,-0.32,-8.38,-0.01
7852,12,-0.31,-8.15,-0.02
7853,12,1.33,1.45,-0.03
7854,14,1.32,-27.83,-0.02
7855,14,1.4,1.55,-0.02
7856,7,-0.04,-0.31,-0.04
7857,17,-13.66,-1.92,-14.12
7858,10,-1.37,-6.01,0.02
7859,11,-0.02,1.55,-0.04
7860,9,-0.28,-11.69,-0.05
7861,9,-0.31,-0.31,-0.03
7862,16,-5.19,-2.58,-0.09
7863,7,-0.04,1.33,-0.02
7864,15,2.7,-3.14,5.3
7865,14,11.42,-3.55,17.26
7866,15,1.32,-10.51,-0.02
7867,16,-2.81,-1.43,-5.79
7868,17,1.53,-37.71,0.0
7869,8,-0.3,-0.31,-0.06
7870,18,-1.04,-2.45,-0.07
7871,7,-1.28,-0.03,-0.04
7872,8,-0.3,-0.31,-0.08
7873,17,-5.09,-0.8,-0.08
7874,15,-0.28,-1.38,-0.03
7875,11,-0.31,-7.15,-0.05
7876,18,-5.75,-3.0,-0.08
7877,14,-2.98,-5.09,-0.4
7878,8,-0.28,-0.27,-0.01
7879,17,-6.28,-0.74,-0.12
7880,10,-1.3,-6.07,-0.03
7881,18,-5.06,-0.68,-0.07
7882,15,-0.32,-1.79,-0.06
7883,9,-1.4,-6.22,-0.06
7884,9,-0.05,1.37,-0.04
7885,18,-13.69,-1.64,-14.55
7886,9,-0.3,-0.32,-0.06
7887,17,1.37,-20.86,-0.01
7888,10,-0.29,-13.75,-0.06
7889,17,-13.48,-1.48,-9.78
7890,18,-1.07,-1.99,-0.06
7891,18,-1.15,-1.91,-0.03
7892,16,-8.76,-1.47,-8.56
7893,13,1.31,1.55,-0.04
7894,13,-0.32,-8.66,-0.03
7895,17,1.34,-37.04,-0.01
7896,7,-1.36,-2.11,-0.05
7897,10,-0.06,1.38,-0.05
7898,10,-0.29,-13.33,-0.02
7899,12,1.33,1.48,-0.02
7900,10,1.31,1.39,-0.04
7901,18,-6.25,-0.48,-0.11
7902,18,-0.32,-1.68,-0.05
7903,14,1.33,-14.86,-0.03
7904,16,-12.88,-2.72,-13.19
7905,9,-0.05,1.35,-0.02
7906,10,-1.3,-6.25,-0.03
7907,15,-6.25,-4.98,-0.09
7908,13,-0.28,-1.0,-0.02
7909,8,-0.05,1.39,-0.02
7910,10,-0.28,-13.64,-0.06
7911,16,-0.28,-1.16,-0.05
7912,7,-0.3,-0.31,-0.04
7913,13,-0.32,-7.84,-0.05
7914,17,-0.97,-2.72,-0.02
7915,9,-1.35,-6.25,0.29
7916,11,-0.31,-2.58,-0.03
7917,10,-0.31,-8.79,-0.02
7918,17,-0.32,-1.54,-0.03
7919,7,-0.04,-0.27,-0.03
7920,10,0.2,1.45,-0.02
7921,14,-6.16,-3.54,-0.14
7922,10,-0.06,1.42,-0.05
7923,12,16.56,-6.06,20.62
7924,18,-8.18,-1.82,-8.18
7925,12,-0.31,-7.37,-0.01
7926,14,14.77,-4.11,22.63
7927,7,-0.3,-0.31,-0.01
7928,13,6.62,-4.55,10.35
7929,17,1.4,-13.89,-2.19
7930,16,-0.32,-1.5,-0.1
7931,13,1.33,1.48,-0.03
7932,18,-13.33,-2.37,-13.66
7933,12,-0.32,-1.36,-0.03
7934,10,1.31,1.36,-0.04
7935,7,-0.04,1.32,-0.04
7936,10,-1.43,-6.15,0.08
7937,17,-0.32,-1.57,-0.03
7938,7,-0.04,1.32,-0.03
7939,6,-0.03,-0.3,-0.05
7940,14,-8.77,-7.25,-8.83
7941,16,1.36,-37.02,-0.02
7942,18,-0.99,-1.62,-0.05
7943,15,-8.77,-1.43,-8.47
7944,13,-0.32,-8.08,-0.03
7945,18,0.32,0.08,7.75
7946,13,-0.32,-1.49,-0.05
7947,14,-0.29,-1.07,-0.03
7948,14,1.14,-37.67,-0.03
7949,9,-3.57,-5.93,-2.22
7950,17,-11.49,-2.15,-9.28
7951,7,-1.27,17.34,-0.03
7952,8,-1.31,5.63,-0.04
7953,12,-0.31,-8.3,-0.05
7954,13,-0.32,-1.52,-0.05
7955,11,-0.29,-4.95,-0.02
7956,18,-13.79,-2.41,-14.31
7957,11,1.34,1.43,-0.03
7958,11,-1.36,-5.71,-0.03
7959,15,1.32,-35.98,-0.03
7960,12,1.31,1.44,-0.01
7961,6,-0.28,-0.27,-0.03
7962,18,-2.27,-2.07,-1.66
7963,11,-1.35,-6.03,19.49
7964,14,-6.08,-4.25,-0.12
7965,8,-1.28,0.36,-0.05
7966,11,-1.35,-5.62,-0.03
7967,18,-4.82,-0.44,1.54
7968,18,1.5,-35.28,-0.02
7969,8,-1.29,6.22,-0.05
7970,16,1.31,-34.39,-0.03
7971,14,16.08,-4.29,25.05
7972,15,1.35,-34.06,-0.03
7973,8,-0.05,1.35,-0.05
7974,11,-0.31,-8.78,-0.01
7975,18,-8.78,-1.57,-8.82
7976,11,0.24,-5.94,2.29
7977,16,1.34,-29.86,-0.03
7978,7,-0.28,-0.27,-0.01
7979,15,4.81,-2.45,2.29
7980,11,6.55,-5.06,10.28
7981,9,-0.29,-12.92,-0.01
7982,11,-3.32,-5.9,-1.78
7983,10,-1.35,4.69,0.15
7984,6,-1.25,-1.39,-0.01
7985,12,-0.29,-1.0,-11.9
7986,8,-1.31,-0.82,-0.06
7987,7,-0.04,1.32,-0.06
7988,18,16.17,-0.76,21.99
7989,18,1.35,4.74,-0.02
7990,16,-0.28,-1.63,-0.04
7991,12,-0.31,-7.88,-0.05
7992,12,-0.31,-8.21,-0.02
7993,18,1.38,-8.03,-0.87
7994,15,-0.32,-1.45,-0.3
7995,7,-1.3,-3.52,-0.05
7996,15,1.37,-18.87,-0.03
7997,17,1.33,-35.27,-0.03
7998,16,-0.97,-1.38,-0.03
7999,7,-0.29,-0.3,-0.05
8000,15,2.61,-3.39,8.87
8001,12,-2.01,-5.55,-0.64
8002,7,-0.04,1.32,-0.07
8003,11,-0.32,-1.35,0.01
8004,10,1.02,1.36,0.01
8005,15,-0.28,-1.59,-0.04
8006,12,-0.28,-9.75,-0.02
8007,7,-0.28,-0.28,-0.03
8008,16,2.08,-2.37,4.41
8009,9,-0.29,-12.91,-0.02
8010,12,1.32,1.43,-0.05
8011,8,-0.29,-0.27,-0.03
8012,11,-0.28,-1.18,-0.06
8013,11,-0.27,-4.65,-8.97
8014,16,-0.32,-1.44,-0.06
8015,7,-0.29,-0.31,-0.03
8016,11,-0.29,-13.4,-0.04
8017,14,1.45,-21.72,-0.03
8018,10,-0.29,-0.98,-0.03
8019,12,-0.28,-4.81,-7.28
8020,9,-0.31,-0.32,-0.02
8021,9,-1.22,-6.25,1.08
8022,14,-0.32,-1.56,-0.04
8023,15,1.38,-15.08,-0.01
8024,16,-13.79,-1.61,-4.38
8025,14,-0.27,-1.13,-0.09
8026,12,-0.32,-8.74,-0.05
8027,7,-0.28,-0.27,-0.05
8028,17,-0.32,-2.03,-0.05
8029,15,1.33,-33.87,-0.05
8030,12,-0.31,-8.34,-0.04
8031,9,-0.26,-5.66,1.65
8032,10,-0.06,1.53,-0.04
8033,15,1.35,-37.09,-0.0
8034,7,-0.04,1.21,-0.03
8035,7,-0.04,1.34,-0.05
8036,11,-0.06,1.52,-0.02
8037,7,-0.04,1.18,-0.05
8038,9,-1.35,13.45,-0.05
8039,14,-0.32,-8.06,-0.03
8040,6,-0.03,-0.27,-0.03
8041,10,-0.31,-8.7,-0.07
8042,15,1.47,-22.24,-0.04
8043,16,1.57,-33.31,-4.21
8044,8,-0.3,-1.42,-0.03
8045,13,-13.56,-1.51,-13.95
8046,14,1.34,-6.04,-0.03
8047,7,-0.28,-0.28,-0.05
8048,17,-0.33,-1.78,-0.03
8049,7,-0.29,-0.3,-0.05
8050,7,-0.06,-0.27,-0.05
8051,16,-5.69,-3.65,-0.11
8052,10,-0.06,1.54,-0.04
8053,15,1.49,-17.5,0.01
8054,16,-0.32,-1.69,-0.02
8055,9,-0.28,-0.27,-0.02
8056,8,-0.3,-0.31,-0.03
8057,8,0.26,1.32,-0.03
8058,10,1.31,1.41,-0.01
8059,10,1.32,1.55,-0.05
8060,8,-0.28,-13.88,-0.11
8061,13,1.34,1.54,-0.03
8062,12,3.91,-5.04,6.82
8063,7,-0.29,-0.31,-0.02
8064,13,-0.32,-8.68,-0.02
8065,6,-0.03,-0.27,-0.05
8066,8,0.42,1.33,-0.02
8067,8,-0.05,1.34,-0.05
8068,6,-0.03,1.02,-0.05
8069,6,-0.03,0.27,-0.03
8070,15,-13.86,-1.0,-14.62
8071,18,1.21,-0.05,7.32
8072,10,-0.29,-0.58,-0.03
8073,12,1.31,1.53,-0.05
8074,12,-0.28,-0.97,-0.1
8075,13,-0.28,-0.99,-9.3
8076,18,-5.81,-0.21,-0.13
8077,18,-6.14,-1.1,-0.12
8078,11,-6.26,-3.36,-0.1
8079,18,-0.97,-2.14,-0.03
8080,18,-6.27,-2.63,-0.08
8081,15,-6.22,-3.19,-0.14
8082,13,1.32,-35.47,-0.03
8083,10,-0.29,-2.9,-0.05
8084,7,-1.27,7.5,-0.06
8085,14,-0.28,-2.01,-0.0
8086,6,-0.27,-0.27,-0.04
8087,11,-0.32,-8.79,-0.03
8088,16,-0.32,-1.56,-0.02
8089,16,-5.29,-2.57,-0.08
8090,6,-0.03,-0.3,-0.05
8091,13,-0.39,-4.69,6.98
8092,18,1.4,-38.26,-0.01
8093,12,6.34,-2.97,10.0
8094,16,11.53,-0.0,17.41
8095,12,1.36,1.51,-0.0
8096,14,1.31,-19.37,-0.01
8097,11,1.31,1.42,-0.04
8098,10,-0.31,-8.77,-0.04
8099,6,-0.03,-0.3,-0.06
8100,17,-5.11,0.08,-0.07
8101,15,-4.46,-2.54,2.1
8102,7,-1.35,3.36,-0.06
8103,9,-1.34,-6.25,1.05
8104,15,-0.32,-1.45,-0.04
8105,11,-0.29,-13.47,-0.02
8106,17,-0.32,-2.29,-0.05
8107,10,-1.35,-5.97,-0.02
8108,14,-0.27,-1.08,-0.99
8109,18,-13.47,-1.85,-4.11
8110,13,5.85,-5.43,4.25
8111,18,1.33,-21.93,-0.03
8112,8,-0.05,1.44,-0.02
8113,6,-1.25,-1.6,-0.03
8114,17,-8.41,-1.86,-8.41
8115,10,-1.4,-6.12,-0.06
8116,9,-0.31,-0.32,-0.05
8117,10,-0.31,-0.98,-0.02
8118,8,-0.05,1.32,-0.06
8119,16,-0.33,-1.4,-0.02
8120,18,-0.32,-1.91,-0.05
8121,8,0.37,1.38,-0.04
8122,15,-7.95,-1.43,-8.16
8123,15,-0.32,-1.93,-0.03
8124,7,-0.04,-0.31,-0.03
8125,15,1.34,-26.03,-0.03
8126,15,-8.42,-1.39,-8.61
8127,9,-0.05,1.34,-0.05
8128,18,1.39,-10.6,-15.56
8129,18,-6.14,-1.45,-0.11
8130,11,-0.29,-13.51,-0.05
8131,6,-0.03,-0.27,-0.01
8132,15,1.34,-34.59,-0.01
8133,8,-0.3,-0.31,-0.03
8134,11,-1.37,-3.95,-0.04
8135,12,-0.28,-0.95,-1.2
8136,12,1.11,1.47,-0.03
8137,18,-1.01,-1.62,0.01
8138,11,5.89,-2.34,14.43
8139,18,-5.76,-0.85,-0.11
8140,8,-0.29,-0.27,-0.03
8141,6,-0.03,-0.27,-0.02
8142,16,-5.21,-2.32,-0.07
8143,12,-1.37,-5.24,-0.05
8144,6,-1.25,-1.42,-0.04
8145,17,1.44,-32.97,-0.86
8146,6,-0.03,0.8,-0.02
8147,14,-6.23,-5.24,-0.12
8148,17,-13.88,-2.28,-14.48
8149,15,-8.77,-1.39,-8.73
8150,12,-0.32,-1.47,-0.04
8151,6,-0.03,0.85,-0.02
8152,14,-5.93,-4.42,-0.08
8153,17,-0.32,-1.59,-0.73
8154,7,-0.3,-0.3,-0.05
8155,12,0.88,1.53,-0.04
8156,16,-8.23,-1.51,-8.17
8157,9,2.27,15.4,2.04
8158,13,1.31,-29.76,-0.01
8159,10,-0.31,-3.51,-0.02
8160,9,-0.07,-0.32,-0.05
8161,15,-0.27,-1.19,-0.04
8162,9,-1.38,9.94,0.04
8163,8,-0.29,-0.27,-0.03
8164,14,-2.51,-5.03,4.41
8165,15,1.31,-28.61,-0.0
8166,11,-0.29,-1.01,-0.02
8167,11,0.49,1.44,-0.04
8168,18,-0.27,-2.16,-0.03
8169,16,-13.75,-1.76,-14.25
8170,14,-5.97,-3.95,-0.11
8171,9,0.46,1.35,-0.05
8172,14,1.36,-22.71,-0.02
8173,14,1.31,-9.39,-1.18
8174,17,-5.87,-1.59,-0.14
8175,15,-13.26,-1.0,-13.91
8176,13,-0.29,-1.1,-0.05
8177,6,-1.25,-1.39,-0.05
8178,11,-0.27,-13.48,-0.46
8179,17,-0.97,-2.67,-0.03
8180,13,11.02,-5.64,15.06
8181,13,9.52,-4.2,12.82
8182,14,-13.2,-7.61,-13.56
8183,14,-13.81,-1.72,-14.34
8184,16,1.43,-36.61,-0.01
8185,11,-0.32,-1.18,-0.04
8186,11,12.75,-6.16,21.27
8187,14,-0.29,-1.09,-0.06
8188,16,-6.25,-3.18,-0.1
8189,17,-0.27,-1.76,-0.03
8190,9,-1.36,-6.24,1.1
8191,8,-0.3,-2.92,-0.02
8192,10,0.96,1.38,-0.0
8193,8,-1.3,8.66,-0.03
8194,6,-0.03,1.02,-0.03
8195,17,1.41,7.16,-0.03
8196,10,-1.38,-6.23,0.07
8197,9,-0.28,-12.87,-0.04
8198,18,-8.35,-2.29,-8.35
8199,18,-7.92,-1.6,-5.06
8200,12,-0.27,-13.89,-0.07
8201,13,-0.32,-3.2,-0.04
8202,17,-6.28,-1.03,-0.11
8203,11,-1.37,-6.01,3.44
8204,7,-0.04,0.7,-0.06
8205,16,-0.32,-1.51,-2.15
8206,18,1.33,-26.83,-0.03
8207,14,1.03,-4.98,3.23
8208,14,-0.32,-1.4,-0.04
8209,8,-0.29,-0.27,-0.03
8210,17,-0.32,-1.62,-0.07
8211,9,-0.05,1.4,-0.03
8212,7,-0.04,1.37,-0.02
8213,7,-0.04,1.33,-0.02
8214,9,-1.29,-6.25,-0.05
8215,15,1.35,-34.18,-0.01
8216,9,-0.29,-13.89,-0.05
8217,17,-0.32,-1.67,-0.07
8218,17,-6.28,-0.8,-0.12
8219,12,-1.37,-5.33,-0.05
8220,11,0.77,1.42,-0.04
8221,17,-5.67,-2.38,-0.1
8222,11,-0.32,-8.68,-0.01
8223,14,1.9,-3.94,4.27
8224,7,-0.04,1.33,-0.04
8225,11,-0.31,-7.66,-0.06
8226,15,-6.66,-1.36,-7.07
8227,16,-6.2,-3.1,-0.09
8228,16,1.33,-33.84,-0.04
8229,13,1.34,1.48,-0.04
8230,13,-0.32,-1.44,-0.02
8231,14,1.32,-21.84,-0.39
8232,10,-0.31,-0.31,-0.07
8233,6,-0.03,-0.03,-0.02
8234,10,-0.31,-0.32,-0.05
8235,9,-0.05,1.34,-0.05
8236,9,-0.31,-0.32,-0.04
8237,14,-13.64,-1.14,-14.13
8238,16,1.35,-27.85,-0.03
8239,12,-0.29,-1.02,-0.03
8240,7,-1.29,4.17,-0.03
8241,16,1.53,-36.82,-0.0
8242,11,-0.32,-4.06,-0.02
8243,16,-4.22,-2.74,-4.14
8244,14,1.31,-35.81,-0.01
8245,9,-0.29,-0.96,-0.03
8246,7,-0.05,-0.27,-0.04
8247,13,-0.29,-1.07,-0.03
8248,18,-6.25,-1.22,-0.13
8249,12,3.37,-5.61,6.15
8250,12,-0.31,-8.28,-0.03
8251,9,-0.29,-12.93,-0.02
8252,16,16.67,-1.94,26.15
8253,9,-0.25,-0.31,-0.04
8254,14,1.31,-35.8,-0.02
8255,10,2.7,-6.09,5.36
8256,18,-10.15,-1.45,-8.29
8257,12,1.07,1.55,-0.04
8258,15,1.31,-35.04,-0.0
8259,10,-0.06,1.51,-0.03
8260,16,-5.95,-4.86,-0.14
8261,8,-0.05,1.33,0.0
8262,10,-0.29,-13.89,-0.03
8263,12,-0.28,-1.38,-0.03
8264,6,-0.03,-0.27,-0.04
8265,9,-0.29,-12.13,-0.04
8266,14,-0.32,-1.46,-0.32
8267,12,1.31,1.43,-0.05
8268,7,-0.04,1.32,-0.02
8269,13,-0.32,-1.41,-0.07
8270,9,-0.29,-10.25,-0.06
8271,9,-0.29,-13.6,-0.03
8272,10,-0.31,-6.77,-0.04
8273,6,-1.25,-1.39,-0.03
8274,11,-0.31,-8.58,-0.0
8275,8,-0.28,-10.75,-0.05
8276,16,1.33,2.4,-0.31
8277,17,-13.36,-1.53,-13.65
8278,14,-0.32,-1.41,-0.03
8279,16,1.48,-24.96,-0.06
8280,14,-4.69,-4.44,0.48
8281,18,-6.24,-0.82,-0.08
8282,11,-0.28,-13.13,-0.24
8283,15,-0.28,-1.14,-0.07
8284,9,-0.05,1.37,-0.04
8285,6,-0.28,-0.26,-0.04
8286,9,1.31,1.34,-0.05
8287,8,-0.29,-0.27,-0.02
8288,17,1.31,-37.02,-0.01
8289,16,-13.63,-2.12,-12.2
8290,17,-8.53,-1.54,-8.16
8291,10,-0.06,1.37,-0.05
8292,7,-0.04,1.32,-0.04
8293,6,-1.25,0.3,-0.04
8294,9,0.47,1.35,-0.04
8295,14,-0.28,-2.12,-0.04
8296,17,1.34,-29.73,-0.01
8297,12,-0.31,-1.38,-0.06
8298,7,-0.04,-0.31,-0.03
8299,17,-8.28,-1.54,-7.91
8300,12,15.87,-6.15,19.63
8301,6,-1.01,-1.4,-0.02
8302,11,-0.29,-13.4,-0.04
8303,12,1.33,1.41,0.01
8304,13,-0.32,-7.06,-0.0
8305,16,-13.83,-1.36,-13.8
8306,17,1.52,-33.8,-0.01
8307,18,1.53,1.55,-0.05
8308,11,-0.29,-4.57,-0.03
8309,14,-0.27,-1.63,-0.03
8310,12,-0.31,-1.48,-0.02
8311,9,-0.31,-0.31,-0.04
8312,7,-0.04,-0.31,-0.05
8313,16,-6.28,-3.75,-0.1
8314,17,-2.73,-1.87,4.1
8315,11,1.11,1.51,-0.02
8316,12,1.32,1.51,-0.03
8317,18,-5.64,-1.54,-0.11
8318,18,-8.62,-1.84,-4.14
8319,18,1.35,-13.99,-3.44
8320,6,-1.26,-1.37,-0.02
8321,7,-1.26,5.03,-0.07
8322,6,-0.03,-0.3,-0.01
8323,7,-1.27,7.56,-0.03
8324,15,-4.52,-3.66,2.04
8325,8,-0.05,1.35,-0.05
8326,15,1.49,-35.22,-0.02
8327,15,-8.63,-2.01,-8.64
8328,9,-0.28,-12.76,-0.04
8329,7,-0.28,-0.27,-0.02
8330,18,-6.02,-2.99,-0.13
8331,12,-0.32,-8.43,-0.02
8332,17,-5.93,-1.51,-6.35
8333,7,-1.27,-1.49,-0.05
8334,16,-12.92,-1.67,-13.13
8335,17,-6.28,-2.78,-0.13
8336,8,-0.05,1.39,-0.02
8337,13,-0.32,-8.76,-0.04
8338,18,-0.32,-1.75,-0.04
8339,6,-0.03,0.36,-0.02
8340,8,-0.28,-0.27,-0.06
8341,6,-0.03,1.32,-0.01
8342,17,-8.78,-1.6,-8.82
8343,12,-1.36,-6.01,-0.05
8344,10,1.18,1.36,-0.02
8345,9,-2.57,15.52,-1.4
8346,12,-1.42,-3.62,-0.04
8347,7,-0.3,-0.3,-0.06
8348,8,-0.3,-0.31,-0.04
8349,16,-0.97,-1.37,-0.06
8350,11,0.03,-5.62,2.0
8351,14,-13.83,-1.06,-14.52
8352,7,-0.28,-0.27,-0.03
8353,16,-0.32,-1.39,-0.06
8354,9,-0.24,-0.32,-0.04
8355,15,1.39,7.54,-0.02
8356,16,1.33,-20.65,-0.05
8357,16,-0.32,-1.46,-0.09
8358,12,12.56,-4.89,19.02
8359,11,1.76,-5.79,4.13
8360,15,1.35,-20.11,-0.03
8361,6,-0.03,1.33,-0.02
8362,12,-0.32,-8.71,-0.05
8363,8,-0.3,-0.31,-0.01
8364,14,-0.28,-1.73,-0.02
8365,8,-0.3,-0.32,-0.04
8366,15,-13.84,-1.06,-13.64
8367,7,-0.28,-7.46,-0.05
8368,12,1.17,1.51,-0.02
8369,6,-1.25,-1.36,-0.05
8370,18,-8.78,-1.75,-7.91
8371,8,-0.3,-0.32,-0.03
8372,15,1.28,-10.32,-0.04
8373,17,-13.43,-2.14,-13.1
8374,8,-0.05,-0.32,-0.03
8375,18,16.85,-0.55,26.52
8376,15,-5.98,-2.76,-0.11
8377,6,-0.03,-0.27,-0.03
8378,6,-1.25,-1.39,-0.04
8379,17,-12.79,-1.81,-4.29
8380,16,-0.27,-1.44,-0.01
8381,6,-0.03,-0.3,-0.04
8382,10,-1.37,-6.19,-0.04
8383,17,-13.89,-1.91,-8.32
8384,15,-0.32,-1.46,-1.2
8385,18,-5.36,-2.54,-0.04
8386,16,-5.08,-1.64,-0.1
8387,15,-0.27,-1.25,-0.06
8388,18,1.47,-35.86,0.0
8389,16,-0.33,-1.77,-0.04
8390,8,-0.05,1.47,-0.02
8391,6,-1.3,10.52,-0.01
8392,12,6.29,-5.48,8.43
8393,12,-3.78,-5.12,-2.45
8394,14,-0.28,-1.25,-0.13
8395,18,-0.27,-1.62,-0.05
8396,17,-6.79,-1.55,-6.66
8397,13,-9.55,-0.98,-12.33
8398,13,-0.29,-3.65,-0.05
8399,10,-1.32,-6.26,-0.02
8400,15,1.32,-27.75,-0.01
8401,17,-8.62,-1.65,-8.67
8402,13,-0.32,-8.69,-0.05
8403,11,-1.36,-5.71,0.55
8404,13,-0.32,-1.36,-0.13
8405,11,-0.31,-8.7,-0.05
8406,6,-0.13,-0.29,-0.07
8407,7,-0.28,-0.76,-0.03
8408,18,1.55,-13.8,-0.25
8409,6,-0.03,-0.01,-0.01
8410,6,-0.28,-0.27,-0.02
8411,13,1.36,-16.93,-0.02
8412,18,-5.7,-0.4,-0.08
8413,12,-0.07,1.44,-0.05
8414,7,-0.29,-0.3,-0.03
8415,10,5.94,-6.22,9.43
8416,16,-8.13,-1.11,-8.45
8417,16,-13.56,-1.19,-13.99
8418,17,-13.13,-1.73,-14.27
8419,12,-0.28,-1.22,-0.06
8420,16,-8.79,-1.64,-8.83
8421,7,-1.27,1.89,-0.07
8422,16,-0.32,-1.92,-0.05
8423,9,0.57,1.44,-0.04
8424,16,-0.32,-1.47,-0.1
8425,17,-6.03,-0.41,-0.1
8426,8,-0.05,1.35,-0.03
8427,16,-8.41,-1.4,-8.56
8428,11,-0.29,-13.76,-0.04
8429,13,-8.77,-1.37,-8.77
8430,16,4.85,-1.73,11.05
8431,18,1.37,5.5,-0.04
8432,11,0.12,-6.04,2.25
8433,16,-0.32,-1.5,-0.05
8434,11,-0.28,-13.84,-0.02
8435,12,-0.32,-8.26,-0.02
8436,16,1.36,3.74,-0.02
8437,17,1.34,-20.3,-0.02
8438,15,-2.02,-0.43,5.06
8439,17,-0.32,-1.52,-0.05
8440,7,-0.04,-0.27,-0.03
8441,17,6.68,-0.58,14.07
8442,14,-0.32,-1.4,-0.05
8443,10,-0.06,1.42,-0.05
8444,18,-13.84,-2.73,-14.38
8445,6,-0.03,-0.3,-0.03
8446,10,0.37,1.37,-0.02
8447,14,-0.27,-1.12,-9.96
8448,10,-1.34,-5.96,-0.04
8449,16,1.46,-2.02,-0.23
8450,10,1.32,1.34,-0.03
8451,13,-0.32,-1.38,-0.02
8452,16,1.36,-36.04,-0.04
8453,18,-6.28,-0.02,-0.1
8454,7,-0.04,-0.3,-0.06
8455,8,-0.28,-1.7,-0.04
8456,14,-0.28,-1.0,-0.11
8457,7,-0.04,-0.27,-0.05
8458,13,-0.28,-1.24,-0.3
8459,14,-13.37,-1.02,-14.54
8460,15,-1.0,-1.12,-0.05
8461,13,1.31,-33.59,-0.02
8462,14,-5.65,-0.5,-0.1
8463,10,-1.33,-6.24,0.66
8464,10,-1.38,-6.26,0.05
8465,15,1.3,1.57,-0.0
8466,6,-0.03,-0.27,-0.02
8467,10,-1.33,-6.26,1.74
8468,10,-0.31,-5.58,-0.03
8469,8,-0.3,-0.31,-0.06
8470,10,-0.06,1.36,-0.04
8471,7,-0.04,1.33,-0.02
8472,17,-13.44,-1.99,-13.09
8473,6,-1.27,16.27,-0.03
8474,18,-0.33,-1.89,-0.05
8475,15,-8.79,-1.36,-8.84
8476,16,-0.32,-1.5,-0.06
8477,16,14.36,-0.05,14.68
8478,9,-0.29,-13.88,-0.03
8479,9,-1.33,-6.13,0.0
8480,12,-0.31,-8.18,-0.03
8481,18,-4.3,-1.02,-0.07
8482,7,-0.04,-0.27,-0.03
8483,7,-1.32,4.78,-0.03
8484,11,1.31,1.54,-0.05
8485,6,-1.27,-1.34,-0.06
8486,13,-12.4,-1.89,-12.68
8487,16,-0.32,-1.54,-0.04
8488,18,-0.32,-1.75,-0.05
8489,7,-0.04,0.92,-0.05
8490,16,-7.51,-1.5,-7.57
8491,6,-0.03,-0.03,-0.05
8492,7,-0.04,1.32,-0.03
8493,18,-1.24,-1.97,-0.05
8494,13,-0.28,-1.2,-0.02
8495,6,-0.28,-0.28,-0.03
8496,7,-0.24,-0.3,0.01
8497,8,1.16,1.33,-0.01
8498,12,-0.32,-8.78,-0.01
8499,6,-0.03,0.52,-0.03
8500,16,-0.32,-1.4,-0.03
8501,15,7.08,-2.07,11.0
8502,12,-1.4,-5.57,-0.02
8503,6,-1.26,-1.37,-0.02
8504,16,-0.28,-2.53,-0.03
8505,12,-0.28,-9.97,-0.18
8506,7,-1.27,5.33,-0.05
8507,8,-0.13,-0.31,-0.04
8508,8,-1.28,13.54,-0.04
8509,17,-0.96,-2.74,-0.04
8510,16,-6.16,-1.54,-6.08
8511,6,-1.25,-2.08,-0.03
8512,18,-0.33,-1.66,-0.05
8513,8,0.35,1.32,-0.03
8514,13,0.93,1.55,-0.04
8515,17,-5.41,-3.04,-0.11
8516,10,-0.31,-8.77,-0.04
8517,13,0.03,1.55,-0.05
8518,6,-0.03,1.32,-0.04
8519,12,-0.32,-8.2,-0.24
8520,14,-0.28,-1.08,-2.12
8521,12,1.33,-36.16,-0.01
8522,8,-0.29,-0.27,-0.06
8523,10,-3.22,-6.13,-1.48
8524,14,-0.32,-7.66,-0.02
8525,7,-0.04,1.32,-0.03
8526,15,-0.32,-1.4,-5.83
8527,11,-0.29,-13.67,-0.05
8528,14,1.34,-10.86,-0.02
8529,7,-0.04,1.33,-0.01
8530,6,-0.03,-0.29,-0.0
8531,17,10.21,-1.99,18.5
8532,9,-0.05,1.36,-0.01
8533,9,-0.28,-5.68,-0.03
8534,17,-3.17,-1.64,-3.06
8535,10,-0.29,-13.74,-0.04
8536,15,1.21,-14.74,-0.02
8537,12,-0.31,-8.54,-0.03
8538,14,1.31,-1.07,-0.05
8539,14,1.3,-24.31,0.0
8540,7,-0.04,-0.31,-0.03
8541,9,-1.37,16.93,-0.05
8542,13,-0.27,-1.01,-11.06
8543,10,-0.06,1.49,-0.03
8544,14,-0.32,-1.5,-0.03
8545,9,-0.05,1.36,-0.05
8546,12,-0.29,-1.12,-0.03
8547,17,-0.32,-1.79,-0.05
8548,6,-0.03,-0.3,-0.02
8549,13,-0.32,-1.37,-0.05
8550,10,9.9,-4.04,14.96
8551,9,-0.05,1.37,-0.02
8552,12,-1.42,-5.47,-0.02
8553,6,-1.25,-1.39,-0.05
8554,11,-0.31,-8.71,-0.02
8555,11,-0.31,-7.78,-0.04
8556,12,1.33,1.44,-0.03
8557,12,1.33,1.49,0.0
8558,7,-1.28,1.7,-0.07
8559,13,-0.32,-7.81,-0.05
8560,9,-0.29,-0.27,-0.04
8561,12,-0.29,-1.04,-0.03
8562,18,-0.99,-2.21,-0.05
8563,10,-0.29,-13.53,-0.03
8564,13,-0.29,-1.65,-0.02
8565,8,-0.28,-1.56,-0.04
8566,8,-0.05,1.36,-0.05
8567,14,-13.79,-0.99,-14.35
8568,13,-0.15,-5.69,6.0
8569,15,1.34,-32.63,-0.0
8570,7,-0.29,-0.31,-0.06
8571,7,-0.04,-0.27,-0.04
8572,13,1.31,1.52,-0.03
8573,8,-0.28,-5.69,-0.01
8574,11,-0.28,-0.96,0.0
8575,11,-0.29,-1.11,-0.05
8576,11,-1.4,-3.8,-0.05
8577,18,-6.05,-0.66,-0.11
8578,16,-5.4,-3.55,-0.12
8579,17,-13.89,-1.67,-12.93
8580,12,-0.29,-0.96,-0.03
8581,13,-1.77,-2.02,-0.14
8582,14,1.28,-8.76,-0.01
8583,14,-0.28,-1.69,-0.01
8584,16,-0.32,-1.45,-0.42
8585,14,-8.49,-1.41,-8.53
8586,12,12.04,-5.27,18.17
8587,12,-1.38,-5.23,-0.04
8588,17,13.79,-0.8,21.04
8589,11,-0.29,-0.97,-0.04
8590,8,-0.05,-0.31,-0.02
8591,16,-12.95,-2.23,-13.24
8592,8,-0.29,-0.26,-0.03
8593,13,-0.28,-0.96,-9.98
8594,6,-0.03,1.32,-0.04
8595,15,-0.32,-1.75,-0.02
8596,12,-0.31,-8.02,-0.02
8597,16,-0.66,-2.21,6.36
8598,6,-0.03,0.21,-0.02
8599,6,-0.03,-0.3,-0.03
8600,11,-0.29,-0.99,-0.06
8601,14,5.16,-0.99,8.43
8602,14,1.31,-24.34,-0.04
8603,15,-1.59,-3.04,0.08
8604,8,-0.28,-0.27,-0.05
8605,13,1.01,1.56,0.0
8606,12,14.67,-5.02,20.37
8607,12,-0.28,-1.05,-0.06
8608,14,1.33,-24.31,-0.03
8609,17,1.45,-33.28,0.01
8610,12,1.36,1.49,0.01
8611,14,4.54,-3.6,7.63
8612,12,-0.32,-7.83,-0.03
8613,9,-0.05,1.37,-0.03
8614,11,1.32,1.46,-0.01
8615,12,-0.35,-8.69,-0.08
8616,9,-0.31,-0.32,-0.04
8617,10,-0.28,-0.97,-0.03
8618,11,-1.39,-6.18,0.01
8619,6,-0.03,1.33,-0.07
8620,17,1.48,-37.51,-0.01
8621,18,1.32,-3.34,-7.41
8622,8,-0.29,-0.32,-0.04
8623,18,7.61,-0.18,16.41
8624,7,-1.27,-1.44,-0.04
8625,12,1.33,1.42,-0.05
8626,18,-6.28,-1.13,-0.13
8627,10,1.01,1.39,-0.04
8628,18,-0.27,-1.78,-0.01
8629,7,-0.28,-0.27,-0.05
8630,13,-0.27,-1.03,-3.39
8631,12,11.0,-5.48,14.05
8632,8,-0.05,1.33,0.01
8633,17,-7.97,-1.57,-7.87
8634,7,-0.28,-4.1,-0.04
8635,6,-0.28,-0.27,-0.02
8636,13,-0.32,-1.36,-0.03
8637,18,-6.01,-0.35,-0.11
8638,14,-5.9,-0.8,-0.08
8639,15,-6.28,-2.95,-0.09
8640,8,-1.28,8.42,-0.03
8641,12,-0.32,-8.61,-0.05
8642,18,-0.32,-1.58,-2.43
8643,15,-0.32,-1.42,-1.75
8644,11,1.36,1.49,-0.06
8645,17,-0.97,-2.04,-0.06
8646,7,-1.28,6.31,45.81
8647,16,-8.74,-1.44,-8.68
8648,6,-0.03,0.2,-0.04
8649,12,-0.27,-3.97,-1.78
8650,10,-1.4,-6.26,1.59
8651,17,-6.28,-1.36,-0.11
8652,14,-0.32,-1.45,-0.02
8653,10,-0.28,-0.97,-0.05
8654,15,-0.32,-1.38,-0.32
8655,8,-0.29,-0.31,-0.01
8656,9,-0.29,-13.68,-0.03
8657,17,1.32,-31.17,-0.02
8658,9,-0.3,-8.74,-0.02
8659,12,1.31,1.54,-0.04
8660,14,1.42,-17.43,-0.06
8661,12,-1.41,-3.02,-0.04
8662,6,-0.03,-0.3,-0.04
8663,17,-6.28,-0.49,-0.13
8664,16,-13.84,-2.02,-14.55
8665,17,-4.97,-2.61,-0.11
8666,18,-5.62,-1.6,-0.12
8667,18,1.36,-18.59,-3.37
8668,17,1.37,7.43,-0.01
8669,14,1.31,-16.19,-0.02
8670,18,-0.32,-1.67,-0.05
8671,13,1.34,1.55,-0.05
8672,11,1.24,1.42,-0.02
8673,9,-0.28,-6.52,-0.0
8674,17,-8.75,-1.49,-8.79
8675,17,-0.33,-1.55,-0.03
8676,6,-0.03,-0.03,-0.04
8677,9,1.01,1.33,-0.05
8678,11,-0.31,-8.72,-0.05
8679,14,-0.32,-1.42,-0.06
8680,12,5.15,-5.91,12.63
8681,13,0.97,-34.4,-0.04
8682,13,-3.61,-4.57,-2.3
8683,15,-0.32,-1.44,-0.01
8684,8,-0.05,1.28,-0.06
8685,10,-0.29,-0.96,-0.04
8686,17,-6.28,-0.78,-0.1
8687,13,-0.32,-8.15,-0.02
8688,8,-0.3,-0.31,-0.06
8689,6,-1.29,-1.37,-0.04
8690,7,-1.27,12.97,-0.04
8691,9,-0.3,-5.61,-0.06
8692,12,-0.32,-0.92,-0.02
8693,6,-0.03,-0.28,-0.01
8694,6,-0.03,0.45,-0.03
8695,8,-1.28,0.33,-0.05
8696,6,-1.25,-1.39,-0.04
8697,15,1.42,-22.08,-0.23
8698,13,-13.52,-0.97,-14.14
8699,6,-0.18,-0.28,-0.07
8700,10,-0.06,1.41,-0.03
8701,6,-0.03,-0.3,-0.03
8702,16,-0.97,-1.81,-0.06
8703,9,-0.28,-1.27,-0.03
8704,18,-5.4,-2.73,-5.38
8705,9,-0.31,-0.31,-0.03
8706,17,-0.32,-1.47,-0.29
8707,6,-0.03,-0.3,-0.03
8708,15,-0.32,-1.4,-0.03
8709,14,-0.32,-1.46,-1.54
8710,13,0.46,-23.47,-0.04
8711,9,-0.05,1.33,-0.05
8712,16,-5.06,0.21,-0.07
8713,16,-0.32,-1.48,-0.05
8714,13,9.67,-5.35,2.54
8715,7,-0.28,-0.27,-0.03
8716,14,-13.8,-2.02,-14.67
8717,17,-1.09,-2.7,-0.01
8718,11,-0.29,-13.85,-0.04
8719,16,-12.95,-2.08,-12.79
8720,10,-0.29,-13.45,-0.02
8721,17,-6.12,-0.79,-0.1
8722,10,9.82,-6.26,16.71
8723,13,-0.29,-0.96,-0.03
8724,11,-1.4,-3.93,-0.04
8725,14,13.17,-3.93,19.93
8726,16,-4.83,-1.32,-1.78
8727,11,-0.31,-1.42,-0.02
8728,7,-1.26,0.75,-0.06
8729,9,-0.29,-13.2,-0.02
8730,8,-1.27,7.67,-0.04
8731,16,-6.23,-2.82,-0.09
8732,7,-0.28,-0.28,-0.04
8733,10,-0.06,1.42,-0.05
8734,15,1.37,-17.46,0.0
8735,8,-0.05,-0.32,-0.04
8736,6,-0.03,-0.27,-0.03
8737,17,-0.27,-1.89,-0.03
8738,6,-0.03,-0.3,-0.07
8739,8,-0.29,-0.27,-0.05
8740,18,-1.01,-1.49,-0.05
8741,11,-0.29,-13.89,-0.05
8742,6,-0.03,-0.27,-0.04
8743,10,-0.29,-13.86,-0.05
8744,12,-1.4,-4.72,-0.05
8745,8,-0.29,-0.27,-0.03
8746,18,-7.1,-1.72,-3.49
8747,10,-0.29,-13.86,-0.01
8748,18,-1.43,-1.57,-0.06
8749,17,-8.65,-1.47,-8.65
8750,7,-0.04,-0.27,-0.05
8751,6,-1.25,3.64,-0.01
8752,11,1.32,-3.55,-0.05
8753,16,1.34,-35.39,-0.01
8754,9,-0.29,-13.31,-0.02
8755,9,-0.05,1.35,-0.04
8756,7,-0.04,0.83,-0.01
8757,16,-13.86,-2.71,-14.64
8758,9,-1.36,15.4,-0.04
8759,15,-13.12,-1.03,-13.58
8760,18,-0.32,-1.59,-0.09
8761,13,1.3,-19.24,-0.02
8762,13,0.37,-23.43,-0.01
8763,15,0.82,-0.18,8.44
8764,6,-0.03,-0.03,-0.02
8765,17,1.51,-34.51,-0.33
8766,6,-0.03,-0.29,-0.04
8767,18,-13.32,-1.86,-3.57
8768,6,-0.05,-0.3,-0.06
8769,15,-0.32,-1.4,-4.82
8770,13,-13.8,-1.72,-14.64
8771,16,-6.22,-2.33,-0.12
8772,6,-0.03,-0.3,-0.04
8773,16,11.85,-3.68,17.89
8774,10,8.13,-6.05,12.47
8775,13,1.98,-4.71,4.4
8776,18,-2.25,-1.89,-2.0
8777,8,-0.05,1.32,-0.01
8778,6,-1.25,-3.67,-0.03
8779,9,-0.28,-0.27,-0.0
8780,8,-0.28,-10.87,-0.03
8781,13,-0.32,-7.18,-0.02
8782,15,1.03,-1.4,3.22
8783,12,0.33,1.47,-0.04
8784,6,-0.03,-0.3,-0.03
8785,11,-3.5,-6.05,-1.23
8786,14,-6.27,-4.24,-0.11
8787,9,-0.29,-0.26,-0.05
8788,6,-1.25,-1.35,-0.02
8789,17,-9.52,-2.52,-9.67
8790,12,-0.32,-7.55,-0.03
8791,7,-1.26,13.21,-0.05
8792,16,-8.74,-1.42,-8.58
8793,17,1.35,-33.12,-0.04
8794,9,-0.3,-8.67,-0.04
8795,6,-0.03,-0.3,-0.04
8796,8,-0.3,-0.31,-0.01
8797,9,-1.29,16.49,-0.05
8798,12,-1.4,-4.82,-0.04
8799,6,-0.03,-0.3,-0.02
8800,11,-0.31,-8.75,-0.01
8801,11,-0.29,-8.3,-0.01
8802,16,-2.04,-2.24,-1.86
8803,7,-1.27,-0.89,-0.02
8804,15,-0.32,-1.49,-4.82
8805,14,-0.32,-1.42,-0.02
8806,15,-13.6,-1.13,-14.41
8807,7,-0.29,-0.32,-0.02
8808,15,1.31,-26.26,-0.03
8809,12,-0.32,-1.37,-0.06
8810,7,-0.16,-0.31,-0.06
8811,10,-0.29,-13.19,-0.06
8812,17,1.36,6.72,-0.04
8813,16,-5.94,-0.05,-0.13
8814,17,1.5,-37.23,-0.02
8815,13,-11.59,-1.48,-11.81
8816,7,-0.04,1.34,-0.02
8817,9,-0.3,-0.32,-0.02
8818,12,-0.31,-8.32,-0.01
8819,11,-0.32,-7.24,-0.02
8820,15,-13.32,-1.07,-12.7
8821,10,-0.28,-13.85,-0.05
8822,10,-0.29,-0.96,-0.03
8823,9,-0.05,1.33,-0.0
8824,17,-5.79,0.17,-0.09
8825,6,-0.03,-0.27,-0.05
8826,8,-0.05,1.34,-0.03
8827,14,-0.28,-1.09,-0.03
8828,18,-8.61,-1.57,-8.61
8829,9,-0.3,-0.31,-0.02
8830,12,-0.32,-8.18,-0.04
8831,17,-0.98,-1.98,-0.03
8832,8,-0.29,-1.45,-0.05
8833,17,-8.7,-1.41,-8.61
8834,6,-1.25,-1.38,-0.02
8835,8,0.74,1.32,-0.07
8836,13,1.31,-2.48,-0.02
8837,14,7.27,-4.0,11.26
8838,6,-0.25,-0.27,-0.05
8839,13,2.63,-4.41,5.17
8840,17,1.32,-37.68,-0.01
8841,8,-0.29,-12.81,-0.03
8842,15,-0.33,-1.41,-4.73
8843,11,1.32,1.55,-0.02
8844,18,-0.32,-1.57,-0.01
8845,9,-0.28,-12.9,-0.02
8846,9,1.31,1.34,-0.0
8847,18,1.48,-34.02,-0.01
8848,15,-6.27,-4.11,-0.11
8849,14,1.35,-5.74,-0.04
8850,13,1.32,-34.5,-0.06
8851,12,-1.38,-3.89,-0.02
8852,6,-0.28,-0.27,-0.01
8853,13,-0.29,-0.99,-0.06
8854,7,-0.04,1.32,-0.01
8855,7,-0.04,1.33,-0.06
8856,7,-0.28,-0.28,-0.03
8857,18,-4.43,-0.94,-0.09
8858,18,1.36,-21.0,-0.03
8859,7,-0.04,-0.3,-0.04
8860,8,-0.29,-13.63,-0.04
8861,15,-0.32,-1.42,-0.34
8862,18,16.58,-1.02,26.0
8863,16,-13.72,-1.45,-14.61
8864,6,-0.28,-0.27,-0.05
8865,12,-0.29,-0.96,-4.55
8866,13,16.62,-5.14,26.06
8867,6,-0.03,1.32,-0.05
8868,7,-1.31,1.39,-0.05
8869,15,-0.29,-1.2,-0.18
8870,11,-0.27,-13.26,-3.18
8871,9,-0.29,-0.28,-0.03
8872,17,-8.79,-1.66,-8.35
8873,17,1.34,1.02,-0.06
8874,18,-11.48,-2.71,-1.11
8875,14,-0.29,-1.03,-0.33
8876,13,-1.93,-5.54,-0.31
8877,18,1.38,7.47,-0.05
8878,6,-0.03,1.15,-0.03
8879,8,-0.28,-13.88,-0.05
8880,6,-0.22,-0.29,-0.04
8881,14,11.09,-4.91,19.2
8882,7,0.21,1.32,-0.05
8883,8,-0.05,1.32,-0.03
8884,6,-0.03,-0.3,-0.05
8885,15,11.05,-1.76,16.67
8886,16,3.72,-2.96,11.86
8887,12,-0.32,-8.77,-0.05
8888,16,-12.94,-1.49,-13.18
8889,17,1.45,-18.42,-0.01
8890,8,-0.3,-0.32,-0.04
8891,16,1.49,-35.25,0.01
8892,9,-0.05,1.48,-0.05
8893,9,-0.34,-0.07,5.85
8894,15,-0.97,-1.17,-0.04
8895,11,-0.68,-5.09,1.14
8896,17,-6.27,-0.8,-0.11
8897,18,-13.82,-2.07,-14.39
8898,10,-0.31,-0.32,-0.06
8899,7,-1.26,-1.99,-0.03
8900,12,-0.31,-8.51,-0.02
8901,8,-1.33,-6.2,-0.04
8902,8,-0.29,-0.28,-0.0
8903,13,-7.55,-0.98,-7.62
8904,11,6.68,-3.29,15.34
8905,14,1.34,-6.27,-0.04
8906,9,-0.62,11.57,0.41
8907,16,-13.78,-1.46,-14.3
8908,6,-0.03,-0.29,-0.06
8909,7,-0.04,1.32,-0.04
8910,12,1.2,-3.2,-0.04
8911,7,-1.28,-3.72,-0.03
8912,16,-8.5,-1.34,-8.57
8913,11,-0.28,-13.8,-0.01
8914,13,-0.29,-0.96,-0.04
8915,17,-0.59,-2.07,-0.35
8916,6,-0.28,-0.29,-0.05
8917,7,-0.04,1.32,-0.06
8918,16,1.49,-34.76,0.0
8919,14,1.32,1.56,-0.02
8920,14,-8.78,-1.42,-8.83
8921,13,-12.0,-0.96,-12.26
8922,10,-1.4,-6.26,0.15
8923,17,-5.6,-2.4,-0.09
8924,15,-0.28,-1.59,-0.02
8925,6,-0.03,1.29,-0.03
8926,18,1.45,4.96,-0.03
8927,18,-5.81,-0.55,-0.08
8928,8,-0.29,-0.26,-0.03
8929,10,-1.38,-6.12,-0.01
8930,8,-0.3,-0.32,-0.04
8931,15,-0.27,-1.07,-0.05
8932,11,-0.31,-7.47,-0.03
8933,7,-1.26,6.43,-0.03
8934,14,-1.38,-1.06,-1.5
8935,9,-0.3,-0.32,-0.02
8936,8,-0.06,-0.27,-0.01
8937,17,16.68,-1.17,26.99
8938,17,-0.32,-1.6,-0.03
8939,9,-0.3,-0.91,-0.04
8940,8,-0.05,1.35,-0.03
8941,12,-1.41,-5.23,-0.05
8942,11,-0.27,-13.76,-0.03
8943,14,-5.45,-1.39,-5.44
8944,18,-0.32,-1.55,-0.4
8945,11,1.31,1.41,-0.02
8946,6,-0.28,-0.28,-0.0
8947,17,-0.98,-1.41,-0.04
8948,11,-0.28,-3.28,-1.89
8949,12,1.34,1.46,-0.03
8950,10,-0.3,-13.69,-0.05
8951,15,-5.9,-4.0,-0.07
8952,8,-0.29,-13.88,-0.04
8953,14,-12.91,-0.99,-13.46
8954,16,-0.32,-1.78,-0.05
8955,13,3.31,-4.19,11.34
8956,9,-0.3,-0.31,-0.02
8957,10,-1.36,-6.07,-0.06
8958,9,-0.29,-13.53,-0.01
8959,14,10.07,-3.44,19.32
8960,8,-0.05,1.33,-0.06
8961,13,1.35,0.94,-0.02
8962,12,-6.27,-6.09,3.54
8963,11,2.9,-5.81,5.57
8964,14,-0.32,-1.39,-0.04
8965,12,-0.31,-8.79,-0.04
8966,10,17.54,-3.05,27.89
8967,16,-0.27,-1.71,-0.02
8968,13,-0.28,-1.32,-0.01
8969,6,-0.03,-0.3,-0.03
8970,10,-0.31,-0.32,-0.04
8971,7,-1.26,6.24,-0.05
8972,7,-0.04,1.32,-0.04
8973,8,-0.3,-0.31,-0.01
8974,12,1.31,-33.59,-0.0
8975,14,-6.27,-0.24,-0.11
8976,12,-0.32,-8.79,-0.01
8977,13,1.26,-4.48,1.47
8978,10,-0.31,-0.32,-0.07
8979,17,-4.42,-2.05,-0.11
8980,17,-0.96,-1.62,-0.03
8981,11,-0.31,-8.73,-0.01
8982,7,-0.04,-0.3,-0.02
8983,6,-0.28,-0.27,-0.07
8984,18,1.41,-11.49,-0.27
8985,11,-0.29,-0.96,-0.03
8986,18,1.43,-35.15,-0.04
8987,7,-0.3,-0.31,-0.04
8988,10,-0.3,-13.42,-0.04
8989,12,4.16,-5.9,7.67
8990,14,1.03,-22.55,-0.02
8991,12,-1.68,-5.02,-0.29
8992,10,-0.31,-0.32,-0.05
8993,16,-8.06,-1.48,-7.97
8994,9,-1.31,-6.22,-0.0
8995,16,-6.2,-2.34,-6.17
8996,18,-3.18,-0.99,2.93
8997,12,1.35,1.45,-0.04
8998,16,17.51,-3.05,27.86
8999,11,0.06,1.44,-0.04
9000,15,-13.42,-1.23,-13.3
9001,12,15.55,-3.58,25.66
9002,13,-0.32,-8.77,-0.04
9003,18,-13.74,-2.61,-13.94
9004,13,-0.06,1.49,-0.02
9005,11,-0.29,-13.12,-0.03
9006,9,-0.29,-0.27,-0.02
9007,16,-9.59,-2.74,-9.69
9008,11,-0.31,-1.43,-0.05
9009,18,-2.55,-0.06,4.36
9010,12,-0.32,-2.49,-0.01
9011,11,0.73,-17.65,-0.04
9012,15,-3.58,-5.55,-4.29
9013,18,-0.97,-2.29,-0.02
9014,11,-0.28,-13.42,-0.05
9015,8,-0.28,-0.27,0.01
9016,11,-0.28,-6.5,-0.08
9017,15,-0.32,-1.46,-5.72
9018,8,-1.27,8.19,-0.02
9019,18,1.5,-9.4,-2.2
9020,14,1.3,-2.22,-0.04
9021,10,-0.28,-13.86,-0.07
9022,16,1.43,-33.12,-0.01
9023,11,-2.6,-6.13,-1.12
9024,16,1.53,-21.32,-0.02
9025,14,1.32,-25.71,-0.03
9026,8,-0.28,-13.67,-0.06
9027,14,-1.45,-4.95,-0.03
9028,8,-0.05,1.34,-0.03
9029,11,-0.31,-5.89,-0.05
9030,18,1.4,-16.61,-0.04
9031,7,-1.31,-1.4,-0.02
9032,11,-0.31,-1.4,-0.02
9033,16,-2.04,-1.46,-0.53
9034,7,-0.28,-0.28,-0.04
9035,14,1.4,-16.26,-0.07
9036,7,-1.35,-2.81,-0.05
9037,17,-6.16,-3.29,-0.09
9038,10,-0.29,-13.84,-0.03
9039,15,-0.29,-1.1,-0.05
9040,14,-13.81,-1.0,-14.64
9041,7,-0.04,0.87,-0.04
9042,7,-0.28,-0.27,-0.06
9043,7,-0.06,-0.28,-0.03
9044,15,1.38,-16.04,-0.19
9045,11,-0.29,-0.95,-0.02
9046,17,13.44,-0.53,23.26
9047,17,-4.59,-2.95,-0.1
9048,11,-1.36,-5.48,-0.02
9049,12,8.86,-6.17,18.67
9050,8,-0.3,-0.31,-0.04
9051,11,-0.31,-5.05,-0.02
9052,10,0.32,1.53,-0.03
9053,6,-0.03,0.59,-0.06
9054,17,1.43,-37.05,-0.04
9055,8,-0.28,-9.88,-0.06
9056,11,0.41,1.53,-0.02
9057,15,-0.32,-1.86,-0.03
9058,17,-0.97,-1.49,-0.01
9059,18,-9.98,-1.88,-9.78
9060,10,1.1,1.39,-0.02
9061,12,-0.28,-13.45,-0.04
9062,12,1.33,1.47,-0.02
9063,16,-0.32,-1.69,-0.02
9064,15,8.36,0.02,12.77
9065,11,-0.28,-13.87,-0.05
9066,12,-0.29,-1.13,-0.05
9067,8,0.12,1.39,-0.01
9068,9,-1.43,15.7,0.46
9069,6,-0.03,0.65,-0.02
9070,13,0.93,-4.88,-0.02
9071,11,0.32,1.4,-0.05
9072,17,1.35,-36.95,-0.03
9073,13,9.0,-5.2,13.7
9074,8,-1.28,5.37,-0.04
9075,9,-1.43,-5.86,2.84
9076,16,-6.28,-1.72,-0.09
9077,9,-0.05,1.36,-0.01
9078,6,-1.25,-1.61,-0.03
9079,8,-0.05,1.32,-0.05
9080,15,1.37,-29.9,-0.0
9081,14,-0.28,-1.26,-0.25
9082,9,0.03,1.34,-0.02
9083,8,-0.28,-13.88,-0.03
9084,6,-0.03,1.32,-0.04
9085,8,-0.31,-0.31,-0.05
9086,14,-0.32,-1.82,-0.04
9087,11,-0.32,-8.78,-0.03
9088,10,1.32,1.36,-0.04
9089,8,-0.29,-0.27,-0.04
9090,15,-13.64,-1.08,-12.53
9091,11,-0.31,-8.26,-0.03
9092,8,-0.28,-0.28,-0.04
9093,6,-0.03,0.11,-0.04
9094,12,-0.31,-8.77,-0.03
9095,13,1.32,1.54,-0.05
9096,13,1.33,-1.22,-0.01
9097,14,15.61,-4.62,10.63
9098,8,-0.28,-1.49,-0.05
9099,13,17.38,-3.78,1.89
9100,15,-0.32,-1.51,-0.15
9101,6,-0.03,0.13,-0.06
9102,11,-0.28,-0.95,-0.35
9103,10,2.37,-6.26,6.98
9104,12,-0.28,-2.16,-0.58
9105,11,-0.31,-8.7,-0.05
9106,18,-7.58,-2.28,-7.49
9107,8,-0.3,-0.31,-0.04
9108,15,-4.13,-1.0,-4.63
9109,6,-0.03,-0.29,-0.03
9110,8,-1.29,14.69,-0.02
9111,17,-0.28,-2.53,-0.03
9112,9,-0.05,1.42,-0.02
9113,12,8.32,-5.39,12.51
9114,18,-0.32,-2.27,-0.02
9115,10,-0.06,1.48,-0.04
9116,14,-6.22,-4.2,-0.1
9117,17,-5.89,-0.85,-0.12
9118,16,1.4,3.1,-0.01
9119,16,1.32,-30.7,-0.04
9120,12,16.0,-5.82,22.16
9121,12,-0.31,-8.31,-0.05
9122,17,-5.77,-3.28,-0.08
9123,9,-0.28,-12.93,-0.05
9124,13,-0.32,-1.54,-0.05
9125,14,-6.24,-1.05,-0.08
9126,16,8.05,0.05,12.33
9127,12,1.06,1.54,-0.03
9128,7,-0.04,0.94,-0.02
9129,6,-0.03,-0.3,-0.04
9130,9,-0.05,1.51,-0.02
9131,8,-0.3,-0.31,-0.04
9132,11,-0.31,-8.79,-0.03
9133,11,0.51,-8.13,-0.03
9134,18,-5.98,0.13,-0.11
9135,15,-0.32,-1.76,-0.02
9136,15,1.33,-9.54,-0.05
9137,7,-0.04,-0.3,-0.03
9138,10,0.95,-5.26,3.14
9139,6,-0.03,-0.3,-0.05
9140,12,-0.27,-13.38,-4.67
9141,6,-0.03,-0.27,-0.06
9142,7,-0.04,1.36,-0.03
9143,11,-0.31,-7.33,-0.03
9144,9,-0.3,-0.32,-0.03
9145,6,-0.95,-1.35,-0.05
9146,12,-0.28,-0.96,-0.12
9147,15,-8.74,-1.38,-8.75
9148,11,-1.36,-4.67,-0.06
9149,17,1.32,-35.31,-0.02
9150,14,1.33,-13.42,-0.02
9151,15,-0.32,-1.46,-1.56
9152,18,-8.79,-1.56,-8.56
9153,9,-1.3,3.2,-0.06
9154,9,-0.29,-13.39,-0.03
9155,12,0.93,-35.37,-0.01
9156,16,7.96,-2.99,12.2
9157,17,-6.28,-2.28,-0.11
9158,16,-13.74,-2.55,-14.23
9159,9,-0.29,-0.27,-0.04
9160,8,-1.42,12.47,-0.01
9161,7,-0.04,-0.31,-0.02
9162,13,1.31,-38.06,-0.01
9163,11,-0.31,-8.75,-0.04
9164,18,-8.35,-2.02,-8.23
9165,13,1.35,-2.41,-0.01
9166,12,14.54,-6.18,22.27
9167,6,-1.26,-1.36,-0.05
9168,18,-7.38,-2.23,-7.28
9169,11,11.51,-6.1,16.01
9170,11,-1.44,-6.25,-0.02
9171,18,-13.83,-2.17,-6.0
9172,14,13.85,-3.7,23.61
9173,10,-0.28,-13.0,-0.05
9174,10,-0.31,-8.39,-0.06
9175,13,1.31,-11.65,-0.03
9176,16,-13.87,-1.14,-14.39
9177,9,1.31,1.35,-0.05
9178,7,-0.04,-2.22,-0.02
9179,11,0.98,-32.88,-0.02
9180,14,-6.25,-3.95,-0.11
9181,7,-1.27,10.5,-0.03
9182,8,0.23,1.32,-0.05
9183,9,-0.05,1.36,-0.07
9184,10,1.54,-6.25,3.83
9185,7,-0.04,1.37,-0.03
9186,10,-0.31,-8.77,-0.05
9187,14,-0.32,-7.21,-0.03
9188,10,-0.28,-0.97,-0.0
9189,9,-0.31,-0.31,-0.05
9190,8,-0.29,-13.44,-0.04
9191,6,-1.25,-1.43,-0.06
9192,8,-1.28,9.23,-0.03
9193,17,-6.26,-0.36,-0.11
9194,13,-0.32,-7.4,-0.04
9195,11,-0.29,-1.46,-0.05
9196,13,1.39,-0.89,-0.05
9197,11,-0.29,-13.42,-0.02
9198,7,-0.29,-0.3,-0.06
9199,6,-0.03,-0.03,-0.05
9200,9,-1.38,-6.25,0.11
9201,18,-0.33,-1.51,-0.04
9202,14,-0.32,-1.51,-0.04
9203,18,1.32,-34.53,-0.03
9204,7,-0.04,1.32,-0.06
9205,9,0.5,1.33,-0.01
9206,16,-0.32,-1.58,-0.18
9207,9,-0.3,-0.32,-0.02
9208,8,-0.3,-0.31,-0.04
9209,8,-1.35,14.8,-0.03
9210,18,1.55,-27.41,-0.02
9211,13,-13.86,-1.57,-14.62
9212,9,-0.05,1.39,-0.02
9213,18,-5.61,-0.77,-0.09
9214,6,-1.25,3.74,-0.04
9215,8,-0.3,-0.31,-0.04
9216,15,-0.28,-1.23,-0.04
9217,7,-0.04,1.32,-0.0
9218,17,1.38,-29.99,-0.04
9219,6,-0.03,-0.27,-0.02
9220,10,-0.31,-0.32,-0.02
9221,18,1.4,-38.02,-0.03
9222,17,-3.4,-1.6,1.59
9223,11,0.46,1.44,-0.03
9224,16,-0.32,-1.77,-0.03
9225,15,-6.6,-1.48,-3.36
9226,6,-0.03,0.83,-0.03
9227,7,-0.29,-0.31,-0.03
9228,9,-0.29,-2.7,-0.04
9229,8,-1.28,-6.24,-0.05
9230,13,-0.28,-1.02,-10.59
9231,8,-0.28,-0.27,-0.07
9232,12,-1.42,-4.6,-0.03
9233,16,-13.76,-1.0,-14.61
9234,16,1.31,-33.24,-0.03
9235,8,-1.29,6.33,-0.03
9236,13,-0.32,-7.05,-0.02
9237,15,1.36,-32.94,-0.02
9238,16,1.47,-36.76,-0.02
9239,10,-0.32,-0.32,-0.03
9240,15,-0.28,-2.38,-0.05
9241,15,1.31,-34.63,-0.04
9242,7,-0.23,-5.43,-0.03
9243,13,-0.27,-1.0,-3.73
9244,7,-1.27,6.86,-0.02
9245,8,-0.07,-0.28,-0.06
9246,14,0.68,-2.22,2.82
9247,15,1.35,-0.65,-0.01
9248,11,1.34,1.46,-0.04
9249,11,-0.28,-13.77,-0.06
9250,14,-0.28,-1.04,-11.56
9251,9,-0.31,-0.32,-0.07
9252,10,-0.06,1.48,-0.06
9253,15,8.73,-1.62,17.36
9254,12,-0.28,-0.96,-0.08
9255,18,-5.93,-0.73,-0.13
9256,9,-1.36,-6.15,-0.04
9257,12,-0.28,-1.22,-0.04
9258,8,-1.3,7.35,-0.05
9259,8,-0.05,1.33,-0.02
9260,8,-1.28,8.6,-0.03
9261,6,-0.03,1.1,-0.05
9262,13,-1.65,-2.01,-0.0
9263,8,-0.05,1.33,-0.01
9264,12,-8.96,-1.07,-9.09
9265,7,-0.28,-0.27,-0.02
9266,12,-0.28,-13.75,-0.05
9267,11,9.12,-5.69,18.03
9268,13,15.53,-5.17,25.5
9269,18,1.53,4.7,-11.26
9270,11,0.17,1.44,-0.02
9271,7,-0.28,-8.88,-0.05
9272,14,-0.29,-0.98,-0.06
9273,7,-0.04,1.32,-0.02
9274,14,-8.79,-6.46,-8.8
9275,7,-0.29,-0.3,-0.04
9276,14,1.44,-23.57,-0.03
9277,17,-6.13,-2.49,-0.09
9278,15,-13.82,-1.03,-14.35
9279,18,-8.1,-1.93,-5.74
9280,7,-0.28,-0.27,-0.04
9281,11,-0.29,-13.35,-0.04
9282,11,-0.31,-8.55,-0.02
9283,17,-8.55,-1.53,-7.49
9284,17,-0.9,-1.39,-0.72
9285,17,-5.57,-0.77,0.35
9286,15,-5.65,-3.06,-0.09
9287,11,16.39,-6.12,22.93
9288,6,-1.25,-1.37,-0.05
9289,17,-8.77,-2.19,-8.76
9290,10,-0.29,-13.87,-0.03
9291,15,-6.15,-0.36,-0.11
9292,9,-1.29,-6.23,-0.04
9293,18,1.37,-6.51,-0.1
9294,6,-0.03,-0.27,-0.04
9295,11,-0.29,-0.99,-0.07
9296,11,-0.28,-13.6,-0.04
9297,17,1.31,-34.36,-0.03
9298,8,-0.3,-0.32,-0.03
9299,11,-0.28,-13.63,-0.01
9300,6,-0.03,-0.3,-0.04
9301,13,1.31,0.36,-0.03
9302,18,-13.87,-2.16,-13.18
9303,8,-0.05,1.34,-0.02
9304,10,-1.4,-5.25,-0.01
9305,17,-5.73,-2.35,-5.7
9306,7,-1.26,11.35,-0.02
9307,10,-0.28,-12.81,-0.07
9308,7,-0.04,1.35,-0.03
9309,18,-8.37,-1.51,-7.9
9310,9,-0.31,-0.32,-0.02
9311,18,-7.73,-1.59,-4.59
9312,15,1.31,-23.31,-0.04
9313,14,1.32,-20.12,-0.03
9314,15,-3.79,-1.74,2.92
9315,6,-0.28,-0.27,-0.03
9316,14,-7.19,-1.41,-7.5
9317,14,-12.83,-1.03,-13.11
9318,8,-0.05,1.33,-0.03
9319,9,-0.3,-0.32,-0.03
9320,17,-4.94,-2.04,-0.08
9321,15,-13.67,-1.81,-14.65
9322,8,-1.3,13.33,-0.04
9323,13,10.89,-5.44,20.17
9324,9,-0.31,-0.31,-0.03
9325,10,-1.29,-6.26,0.5
9326,14,-0.29,-1.06,-1.38
9327,18,-13.37,-1.71,-6.49
9328,15,-0.32,-1.39,-0.04
9329,17,1.54,-26.41,-5.0
9330,15,1.32,-17.17,-0.05
9331,14,-0.7,-2.68,1.12
9332,8,0.13,1.32,-0.02
9333,17,-8.79,-2.04,-8.79
9334,18,1.34,-18.2,0.0
9335,11,-0.31,-7.71,-0.03
9336,13,-6.27,-5.44,-0.09
9337,14,1.42,-12.3,-0.06
9338,15,-6.07,-4.13,-0.07
9339,9,-0.05,1.35,-0.03
9340,14,-0.27,-1.48,-0.04
9341,7,-0.04,1.32,-0.02
9342,16,-6.25,-1.3,-0.11
9343,17,-0.27,-2.01,-0.02
9344,8,-0.3,-0.31,-0.02
9345,16,1.44,-5.66,-0.01
9346,9,-0.05,1.35,-0.02
9347,14,-0.28,-1.51,-0.04
9348,13,1.35,-35.83,0.0
9349,14,13.2,-3.16,19.82
9350,14,-12.86,-1.01,-13.14
9351,10,-0.28,-12.86,-0.04
9352,10,-1.36,-5.39,-0.05
9353,17,-2.04,-1.85,-1.8
9354,8,-0.29,-1.93,-0.03
9355,18,-8.74,-2.23,-8.76
9356,13,-6.27,-5.82,-0.07
9357,8,-0.05,1.44,-0.03
9358,11,-0.31,-8.42,-0.04
9359,11,-0.31,-1.38,-0.06
9360,18,1.35,7.16,-0.01
9361,14,-6.2,-4.16,-0.1
9362,6,-0.03,-0.3,-0.04
9363,17,1.39,-17.48,-0.04
9364,8,-0.29,-0.26,-0.03
9365,10,-0.31,-1.24,-0.03
9366,14,1.31,-7.5,-0.01
9367,13,3.19,-5.3,8.51
9368,18,-0.32,-1.68,-0.06
9369,15,12.0,-1.32,18.17
9370,9,-0.31,-0.32,-0.05
9371,13,-6.7,-7.57,-7.41
9372,14,1.35,1.53,-0.03
9373,7,-1.27,-1.41,-0.02
9374,16,-6.25,-0.81,-0.08
9375,7,-1.27,0.2,-0.05
9376,18,-1.14,-2.42,-0.09
9377,9,-0.05,1.4,-0.02
9378,8,-0.28,-0.27,-0.06
9379,9,-0.28,-13.15,-0.08
9380,18,1.57,-27.21,-9.09
9381,7,-0.04,1.32,-0.04
9382,9,-0.31,-0.31,-0.01
9383,18,-0.33,-1.63,-0.15
9384,16,-0.33,-1.46,-0.06
9385,10,-0.29,-13.17,-0.04
9386,17,-8.72,-1.51,-8.78
9387,18,1.36,-28.07,-0.02
9388,17,-6.23,-2.9,-0.12
9389,13,-0.32,-1.51,-0.06
9390,18,1.54,-17.52,-14.89
9391,7,-0.29,-0.32,-0.06
9392,14,-13.88,-1.15,-14.49
9393,13,1.31,-3.83,-0.01
9394,10,4.6,-5.71,7.67
9395,9,-0.31,-8.68,-0.05
9396,16,-6.27,-3.83,-0.07
9397,6,-0.03,1.2,-0.04
9398,13,-0.32,-7.82,-1.53
9399,17,2.47,-2.69,0.9
9400,14,-3.59,-4.29,-2.22
9401,17,1.33,-37.9,-0.04
9402,18,-13.76,-2.45,-14.19
9403,7,-1.26,5.17,-0.04
9404,7,-0.04,-0.3,-0.01
9405,17,-13.8,-1.35,-10.59
9406,8,-1.37,6.85,-0.02
9407,7,-0.29,-0.3,-0.01
9408,6,-0.03,-0.29,-0.03
9409,6,-1.25,15.68,-0.03
9410,11,-0.06,1.49,-0.02
9411,8,-0.05,1.33,-0.03
9412,7,-1.3,-1.43,-0.04
9413,8,-1.35,6.59,-0.04
9414,15,-6.41,-1.09,-4.83
9415,9,-1.34,-6.02,-0.04
9416,13,-0.32,-7.06,-0.03
9417,6,-0.03,-0.29,-0.0
9418,14,-0.32,-1.42,-0.03
9419,17,2.98,-0.91,10.23
9420,14,-13.73,-1.95,-14.2
9421,14,-8.78,-7.83,-8.79
9422,13,6.39,-4.78,10.0
9423,8,-1.4,-6.22,-0.05
9424,9,0.3,1.36,-0.01
9425,12,4.63,-3.57,7.76
9426,17,1.42,-23.75,-0.02
9427,11,-0.06,1.47,-0.04
9428,16,-0.33,-1.73,-0.16
9429,6,-0.28,-0.26,-0.02
9430,6,-0.29,-0.3,-0.01
9431,13,-0.28,-0.97,-0.04
9432,6,-0.03,-0.27,-0.01
9433,9,-1.32,-4.82,0.06
9434,14,-0.32,-1.37,-0.04
9435,13,-0.32,-7.46,-0.03
9436,12,-1.39,-3.8,-0.03
9437,11,-0.29,-13.88,-0.03
9438,16,1.39,-37.34,-0.04
9439,17,-0.32,-2.13,-0.02
9440,17,3.86,-0.5,11.71
9441,14,1.23,-3.79,3.49
9442,15,1.34,-32.02,-0.04
9443,13,1.31,-23.12,-0.04
9444,9,0.29,1.35,-0.02
9445,14,-6.27,-2.49,-0.1
9446,13,0.17,-5.13,1.22
9447,6,-0.03,-0.3,-0.04
9448,9,-0.31,-0.31,-0.06
9449,9,-0.05,1.36,-0.03
9450,6,-1.25,-2.28,-0.02
9451,12,-0.29,-13.1,-0.02
9452,6,-0.29,-0.3,-0.01
9453,9,-1.41,-6.24,0.75
9454,14,-2.68,-5.18,4.17
9455,12,-0.31,-8.59,-0.03
9456,8,-0.29,-0.27,-0.05
9457,12,-0.32,-7.72,-0.64
9458,12,-6.27,-6.05,1.9
9459,8,-1.37,9.55,-0.08
9460,8,-1.43,10.76,-0.0
9461,16,-13.64,-2.05,-14.11
9462,14,1.33,-5.27,-0.04
9463,8,-0.3,-0.31,-0.03
9464,6,-0.03,-0.31,-0.04
9465,14,1.39,-36.65,0.01
9466,13,-0.32,-7.91,-1.05
9467,10,-0.29,-13.84,-0.05
9468,14,-5.72,0.07,-0.13
9469,8,-1.35,7.53,-0.01
9470,7,-0.28,-0.27,-0.07
9471,12,1.31,-37.57,-0.02
9472,15,-0.29,-1.13,-0.06
9473,6,-1.25,-1.36,-0.03
9474,8,-0.05,-0.31,-0.05
9475,15,-0.32,-1.37,-0.45
9476,9,-1.31,-6.14,-0.04
9477,11,1.32,1.38,-0.06
9478,18,-6.28,-0.47,-0.09
9479,11,-0.31,-8.5,-0.03
9480,16,1.5,6.8,-0.03
9481,7,-1.32,-0.4,-0.05
9482,18,-7.41,-1.69,-5.02
9483,8,-0.29,-0.32,-0.03
9484,16,1.33,-37.3,-0.04
9485,10,-1.34,-5.03,-0.06
9486,18,-4.04,-2.23,-3.59
9487,11,-5.79,-13.83,-5.81
9488,13,1.32,1.53,-0.06
9489,11,-0.06,1.43,-0.04
9490,6,-0.28,-0.27,-0.05
9491,15,1.33,-22.93,-0.02
9492,15,-0.32,-1.41,-0.21
9493,18,-0.98,-2.24,-0.05
9494,10,-0.28,-10.47,-0.06
9495,15,-0.32,-1.43,-1.0
9496,11,-0.28,-13.55,-0.02
9497,13,2.08,-5.29,4.53
9498,16,-13.73,-2.3,-14.68
9499,12,1.34,1.45,-0.02
9500,6,-0.03,-0.3,-0.04
9501,12,0.87,1.48,-0.01
9502,16,7.27,-2.94,11.27
9503,15,1.41,1.25,-0.01
9504,15,-13.03,-1.72,-13.35
9505,15,-0.27,-1.04,-0.14
9506,12,-1.42,-5.21,-0.07
9507,17,-5.93,0.04,-0.15
9508,13,17.54,-6.01,20.95
9509,14,-5.91,-4.2,-0.06
9510,12,1.35,1.44,0.02
9511,11,1.31,1.43,-0.0
9512,15,-0.32,-1.6,-0.04
9513,18,-3.7,-0.69,-0.07
9514,7,-0.28,-0.28,-0.04
9515,8,-0.29,-0.27,-0.02
9516,16,-13.55,-1.46,-14.3
9517,14,-6.48,-1.06,-8.35
9518,9,-0.05,1.35,-0.03
9519,16,-1.57,-3.0,5.56
9520,7,-1.26,6.56,-0.03
9521,9,1.31,1.33,-0.04
9522,7,-0.04,1.32,-0.06
9523,7,-0.3,-0.3,-0.02
9524,18,-0.32,-1.98,-0.03
9525,13,1.23,-37.76,-0.04
9526,10,-0.06,1.4,-0.06
9527,13,1.4,1.54,-0.01
9528,8,-0.3,-0.32,-0.05
9529,9,-1.38,-6.25,0.77
9530,8,-0.3,-6.54,-0.06
9531,6,-0.03,-0.28,-0.06
9532,11,-0.06,1.57,-0.03
9533,12,-0.47,-1.18,-0.28
9534,7,-0.04,1.32,-0.01
9535,15,-0.32,-1.45,-5.55
9536,17,8.13,-1.45,12.43
9537,6,-0.03,-0.27,-0.03
9538,11,-0.29,-1.09,-0.06
9539,15,1.4,-1.04,0.01
9540,15,-0.32,-1.52,-0.03
9541,16,-0.72,-3.38,1.11
9542,12,-3.8,-8.69,-2.46
9543,12,1.33,-22.31,-0.05
9544,17,-13.39,-1.6,-12.91
9545,14,-0.28,-1.04,-0.15
9546,12,-9.13,-10.89,-11.08
9547,7,-0.04,-0.28,-0.04
9548,10,-1.38,-6.11,-0.06
9549,9,-0.05,1.35,-0.04
9550,10,-0.06,1.43,-0.02
9551,17,-0.97,-1.35,-0.06
9552,16,-7.89,-1.48,-7.67
9553,10,-0.06,1.37,-0.04
9554,14,-0.27,-1.19,-1.87
9555,8,-1.29,13.03,-0.03
9556,13,-0.28,-1.02,-8.52
9557,16,1.39,-1.36,-0.04
9558,11,-0.32,-8.79,-0.06
9559,13,-0.32,-8.41,-0.03
9560,9,-0.05,1.46,-0.06
9561,17,-1.37,-1.53,-2.22
9562,14,-5.88,-4.39,-0.09
9563,18,-8.3,-1.68,-8.11
9564,16,-0.32,-1.87,-0.04
9565,9,-1.42,10.72,0.04
9566,8,-0.05,1.32,-0.02
9567,7,-0.29,-0.3,-0.0
9568,17,-0.96,-1.11,-0.0
9569,13,-13.76,-0.97,-14.37
9570,15,-0.27,-1.13,-0.05
9571,14,4.14,-3.83,3.34
9572,8,1.32,1.43,-0.04
9573,18,-13.7,-1.85,-14.16
9574,14,-0.29,-1.1,-0.08
9575,15,1.44,-31.04,-0.04
9576,13,0.88,-4.44,3.05
9577,10,-0.31,-0.32,-0.03
9578,8,-0.3,-8.79,-0.05
9579,13,-0.32,-8.77,0.01
9580,18,-13.82,-2.68,-14.35
9581,11,-0.28,-0.98,-0.07
9582,17,-0.28,-1.64,-0.04
9583,12,1.26,1.5,-0.02
9584,8,-1.27,8.06,-0.05
9585,15,16.32,-1.87,19.66
9586,11,-0.29,-13.73,-0.02
9587,11,-0.06,1.43,-0.02
9588,11,15.2,-5.89,25.11
9589,11,-0.28,-13.43,-0.09
9590,11,-0.32,-8.79,-0.05
9591,14,1.34,-32.8,-0.03
9592,18,-0.33,-1.56,-0.08
9593,17,-13.1,-1.76,-13.44
9594,11,-1.36,-5.73,1.93
9595,7,-1.25,1.65,-0.04
9596,8,-0.05,1.33,-0.02
9597,18,-5.64,-0.03,-0.04
9598,18,-0.32,-1.96,-0.05
9599,12,-0.32,-8.78,-0.02
9600,14,12.44,-3.77,3.35
9601,13,1.36,1.5,-0.05
9602,16,1.46,-33.65,-0.03
9603,15,-13.55,-1.0,-14.03
9604,9,-0.31,-0.31,-0.06
9605,18,-13.89,-1.73,-14.54
9606,12,-0.32,-8.71,-0.04
9607,18,-13.12,-2.64,-13.47
9608,12,-0.32,-8.22,-0.01
9609,7,-1.29,-0.05,-0.05
9610,16,-8.45,-1.5,-8.46
9611,15,5.26,-2.49,2.53
9612,6,-1.28,-1.38,-0.02
9613,8,-0.28,-0.27,-0.06
9614,13,-0.28,-1.95,-0.02
9615,8,-0.29,-13.85,-0.04
9616,7,-0.04,-0.27,-0.03
9617,14,13.61,-4.21,20.72
9618,15,4.66,-4.18,7.77
9619,6,-0.28,-0.27,-0.05
9620,15,-8.52,-1.47,-8.5
9621,14,-0.29,-1.07,-0.03
9622,10,-0.29,-13.89,-0.03
9623,11,-0.28,-13.52,-0.03
9624,11,1.31,1.36,-0.03
9625,14,-0.28,-1.18,-10.23
9626,6,-0.03,0.01,-0.01
9627,15,-6.27,-1.39,-0.09
9628,11,0.43,-15.58,-0.02
9629,12,17.4,-6.05,27.58
9630,9,-0.3,-0.31,-0.03
9631,7,-0.28,-7.34,-0.06
9632,14,-0.32,-1.36,-0.03
9633,7,-1.29,-0.81,-0.07
9634,7,-0.28,-0.27,-0.03
9635,7,-0.04,-0.31,-0.05
9636,18,-8.68,-1.61,-8.67
9637,8,-0.28,-0.28,-0.04
9638,17,-0.32,-1.51,-4.84
9639,13,-0.28,-1.11,-0.05
9640,12,-0.28,-13.89,-0.04
9641,8,-1.38,8.01,-0.07
9642,10,-0.31,-0.32,-0.03
9643,16,1.46,-34.64,-0.04
9644,18,-1.37,-1.59,-0.03
9645,14,-13.44,-1.67,-4.05
9646,16,15.52,-2.37,25.65
9647,11,0.36,1.44,-0.04
9648,14,-0.32,-8.09,-0.05
9649,11,-1.37,-5.62,0.04
9650,17,-8.6,-1.61,-8.74
9651,17,-0.32,-1.52,-0.12
9652,14,-0.29,-1.0,-0.05
9653,17,-6.27,-1.67,-0.13
9654,7,-1.3,-0.88,-0.06
9655,6,-0.03,-0.31,-0.01
9656,6,-0.03,-0.27,-0.05
9657,8,-1.34,7.56,-0.06
9658,9,-0.05,1.38,-0.04
9659,14,-12.87,-1.79,-13.18
9660,14,-0.29,-1.44,-0.05
9661,18,1.48,-31.63,-0.28
9662,7,-0.04,1.32,-0.02
9663,8,-0.05,1.34,-0.02
9664,17,-2.87,-1.18,0.33
9665,7,-1.26,14.04,-0.04
9666,16,-6.28,-3.88,-0.07
9667,13,3.15,-5.35,5.66
9668,10,-1.42,-6.23,2.38
9669,8,-0.28,-13.8,-0.0
9670,17,-6.23,-1.11,-0.14
9671,16,-0.32,-1.7,-0.03
9672,12,14.68,-5.66,21.56
9673,6,-0.03,0.7,-0.07
9674,15,-13.68,-1.07,-14.68
9675,15,-0.28,-1.13,-0.02
9676,17,1.36,-17.55,-0.16
9677,6,-0.18,-0.27,-0.03
9678,7,-0.04,1.33,-0.05
9679,13,1.31,-12.91,-0.01
9680,12,-0.28,-10.03,-0.03
9681,11,15.84,-6.18,23.13
9682,15,-0.32,-1.91,-0.04
9683,6,-1.26,-1.37,-0.03
9684,9,-0.05,1.34,-0.03
9685,8,-0.3,-0.31,-0.04
9686,13,1.35,-2.32,-0.01
9687,15,7.45,-4.31,11.51
9688,17,-0.32,-1.5,-0.05
9689,12,-0.32,-8.3,-0.02
9690,18,0.61,0.2,8.18
9691,9,-1.33,-6.19,-0.02
9692,11,-0.28,-1.11,-0.03
9693,15,-0.65,-3.63,1.18
9694,7,-0.04,-0.3,-0.03
9695,8,-0.29,-13.56,-0.05
9696,18,1.56,-29.99,-0.3
9697,11,-0.27,-13.43,-7.6
9698,10,-1.5,-6.1,5.91
9699,9,-0.31,-0.31,-0.06
9700,14,-0.32,-1.51,-0.06
9701,6,-0.03,-0.03,-0.04
9702,15,-5.93,-3.58,-0.11
9703,11,-0.31,-8.79,-0.03
9704,6,-1.26,-1.4,-0.05
9705,11,-0.31,-7.82,-0.03
9706,8,-0.05,1.33,-0.05
9707,9,-0.3,-8.74,-0.05
9708,18,-13.78,-2.7,-14.29
9709,6,-0.03,1.32,-0.05
9710,11,-0.32,-0.39,-0.03
9711,10,-0.29,-13.72,-0.03
9712,7,-0.04,1.32,-0.03
9713,14,-0.28,-1.0,-0.34
9714,9,-0.23,-8.17,-0.03
9715,8,-0.3,-3.12,-0.04
9716,14,1.33,-0.1,-0.05
9717,7,-0.04,-0.27,-0.03
9718,10,1.12,1.4,-0.01
9719,15,-8.73,-7.2,-8.74
9720,18,-0.99,-1.62,-0.02
9721,8,-0.05,1.4,-0.07
9722,17,1.34,7.49,-0.0
9723,6,-1.26,-1.35,-0.06
9724,6,-0.03,1.33,0.0
9725,10,-0.29,-13.84,-0.05
9726,8,-1.28,11.52,-0.03
9727,17,-13.58,-2.25,-13.37
9728,17,1.44,-26.85,-0.02
9729,18,-0.32,-1.75,-0.03
9730,8,-0.05,1.32,-0.05
9731,11,1.34,1.43,-0.03
9732,17,-1.02,-2.11,-0.05
9733,13,7.29,-4.66,14.35
9734,15,1.32,-18.1,-0.03
9735,17,-1.36,-2.29,-0.04
9736,18,-5.76,0.03,-0.09
9737,14,12.5,-4.33,7.06
9738,11,0.5,1.47,-0.01
9739,14,0.15,-4.19,7.67
9740,10,-0.31,-8.72,-0.02
9741,15,1.4,1.53,-0.03
9742,13,1.32,1.5,-0.0
9743,10,-0.06,1.4,-0.02
9744,18,-0.32,-2.2,-0.02
9745,10,0.76,-6.26,9.37
9746,8,-1.41,13.84,-0.06
9747,9,-0.31,-8.77,-0.02
9748,13,1.33,1.53,-0.02
9749,8,-0.3,-0.31,-0.04
9750,18,1.5,-35.35,-0.02
9751,14,-0.32,-1.44,-0.47
9752,14,1.32,-13.5,-0.02
9753,7,-1.34,1.02,-0.04
9754,6,-0.03,-0.3,-0.03
9755,14,1.36,-4.85,-0.0
9756,10,-0.06,1.38,-0.05
9757,15,5.1,-0.6,13.43
9758,12,-0.31,-7.27,-0.04
9759,12,-0.07,1.52,-0.03
9760,6,-0.03,-0.27,-0.04
9761,8,-0.3,-0.31,-0.04
9762,14,15.12,-4.55,23.13
9763,9,-1.35,-6.11,-0.05
9764,6,-1.27,-1.38,-0.04
9765,6,-0.29,-0.3,-0.08
9766,15,-13.18,-1.37,-9.65
9767,15,1.44,-17.46,0.01
9768,6,-0.03,-0.27,-0.04
9769,9,-1.33,6.88,-0.05
9770,14,-0.28,-1.11,-1.23
9771,16,1.45,-23.35,-0.01
9772,10,-0.29,-13.72,-0.03
9773,10,-0.31,-3.51,-0.05
9774,7,-1.35,-6.23,-0.04
9775,6,-0.03,-0.27,-0.02
9776,15,-0.32,-7.11,-1.39
9777,7,-0.29,-0.31,-0.05
9778,6,-0.63,-1.37,-0.06
9779,13,4.68,-1.75,13.0
9780,13,0.69,-4.69,2.8
9781,9,-0.05,1.5,-0.06
9782,8,-0.05,1.32,-0.05
9783,11,1.33,1.39,-0.05
9784,15,-6.13,-5.06,-0.11
9785,9,-1.28,11.32,-0.05
9786,7,-0.04,1.13,-0.05
9787,14,-0.28,-1.29,-7.79
9788,15,-0.32,-1.43,-0.12
9789,16,-11.89,-1.15,-12.09
9790,11,9.4,-6.24,19.94
9791,14,1.31,-22.23,-0.03
9792,13,-0.29,-0.96,-0.03
9793,13,16.71,-4.55,25.55
9794,18,1.34,-23.94,-0.01
9795,7,-0.04,-0.31,-0.03
9796,6,-1.25,-1.35,-0.04
9797,11,-0.27,-1.11,-0.0
9798,6,-0.03,-0.03,-0.04
9799,18,16.86,-1.32,24.32
9800,7,-0.29,-0.3,-0.03
9801,14,-0.29,-1.14,-0.11
9802,6,-0.03,-0.27,-0.05
9803,16,-13.73,-2.46,-14.54
9804,12,0.87,1.46,-0.01
9805,11,-0.31,-8.6,-0.04
9806,13,1.24,1.55,-0.03
9807,17,-0.32,-1.6,-0.3
9808,8,-0.05,1.33,-0.05
9809,14,1.32,-14.39,0.0
9810,10,-0.05,1.47,-0.01
9811,16,1.36,-16.11,-0.04
9812,14,-0.32,-1.51,-3.58
9813,6,-0.03,-0.27,-0.02
9814,7,-1.27,12.49,-0.06
9815,14,-6.25,-5.01,-0.07
9816,10,-1.3,-6.23,-0.03
9817,15,-2.37,-3.86,-0.11
9818,16,-0.28,-1.35,-0.02
9819,7,-0.04,-0.31,-0.03
9820,17,1.44,-21.87,-6.17
9821,11,-0.29,-13.6,-0.03
9822,13,1.34,1.57,-0.04
9823,10,-0.28,-0.97,-0.05
9824,9,-0.29,-13.65,-0.05
9825,12,-2.57,-5.53,-1.09
9826,14,-13.78,-1.05,-14.3
9827,12,1.35,1.47,-0.04
9828,18,-0.32,-1.68,-0.15
9829,17,-3.72,-1.8,-3.49
9830,6,-0.28,-0.28,-0.06
9831,10,-0.31,-0.32,-0.04
9832,18,1.44,6.39,-0.01
9833,6,-1.27,-1.41,-0.01
9834,15,1.34,-27.8,-0.02
9835,11,1.34,1.38,0.02
9836,9,-0.28,-0.94,-0.01
9837,11,-0.28,-13.81,-0.01
9838,15,7.44,-3.62,11.47
9839,8,-0.3,-0.31,-0.04
9840,17,1.53,-2.69,-0.04
9841,18,1.39,6.24,-0.01
9842,11,-1.39,-5.42,-0.01
9843,14,1.31,-33.55,-0.04
9844,11,-0.29,-13.88,-0.02
9845,8,-0.05,1.35,0.0
9846,13,0.69,-10.13,-0.02
9847,13,0.69,-38.12,-0.01
9848,13,-13.88,-0.97,-14.49
9849,7,-1.34,10.0,-0.02
9850,7,-0.04,0.92,-0.05
9851,8,-0.29,-0.26,-0.03
9852,16,-5.15,-2.21,-0.09
9853,17,1.34,-27.12,-0.04
9854,11,0.85,1.44,-0.04
9855,11,-0.06,1.38,-0.04
9856,10,-0.29,-12.88,-0.06
9857,9,-1.37,-6.25,-0.03
9858,13,1.33,-32.65,-0.02
9859,17,1.44,-32.84,0.01
9860,7,-0.28,-12.81,-0.03
9861,7,-0.04,-0.3,-0.06
9862,6,-1.25,-1.42,-0.03
9863,12,1.31,-32.13,0.0
9864,8,-1.37,15.65,-0.06
9865,11,-0.29,-0.95,-0.05
9866,6,-0.03,-0.31,-0.06
9867,12,1.32,1.52,-0.05
9868,16,-0.32,-1.38,-0.49
9869,8,-0.05,1.33,-0.05
9870,8,-1.3,13.34,-0.07
9871,7,-0.04,-0.28,-0.05
9872,17,17.37,-2.42,19.89
9873,8,-1.35,4.91,3.63
9874,18,-13.47,-1.63,-14.01
9875,10,-0.29,-13.89,-0.05
9876,14,1.33,-22.42,-0.04
9877,7,-1.26,-2.12,-0.04
9878,18,-9.72,-29.18,-14.04
9879,14,1.31,-23.24,-0.04
9880,7,-0.04,0.61,-0.04
9881,15,1.45,0.65,0.0
9882,13,-0.32,-7.83,-0.02
9883,15,1.32,-27.11,0.0
9884,14,4.64,-3.45,7.74
9885,13,-0.29,-1.43,-0.05
9886,9,0.93,1.35,-0.05
9887,13,-0.32,-1.45,-0.04
9888,13,4.33,-5.03,9.81
9889,8,-0.29,-0.31,-0.04
9890,10,-0.32,-0.32,-0.01
9891,16,1.46,-38.03,-0.01
9892,14,1.32,-37.88,0.01
9893,12,1.32,-26.11,-0.02
9894,14,1.34,-9.66,0.0
9895,12,0.9,1.54,-0.04
9896,7,-0.28,-0.27,-0.05
9897,17,-0.32,-1.61,-1.05
9898,17,15.6,-1.43,24.11
9899,16,1.54,-35.4,-0.04
9900,15,5.82,-4.1,9.29
9901,14,1.38,1.55,-0.01
9902,7,-0.04,-0.31,-0.05
9903,6,-0.03,-0.03,-0.01
9904,18,-5.8,-0.7,-0.11
9905,13,-4.99,-1.07,-4.93
9906,17,-6.18,-1.62,-0.14
9907,13,4.61,-0.45,7.69
9908,16,-0.32,-1.41,-0.02
9909,18,-7.51,-1.65,-6.26
9910,11,1.28,-0.52,-0.03
9911,15,-0.32,-1.48,-0.08
9912,18,-0.99,-1.79,-0.04
9913,9,-0.31,-0.31,-0.04
9914,15,1.3,-8.72,-0.01
9915,15,-0.32,-1.39,-3.04
9916,18,-6.08,-0.77,-0.12
9917,15,-0.29,-1.3,-0.02
9918,7,-1.26,-2.91,-0.04
9919,9,-0.28,-13.24,-0.06
9920,7,-0.28,-0.27,-0.05
9921,18,1.54,-37.06,-0.04
9922,13,-13.89,-2.6,-14.43
9923,11,-0.27,-13.87,-0.05
9924,12,-13.88,-0.97,-14.52
9925,11,-0.31,-8.78,-0.04
9926,10,-0.06,1.42,-0.04
9927,7,-0.04,1.32,-0.03
9928,18,-6.1,-0.79,-0.09
9929,11,-0.29,-0.96,-0.41
9930,13,-7.55,-1.59,-7.51
9931,18,-0.27,-2.74,-0.04
9932,7,-0.04,1.32,-0.05
9933,12,-0.32,-8.75,-0.03
9934,17,-13.16,-1.44,-13.19
9935,14,1.96,-3.0,4.37
9936,14,-0.32,-7.12,-0.02
9937,17,-0.33,-1.56,-0.02
9938,16,-6.14,-1.25,-0.07
9939,8,-0.3,-0.32,-0.05
9940,11,0.07,1.46,-0.02
9941,13,1.31,-3.82,-0.04
9942,6,-0.03,-0.27,-0.03
9943,7,-0.04,1.22,-0.01
9944,17,-6.26,-0.22,-0.1
9945,8,-0.06,-6.71,-0.02
9946,17,-8.17,-1.94,-8.04
9947,17,-7.83,-1.46,-7.85
9948,14,-0.32,-1.7,-0.06
9949,15,-8.7,-1.39,-8.59
9950,15,1.32,-32.51,-0.01
9951,10,-0.29,-13.89,-0.05
9952,17,-13.88,-1.39,-10.23
9953,11,14.94,-4.16,23.02
9954,9,0.59,1.43,-0.06
9955,11,-0.28,-13.56,-0.04
9956,13,13.73,-5.65,20.19
9957,8,-0.29,-0.26,-0.04
9958,11,-0.29,-1.01,-0.04
9959,14,1.31,0.21,-0.02
9960,17,-13.57,-2.63,-14.62
9961,7,-0.28,-0.28,-0.03
9962,10,-0.29,-13.61,-0.03
9963,16,-0.32,-1.55,-0.02
9964,16,1.46,-12.8,-0.02
9965,13,1.17,1.54,-0.03
9966,9,-1.3,11.74,-0.02
9967,17,-13.26,-1.96,-13.59
9968,13,-8.79,-7.2,-8.82
9969,15,6.96,-3.32,4.65
9970,15,-0.28,-1.34,-0.05
9971,14,-0.32,-7.36,-0.02
9972,18,-10.77,-1.59,-9.34
9973,15,1.41,-35.35,-0.02
9974,15,-7.0,-1.69,-7.03
9975,12,3.86,-5.81,8.69
9976,10,-0.06,1.41,-0.04
9977,15,-0.28,-1.45,-0.02
9978,6,-1.25,-1.39,-0.03
9979,11,8.16,-6.16,15.9
9980,6,-0.03,-0.3,-0.05
9981,6,-1.33,-1.37,-0.01
9982,7,-0.28,-0.28,-0.02
9983,9,-0.05,1.39,-0.06
9984,9,-0.31,-0.31,-0.02
9985,9,-0.31,-0.31,-0.04
9986,6,-0.03,-0.27,-0.06
9987,12,1.32,1.39,-0.01
9988,18,-13.62,-2.71,-14.01
9989,6,-0.03,-0.3,-0.04
9990,10,-0.29,-13.7,-0.02
9991,9,-1.32,9.57,-0.03
9992,7,-0.04,1.28,-0.04
9993,17,-3.27,-1.45,-3.26
9994,10,-0.28,-13.87,-0.03
9995,10,-0.06,1.49,-0.02
9996,13,-0.32,-7.48,-0.04
9997,9,-0.3,-8.35,-0.05
9998,17,-0.33,-1.56,-0.05
9999,9,-0.3,-0.32,-0.05
