etapa,stage,epoch,val_total,lr,tr_data_resp,tr_ratio,tr_data_T_rest,tr_data_T1,tr_phi,tr_eig,tr_ortho,val_data_resp,val_ratio,val_data_T_rest,val_data_T1,val_phi,val_eig,val_ortho
0,-1,0,12.681276814080775,0.0009999383779245895,0.47995144504945253,0.03439799038403966,2.0278699594793967,1.0695152010732485,0.0,0.0,0.0,0.3270224077360971,0.015630136776183332,1.1419360211917333,1.1396262390272958,0.0,0.0,0.0
0,-1,1,8.576522766146809,0.0009997535269026829,0.1138475789028464,0.009493320310054329,0.8666162317238965,1.106263401438889,0.0,0.0,0.0,0.17407142903123582,0.010796125246477979,0.8662785547120231,1.1396262390272958,0.0,0.0,0.0
0,-1,2,8.366152772679925,0.000999445492543504,0.06553385750327295,0.008314805179924785,0.781481813458563,1.061034421318943,0.0,0.0,0.0,0.15830389729567937,0.009761466777750425,0.8687954204423087,1.1396262390272958,0.0,0.0,0.0
0,-1,3,8.985160283744335,0.0009990143508499217,0.05544611024986772,0.008702799817999301,0.7779955994156957,1.0730785461305414,0.0,0.0,0.0,0.20247821935585567,0.008842539574418749,0.8697953479630607,1.1396262390272958,0.0,0.0,0.0
0,-1,4,8.811995010823011,0.0009984602081996976,0.048273361984242515,0.007959723043101795,0.7731424766836814,1.0724451322000004,0.0,0.0,0.0,0.1909209872995104,0.014067000044243676,0.8629474554743085,1.1396262390272958,0.0,0.0,0.0
0,-1,5,8.727805183734745,0.0009977832013192385,0.04013915723460971,0.007489987823081393,0.759748479984339,1.0631894133623363,0.0,0.0,0.0,0.17840240682874406,0.010328112103577172,0.8796963862010411,1.1396262390272958,0.0,0.0,0.0
0,-1,6,8.570061813108623,0.0009969834972498623,0.03892306151609976,0.007556307843877274,0.76437731304215,1.0581126768612168,0.0,0.0,0.0,0.16366334685257503,0.010776448861828871,0.8861914021628243,1.1396262390272958,0.0,0.0,0.0
0,-1,7,8.308327125851065,0.0009960612933065818,0.03307747193476529,0.0066710159677596205,0.777794054121647,1.0696099817174152,0.0,0.0,0.0,0.15711565741470881,0.008681912839944874,0.8639906474522182,1.1396262390272958,0.0,0.0,0.0
0,-1,8,8.910099590197206,0.0009950168170294205,0.03180227389794241,0.0068577543868529565,0.7646012335147673,1.0654601738290879,0.0,0.0,0.0,0.19701091945171356,0.014155872432248933,0.8646936586924961,1.1396262390272958,0.0,0.0,0.0
0,-1,9,9.379583036527038,0.0009938503261272714,0.030035093046941803,0.006868180792860108,0.763129215796017,1.0553900512676795,0.0,0.0,0.0,0.21681648705686843,0.016332618626100675,0.8899748410497393,1.1396262390272958,0.0,0.0,0.0
0,-1,10,9.186287241987884,0.0009925621084143096,0.027683745888830387,0.006267087329495517,0.7694207771310528,1.081311682474266,0.0,0.0,0.0,0.21146659765924727,0.011302635472800051,0.8780909180641174,1.1396262390272958,0.0,0.0,0.0
0,-1,11,9.258685853332281,0.00099115248173898,0.02782482671940211,0.006579304729968092,0.7492283351213029,1.0624240943529073,0.0,0.0,0.0,0.21492019295692444,0.015875317688499178,0.8769537040165493,1.1396262390272958,0.0,0.0,0.0
0,-1,12,8.993331633973867,0.000989621793905572,0.028218294611399613,0.00731989048936775,0.7708024075887736,1.0759685861254202,0.0,0.0,0.0,0.1995204495532172,0.01035861358312624,0.875362149306706,1.1396262390272958,0.0,0.0,0.0
0,-1,13,9.006546794436872,0.0009879704225884043,0.02680119613492952,0.006524871017566873,0.7547700966446145,1.060651700473526,0.0,0.0,0.0,0.20432283197130477,0.01153236614274127,0.8664715119770595,1.1396262390272958,0.0,0.0,0.0
0,-1,14,9.0104991607368,0.0009861987752386395,0.025069918619125213,0.00595598553705201,0.7431356409221019,1.059295244008592,0.0,0.0,0.0,0.2040146142244339,0.008064237556287221,0.8711206998143878,1.1396262390272958,0.0,0.0,0.0
0,-1,15,8.719000026583672,0.0009843072889837512,0.025303904835170914,0.006397074836676994,0.7605284718633856,1.067666196707383,0.0,0.0,0.0,0.17851153654711588,0.00831875843661172,0.8802296008382525,1.1396262390272958,0.0,0.0,0.0
0,-1,16,9.044162722770125,0.0009822964305196702,0.024855481451648533,0.005854515470699995,0.770256176735591,1.0932411875539614,0.0,0.0,0.0,0.2054747768810817,0.011151446096066917,0.8699222462517875,1.1396262390272958,0.0,0.0,0.0
0,-1,17,8.300436503253877,0.000980166695995633,0.022375215116201094,0.0056318995380068865,0.7800810380468091,1.0754680303693975,0.0,0.0,0.0,0.15688032124723708,0.007859328894742898,0.8641566719327655,1.1396262390272958,0.0,0.0,0.0
0,-1,18,9.032737034838647,0.000977918610891766,0.024320486553230332,0.005800431213359737,0.7664379700294977,1.0680194201978666,0.0,0.0,0.0,0.20570485506738936,0.009177091331886393,0.8698042035102844,1.1396262390272958,0.0,0.0,0.0
0,-1,19,9.02411309722811,0.0009755527298894294,0.023592495332354482,0.006031755059595825,0.7532394707781597,1.0647843404881006,0.0,0.0,0.0,0.20094962418079376,0.010603514233870166,0.8766562512942723,1.1396262390272958,0.0,0.0,0.0
0,-1,20,9.046686905436218,0.000973069636734359,0.022118026689056634,0.005481373723279866,0.7629368912826464,1.0522847615399407,0.0,0.0,0.0,0.20809290664536612,0.009309898928872176,0.866888131414141,1.1396262390272958,0.0,0.0,0.0
0,-1,21,8.666829345747828,0.0009704699440926358,0.022857565785423646,0.005617964350464709,0.7784577778820853,1.0843263407355372,0.0,0.0,0.0,0.17786466436726706,0.009739479582224573,0.8726496696472168,1.1396262390272958,0.0,0.0,0.0
0,-1,22,8.95087692514062,0.0009677542933995189,0.021804151242797814,0.0054581823478479985,0.7637919644707615,1.0766628401950724,0.0,0.0,0.0,0.19785079572881972,0.007705425045319966,0.8752896870885577,1.1396262390272958,0.0,0.0,0.0
0,-1,23,8.593056794255972,0.0009649233547011816,0.02111094745183454,0.005333431323908848,0.747819919898672,1.0536247821687494,0.0,0.0,0.0,0.17144672040428435,0.00874234682747296,0.8759437544005257,1.1396262390272958,0.0,0.0,0.0
0,-1,24,9.01250165188685,0.0009619778264893878,0.02097994994227458,0.005218154738331666,0.751308736002561,1.0716303158732294,0.0,0.0,0.0,0.2044543240751539,0.008238817232527904,0.8703527706010001,1.1396262390272958,0.0,0.0,0.0
0,-1,25,9.66131672076881,0.0009589184355291487,0.022277612980563664,0.005415029033738215,0.743167663662179,1.0653179403647637,0.0,0.0,0.0,0.24520776740142278,0.007553960329719952,0.8822186078344073,1.1396262390272958,0.0,0.0,0.0
0,-1,26,8.94324950966984,0.000955745936679405,0.021461137190678166,0.0052560451666562305,0.7562523495803759,1.0564440755010809,0.0,0.0,0.0,0.19993322661944798,0.009217209182679653,0.8685234103884015,1.1396262390272958,0.0,0.0,0.0
0,-1,27,9.242647517938167,0.0009524611127067769,0.019835781079979197,0.005042795122384085,0.7469934855849998,1.0634542582104507,0.0,0.0,0.0,0.22266317478248052,0.008250477657254254,0.8668013896260943,1.1396262390272958,0.0,0.0,0.0
0,-1,28,9.47348360484466,0.0009490647740924275,0.019227789506967206,0.004863921260162826,0.7479978941597984,1.0714853851540576,0.0,0.0,0.0,0.23383309372833797,0.010301549187196153,0.8753870640482221,1.1396262390272958,0.0,0.0,0.0
0,-1,29,9.020507292356342,0.0009455577588320898,0.020636450001988018,0.005167919785254499,0.7462428012519207,1.047041037128967,0.0,0.0,0.0,0.20413963496685028,0.011727424804121256,0.868637204170227,1.1396262390272958,0.0,0.0,0.0
0,-1,30,9.156081502791494,0.0009419409322293026,0.019593089629073166,0.004937615786968432,0.744794091553364,1.053165659742448,0.0,0.0,0.0,0.21475061987127578,0.008433398058904069,0.8700770054544721,1.1396262390272958,0.0,0.0,0.0
0,-1,31,8.852314308285713,0.0009382151866819099,0.018868481478138455,0.0049759957089441495,0.759735710991239,1.0564148669103974,0.0,0.0,0.0,0.19358845906598227,0.013041451573371887,0.8643979600497654,1.1396262390272958,0.0,0.0,0.0
0,-1,32,8.980308521538973,0.0009343814414618767,0.018692655398429018,0.004534647995560855,0.7434973635719818,1.0506192081182906,0.0,0.0,0.0,0.20163245712007796,0.009445699730089732,0.8701906033924648,1.1396262390272958,0.0,0.0,0.0
0,-1,33,9.034429811872542,0.00093044064248847,0.018701233114432364,0.004451085790173485,0.7374615093458046,1.0484322494673497,0.0,0.0,0.0,0.2088384692158018,0.00919563336563962,0.8637602584702628,1.1396262390272958,0.0,0.0,0.0
0,-1,34,8.760557897854596,0.0009263937620948692,0.01896073116731007,0.004808966273857841,0.7453208612006845,1.0668754508194414,0.0,0.0,0.0,0.18820247692721231,0.008252123703381844,0.8668511935642788,1.1396262390272958,0.0,0.0,0.0
0,-1,35,9.142658751923591,0.0009222417987882566,0.016284652244191147,0.0039018744611841382,0.7500699428678717,1.0682021859780098,0.0,0.0,0.0,0.2137501346213477,0.00920791451686195,0.8693859236580985,1.1396262390272958,0.0,0.0,0.0
0,-1,36,8.897750070784241,0.0009179857770034512,0.01775255179918796,0.004506105647503751,0.742092864605987,1.0469033260947291,0.0,0.0,0.0,0.19940794152872904,0.009053361003420182,0.863237908908299,1.1396262390272958,0.0,0.0,0.0
0,-1,37,9.051504781004041,0.0009136267468501438,0.01574351456359897,0.003589150855245376,0.7593092351283842,1.0643207511855561,0.0,0.0,0.0,0.20987381679671152,0.009697623218276672,0.8636268547603062,1.1396262390272958,0.0,0.0,0.0
0,-1,38,9.056253802031279,0.0009091657838537993,0.016181366911465392,0.0038454661358292533,0.7694588451130876,1.0820960743913373,0.0,0.0,0.0,0.20800031508718217,0.010358982320342745,0.8673909306526184,1.1396262390272958,0.0,0.0,0.0
0,-1,39,9.22335830098018,0.0009046039886902864,0.014984015280435097,0.0034107839150661692,0.7513070572348475,1.0646399456320457,0.0,0.0,0.0,0.2233602340732302,0.009144356939941645,0.861757789339338,1.1396262390272958,0.0,0.0,0.0
0,-1,40,9.283400451298803,0.0008999424869143019,0.014393219846364075,0.0034739059425474513,0.7474534583901896,1.0684214535268766,0.0,0.0,0.0,0.2229201921394893,0.0095655542266156,0.8707941259656634,1.1396262390272958,0.0,0.0,0.0
0,-1,41,9.252013960387558,0.0008951824286816575,0.014884111136921402,0.0036237705747587876,0.7532345860907175,1.0391520452730865,0.0,0.0,0.0,0.22241054688181197,0.010790362089340175,0.8661048242024013,1.1396262390272958,0.0,0.0,0.0
0,-1,42,9.090590142644942,0.0008903249884654958,0.013561967651820878,0.003006647984063235,0.7626948787749392,1.0601076877232893,0.0,0.0,0.0,0.2138870805501938,0.008248396350869111,0.8626331772123065,1.1396262390272958,0.0,0.0,0.0
0,-1,43,9.011718892958015,0.0008853713647665069,0.013764435678575803,0.003260019894246265,0.7692814434616311,1.0838713292936677,0.0,0.0,0.0,0.20851983768599375,0.007949066148804767,0.8623996717589242,1.1396262390272958,0.0,0.0,0.0
0,-1,44,9.490569682326168,0.0008803227798172156,0.01247938669928648,0.0029482023431060527,0.7340066583411208,1.057931544132603,0.0,0.0,0.0,0.23795201522963388,0.01105450326576829,0.8688371351787022,1.1396262390272958,0.0,0.0,0.0
0,-1,45,9.239837721921504,0.0008751804792804147,0.012056539648944892,0.002602351967299592,0.7534963552234242,1.0611055285027884,0.0,0.0,0.0,0.22217737351145064,0.009368992410600185,0.8662530779838562,1.1396262390272958,0.0,0.0,0.0
0,-1,46,9.056364122312516,0.0008699457319418156,0.012658016909890383,0.002694283252089167,0.7550320307027947,1.0670315391809038,0.0,0.0,0.0,0.20907962109361375,0.00846916057967714,0.8671379004205976,1.1396262390272958,0.0,0.0,0.0
0,-1,47,9.22282140655443,0.0008646198293969952,0.010629106507392473,0.0025495620652382237,0.7675133260708411,1.0577862899280288,0.0,0.0,0.0,0.2191946016890662,0.011062872130423784,0.8680938397135053,1.1396262390272958,0.0,0.0,0.0
0,-1,48,8.91705090785399,0.000859204085732713,0.01068161755293897,0.002392154325419151,0.7600112953811016,1.0740122245353403,0.0,0.0,0.0,0.20043555753571646,0.01002422540581652,0.8629690749304635,1.1396262390272958,0.0,0.0,0.0
0,-1,49,9.046257407870144,0.0008536998372026805,0.009811351012474703,0.002283023191656628,0.7533479622266825,1.0511032585958833,0.0,0.0,0.0,0.20800696100507463,0.009556510818323918,0.8667520540101188,1.1396262390272958,0.0,0.0,0.0
0,-1,50,9.214252898935229,0.0008481084418978611,0.009037312748615892,0.00206735330798835,0.7670606516518639,1.0644597202828787,0.0,0.0,0.0,0.22044552436896733,0.010515261241900069,0.8649155327251979,1.1396262390272958,0.0,0.0,0.0
0,-1,51,9.39040058804676,0.0008424312794113801,0.009939970579721685,0.0021361714207513024,0.7798719932732073,1.0899216526920357,0.0,0.0,0.0,0.22971997942243302,0.009351202353302921,0.8726946370942252,1.1396262390272958,0.0,0.0,0.0
0,-1,52,8.698989721946418,0.0008366697504981319,0.00967881687491843,0.0020254438893317957,0.7364687002399593,1.0565972148793414,0.0,0.0,0.0,0.18498562914984568,0.009258964631174291,0.8634825944900513,1.1396262390272958,0.0,0.0,0.0
0,-1,53,9.443932716734707,0.0008308252767291642,0.008849743536664444,0.00189056693524285,0.7347106184195547,1.0573081379955254,0.0,0.0,0.0,0.23565411354814256,0.010593019026730741,0.8672319991247994,1.1396262390272958,0.0,0.0,0.0
0,-1,54,9.327526204288006,0.0008248993001409269,0.008296832464888547,0.0017897518271426625,0.7588607746999241,1.066782746500182,0.0,0.0,0.0,0.22902415692806244,0.011605649122170039,0.8628497804914202,1.1396262390272958,0.0,0.0,0.0
0,-1,55,9.41600327892229,0.0008188932828794706,0.00762737618343344,0.0017593651727402528,0.7591013222643472,1.0726157073835725,0.0,0.0,0.0,0.23440553673676082,0.008914788852312736,0.8674174632344928,1.1396262390272958,0.0,0.0,0.0
0,-1,56,9.295470969285816,0.0008128087068396848,0.007810743100651839,0.0018468681853987927,0.7293906142410723,1.0329528161622945,0.0,0.0,0.0,0.2258560870374952,0.009368771088442631,0.8668434790202549,1.1396262390272958,0.0,0.0,0.0
0,-1,57,9.205364029388875,0.0008066470732996619,0.006708950025834216,0.0014030617894604802,0.7466492673147072,1.037352844928075,0.0,0.0,0.0,0.2196084942136492,0.008856268267014198,0.8669787475040981,1.1396262390272958,0.0,0.0,0.0
0,-1,58,9.259478472638875,0.0008004099025502793,0.006954135798207185,0.0014170977627198456,0.7533892827126586,1.071675334740611,0.0,0.0,0.0,0.22193969999040877,0.009352091234177351,0.8695511477334159,1.1396262390272958,0.0,0.0,0.0
0,-1,59,8.909472540486604,0.0007940987335200905,0.006629705713899101,0.001477684780731526,0.7605896487976741,1.0559997078284478,0.0,0.0,0.0,0.20054233074188232,0.009374092798680067,0.8623230372156415,1.1396262390272958,0.0,0.0,0.0
0,-1,60,9.057104493957013,0.0007877151233956178,0.007275587585257384,0.0015502664615463428,0.7517957175240934,1.0637244333341285,0.0,0.0,0.0,0.2101288821016039,0.009489446279725857,0.8641248600823539,1.1396262390272958,0.0,0.0,0.0
0,-1,61,9.235851148609072,0.0007812606472371394,0.006065926849118714,0.0012172164790472469,0.7803667181903876,1.0787796036711017,0.0,0.0,0.0,0.22270428282873972,0.008641802107117005,0.8653569391795567,1.1396262390272958,0.0,0.0,0.0
0,-1,62,9.200857364106923,0.000774736897590067,0.005367216803314327,0.0011822847599724253,0.7612901590402844,1.0781335379313497,0.0,0.0,0.0,0.21988465530531748,0.009192027218107666,0.865446857043675,1.1396262390272958,0.0,0.0,0.0
0,-1,63,9.534665930550545,0.0007681454840920089,0.005612014896842172,0.001262906860239189,0.7546790748545267,1.0755860979117235,0.0,0.0,0.0,0.2425717796598162,0.00916373563398208,0.8677878379821777,1.1396262390272958,0.0,0.0,0.0
0,-1,64,9.22048770589754,0.0007614880330756165,0.0053597433171551495,0.0011612084048271216,0.7373462365668955,1.0475865631427579,0.0,0.0,0.0,0.21961686653750284,0.008950355795345135,0.8690284405435834,1.1396262390272958,0.0,0.0,0.0
0,-1,65,9.230032731313258,0.0007547661871673105,0.00525245856882516,0.0010160781382085773,0.7754433346026152,1.075962254144613,0.0,0.0,0.0,0.22211603820323944,0.008782772679946252,0.8655612553868975,1.1396262390272958,0.0,0.0,0.0
0,-1,66,9.223277797922492,0.0007479816048819877,0.005006817526645163,0.0009993032362420582,0.7602553176648409,1.0610145556116568,0.0,0.0,0.0,0.22077870156083787,0.008927126814212118,0.8671265840530396,1.1396262390272958,0.0,0.0,0.0
0,-1,67,8.955415732227266,0.0007411359602138069,0.004969994218803002,0.0010117647047064185,0.7542600675115307,1.0676226598545187,0.0,0.0,0.0,0.2039108489240919,0.009227813221514225,0.8622955935341972,1.1396262390272958,0.0,0.0,0.0
0,-1,68,8.99972021812573,0.0007342309422231566,0.0043744782383725485,0.0008553449947215182,0.7479240061009972,1.048493887614278,0.0,0.0,0.0,0.2066070011683873,0.009299176412501506,0.8631611381258283,1.1396262390272958,0.0,0.0,0.0
0,-1,69,9.241400911007077,0.0007272682546199037,0.00464772605744091,0.0009375217571872675,0.7622592061468698,1.074475280289511,0.0,0.0,0.0,0.2229784599372319,0.00871002015524677,0.8655331901141575,1.1396262390272958,0.0,0.0,0.0
0,-1,70,9.298925600014627,0.0007202496153430296,0.004518979355620528,0.0009887593276165787,0.7597443808629675,1.0617514356826117,0.0,0.0,0.0,0.22654803948743002,0.009859271214476653,0.8654625926698957,1.1396262390272958,0.0,0.0,0.0
0,-1,71,9.10960778221488,0.0007131767561367538,0.00424744505254389,0.0008173621244371408,0.760573441542468,1.067419622129607,0.0,0.0,0.0,0.2122075387409755,0.009323489985295705,0.8676339728491647,1.1396262390272958,0.0,0.0,0.0
0,-1,72,9.252564806956798,0.000706051422123252,0.004052482032244211,0.000870586265538575,0.7506600844049917,1.059665754582118,0.0,0.0,0.0,0.22217642835208348,0.00914040906354785,0.8683017066546849,1.1396262390272958,0.0,0.0,0.0
0,-1,73,9.181744892615825,0.0006988753713720729,0.00391976367817848,0.000733291046909798,0.7496313953283921,1.0603194092083903,0.0,0.0,0.0,0.21645938285759517,0.00865350297785231,0.8701055731092181,1.1396262390272958,0.0,0.0,0.0
0,-1,74,9.02182313380763,0.0006916503744663625,0.003961529826871978,0.000791941773942084,0.7421500708871674,1.0420958723836733,0.0,0.0,0.0,0.20814419857093266,0.008272144876952683,0.8642713342394147,1.1396262390272958,0.0,0.0,0.0
0,-1,75,9.251538004726171,0.0006843782140659968,0.003326691917677238,0.0006082341116197516,0.7619214966459181,1.0839546351756864,0.0,0.0,0.0,0.22134379191058023,0.008762427206550325,0.8701982753617423,1.1396262390272958,0.0,0.0,0.0
0,-1,76,8.949489150661975,0.000677060684467739,0.003171957391811517,0.000628782294405787,0.741312049546288,1.048158743427795,0.0,0.0,0.0,0.2012471514088767,0.008386812638491392,0.8676173346383231,1.1396262390272958,0.0,0.0,0.0
0,-1,77,9.286921940278262,0.0006696995911625233,0.0034531733355692867,0.0006673852699747744,0.7764382952625312,1.0820878883009974,0.0,0.0,0.0,0.22586543006556375,0.00888053746894002,0.8660917367253985,1.1396262390272958,0.0,0.0,0.0
0,-1,78,9.367221616674215,0.0006622967503899758,0.0034400231150675167,0.000602438445886805,0.7643689301986138,1.068093082858521,0.0,0.0,0.0,0.23097763742719377,0.00927030514659626,0.8669489366667611,1.1396262390272958,0.0,0.0,0.0
0,-1,79,9.244013418443501,0.0006548539886902864,0.0033011263286134283,0.0006057914758713699,0.7833414937107308,1.0723439698080415,0.0,0.0,0.0,0.22347430884838104,0.009431986537362849,0.8641927412578038,1.1396262390272958,0.0,0.0,0.0
0,-1,80,9.165228392463177,0.000647373142453536,0.003073035825260924,0.0005935007563308424,0.7580681171232057,1.0740371959880717,0.0,0.0,0.0,0.21799943063940322,0.009106950501778297,0.8642125299998692,1.1396262390272958,0.0,0.0,0.0
0,-1,81,9.25932019809261,0.0006398560574665951,0.003020587295872494,0.000628183682582531,0.7690512456940216,1.0788490673870716,0.0,0.0,0.0,0.22438688363347734,0.008799850741135222,0.8651864102908543,1.1396262390272958,0.0,0.0,0.0
0,-1,82,9.282387553248554,0.0006323045884577038,0.0028553715956768076,0.0005529914706836915,0.7576909409564676,1.0675646680072672,0.0,0.0,0.0,0.22461668721267156,0.008960174463157142,0.8678618158612933,1.1396262390272958,0.0,0.0,0.0
0,-1,83,9.23519723676145,0.0006247205986388449,0.002554990290166828,0.00043609912520798955,0.7331453153809298,1.046361407029976,0.0,0.0,0.0,0.22101689875125885,0.009228939190506935,0.8680511542728969,1.1396262390272958,0.0,0.0,0.0
0,-1,84,8.974499896168709,0.0006171059592460249,0.0027464565818731503,0.0005483347669671046,0.7527850582761672,1.0552099705899802,0.0,0.0,0.0,0.20480172761848994,0.008442016584532601,0.8640259419168744,1.1396262390272958,0.0,0.0,0.0
0,-1,85,9.372072231490165,0.0006094625490775732,0.002642112955885026,0.00046401195769487584,0.7770580386073844,1.0940189454162006,0.0,0.0,0.0,0.2327266718660082,0.008963084180972405,0.8644510337284633,1.1396262390272958,0.0,0.0,0.0
0,-1,86,9.280317237135023,0.0006017922540305781,0.0028520933515166196,0.0005121600117084561,0.7291035791045254,1.0327130075797295,0.0,0.0,0.0,0.22522791155747005,0.00882339763588139,0.8664803845541817,1.1396262390272958,0.0,0.0,0.0
0,-1,87,9.28376536257565,0.0005940969666355697,0.0021748713283229943,0.00039152537647169083,0.7538362958477539,1.0825418986163093,0.0,0.0,0.0,0.22562795664582933,0.008282536108578955,0.8667137452534267,1.1396262390272958,0.0,0.0,0.0
0,-1,88,9.281859632115811,0.0005863785855895651,0.0021163302403648648,0.00041871424227527985,0.7567551431146641,1.0412490992870145,0.0,0.0,0.0,0.2242246674639838,0.00869697698258928,0.868833635534559,1.1396262390272958,0.0,0.0,0.0
0,-1,89,9.259196859085932,0.0005786390152875954,0.001986871501747338,0.0003640264473591018,0.7697938761664825,1.0811411049759503,0.0,0.0,0.0,0.22409079330308096,0.008378153966207589,0.866182667868478,1.1396262390272958,0.0,0.0,0.0
0,-1,90,9.161316703772172,0.0005708801653528228,0.0023030913649669405,0.00036157751423408486,0.769303677440847,1.0727429841328593,0.0,0.0,0.0,0.21722763563905442,0.008240390535710114,0.8660638672964913,1.1396262390272958,0.0,0.0,0.0
0,-1,91,9.143853714223951,0.0005631039501653701,0.0021143264467240247,0.00036813676522850304,0.73271007734595,1.0555943024968637,0.0,0.0,0.0,0.21590437207903182,0.00856940947206957,0.8658866626875741,1.1396262390272958,0.0,0.0,0.0
0,-1,92,9.305904067819938,0.0005553122883899772,0.001968577820626856,0.000311102490652877,0.7601238419708697,1.0704254062430372,0.0,0.0,0.0,0.2271659459386553,0.008610585937276483,0.8664723890168327,1.1396262390272958,0.0,0.0,0.0
0,-1,93,9.22374619776383,0.000547507102502598,0.0017393074525086192,0.00030784567983909193,0.7752840941392102,1.0812842498705224,0.0,0.0,0.0,0.22139159909316472,0.008264710128839527,0.8666301199368068,1.1396262390272958,0.0,0.0,0.0
0,-1,94,9.059364474611357,0.0005396903183160586,0.0016467300542060612,0.00028864972346215914,0.7410276711565776,1.0430402136543422,0.0,0.0,0.0,0.20976703933307103,0.008509683722097958,0.8661511625562396,1.1396262390272958,0.0,0.0,0.0
0,-1,95,9.128465120214969,0.0005318638645048922,0.001900378663264649,0.00034461328090118807,0.7701613399588946,1.0700186091719321,0.0,0.0,0.0,0.2156315062727247,0.008335650565900974,0.8644677826336452,1.1396262390272958,0.0,0.0,0.0
0,-1,96,9.197350855451077,0.0005240296721294665,0.0018723467206672847,0.00028905098934576493,0.7407217176215163,1.0423249637038963,0.0,0.0,0.0,0.22021435414041793,0.008636346286428826,0.8648422104971749,1.1396262390272958,0.0,0.0,0.0
0,-1,97,9.024413176579401,0.0005161896741595252,0.0019341841717567113,0.00036941255621942106,0.7359521519211889,1.056813170608965,0.0,0.0,0.0,0.20882815335478103,0.008565465354227595,0.8629801103046962,1.1396262390272958,0.0,0.0,0.0
0,-1,98,9.044409342808649,0.0005083458049972545,0.0017098080631327427,0.0003192844297409112,0.7579458286461321,1.07048907904949,0.0,0.0,0.0,0.20989330964429037,0.008099765749648213,0.8641720925058637,1.1396262390272958,0.0,0.0,0.0
0,-1,99,9.314345472957939,0.0005005000000000001,0.001455472638712997,0.0002695440244211056,0.7509091892867412,1.0392817137310806,0.0,0.0,0.0,0.22815593012741633,0.008505816105753183,0.8658031054905483,1.1396262390272958,0.0,0.0,0.0
0,-1,100,9.124166824156418,0.0004926541950027458,0.001461773667737697,0.00022210292371206927,0.7499118869744458,1.0535783964453391,0.0,0.0,0.0,0.21468950169427053,0.008035886533824461,0.8660375135285514,1.1396262390272958,0.0,0.0,0.0
0,-1,101,9.037576834205538,0.000484810325840475,0.0012551772225087563,0.00019933524481088681,0.7448167919533925,1.0458813899929085,0.0,0.0,0.0,0.20842128353459494,0.008335183041968517,0.8659046547753471,1.1396262390272958,0.0,0.0,0.0
0,-1,102,9.230763527564704,0.0004769703278705336,0.0013341258553498723,0.00022923996676555246,0.753369346405696,1.0700434764612068,0.0,0.0,0.0,0.22242618032864162,0.008547387351947171,0.8652807559285846,1.1396262390272958,0.0,0.0,0.0
0,-1,103,9.106570847332478,0.00046913613549510807,0.0014087768029692827,0.0002374842180022789,0.764418462815794,1.0793787102097447,0.0,0.0,0.0,0.21312613785266876,0.008341079311711448,0.8663453374590192,1.1396262390272958,0.0,0.0,0.0
0,-1,104,9.192501792218536,0.0004613096816839416,0.001353180073246866,0.0002022043313577916,0.7341867511712231,1.0377433722458997,0.0,0.0,0.0,0.2187850262437548,0.008538988219308001,0.8671055010386876,1.1396262390272958,0.0,0.0,0.0
0,-1,105,9.118336830986664,0.0004534928974974022,0.0012034507563283433,0.0002116976174168759,0.7754692180642804,1.0937686898175953,0.0,0.0,0.0,0.2151349846805845,0.008381290727161936,0.8639682871954781,1.1396262390272958,0.0,0.0,0.0
0,-1,106,9.22460874216631,0.000445687711610023,0.0013081499254466622,0.00021500807277122466,0.7330790231528791,1.039724999261134,0.0,0.0,0.0,0.2227110926594053,0.008181511357958828,0.8641975522041321,1.1396262390272958,0.0,0.0,0.0
0,-1,107,9.132857747375965,0.00043789604983463014,0.001379718061975086,0.00025424566608740615,0.7499812601260769,1.0656872345405874,0.0,0.0,0.0,0.21541014100824082,0.008001767098903656,0.8658719147954669,1.1396262390272958,0.0,0.0,0.0
0,-1,108,9.224528555292636,0.00043011983464717767,0.001209154063315827,0.00024077531849700976,0.744606722327112,1.041192663526072,0.0,0.0,0.0,0.22148668766021729,0.008394548469888312,0.8664218698229108,1.1396262390272958,0.0,0.0,0.0
0,-1,109,9.359487363137305,0.00042236098471240476,0.0010933201930720757,0.00019000215181522523,0.7648025646950435,1.0790124176775369,0.0,0.0,0.0,0.23194890575749533,0.008383296563157014,0.8647885152271816,1.1396262390272958,0.0,0.0,0.0
0,-1,110,9.060427316231653,0.00041462141441043495,0.001085593168470032,0.0001904199010629243,0.7803200263421513,1.089091730927958,0.0,0.0,0.0,0.20959371328353882,0.008296908112242818,0.8668624247823443,1.1396262390272958,0.0,0.0,0.0
0,-1,111,9.083554601296782,0.00040690303336443065,0.0008751115585378941,0.00012999008583736797,0.7381613862167284,1.0542084320077618,0.0,0.0,0.0,0.21223548267568862,0.008176736267549651,0.865002955709185,1.1396262390272958,0.0,0.0,0.0
0,-1,112,9.117158325389028,0.00039920774596942214,0.0008323966916560114,0.00010220169804473769,0.7377390198915907,1.0558950710065156,0.0,0.0,0.0,0.21471842910562242,0.008072027404393469,0.8649423037256513,1.1396262390272958,0.0,0.0,0.0
0,-1,113,8.984125797403976,0.0003915374509224272,0.0009290190476888013,0.00010508714454701777,0.7510149594649528,1.0636961795751332,0.0,0.0,0.0,0.20506598268236434,0.008300790396918143,0.8650137867246356,1.1396262390272958,0.0,0.0,0.0
0,-1,114,9.149212654214352,0.00038389404075397525,0.0010021787042982732,0.00012956809587194584,0.7554914303196286,1.0664400603007345,0.0,0.0,0.0,0.21512331068515778,0.008277922270021268,0.8685058355331421,1.1396262390272958,0.0,0.0,0.0
0,-1,115,9.215988534968346,0.00037627940136115507,0.0009575067862226329,0.00012534623485266512,0.7374691442378516,1.0625590103343852,0.0,0.0,0.0,0.22113732354981558,0.008163889005248035,0.8661312546048846,1.1396262390272958,0.0,0.0,0.0
0,-1,116,9.133431908441707,0.00036869541154229633,0.0008642344624798709,0.00014292739299368972,0.7727755800034236,1.0779237145359077,0.0,0.0,0.0,0.21590804627963475,0.008277092228776642,0.8646828021321978,1.1396262390272958,0.0,0.0,0.0
0,-1,117,9.19123399630189,0.0003611439425334051,0.0008058119378757926,0.00014250159470021988,0.7569401374140989,1.0681262218836443,0.0,0.0,0.0,0.21885301172733307,0.00841526101742472,0.8669121435710362,1.1396262390272958,0.0,0.0,0.0
0,-1,118,9.23165164096281,0.0003536268575464643,0.0006897919393117422,0.00010055737761080998,0.7777672751435956,1.0940160490934132,0.0,0.0,0.0,0.22309411423546927,0.00833833743152874,0.864280811377934,1.1396262390272958,0.0,0.0,0.0
0,-1,119,9.159818267915398,0.000346146011309714,0.0007000818384644005,0.00011767881300576705,0.7519609355232091,1.063556915348016,0.0,0.0,0.0,0.2174717060157231,0.00829465560881155,0.8653073992047992,1.1396262390272958,0.0,0.0,0.0
0,-1,120,9.160265977028757,0.0003387032496100244,0.0007465083979395698,0.00011825096483785406,0.7438676507727614,1.0619516216435478,0.0,0.0,0.0,0.21753016327108657,0.008418222955827202,0.8651308757918221,1.1396262390272958,0.0,0.0,0.0
0,-1,121,9.238352778367698,0.00033130040883747703,0.0007696506624941905,0.00012884720490546897,0.7622557869813975,1.0709696782445444,0.0,0.0,0.0,0.22252469403403147,0.008411671833268233,0.8663036227226257,1.1396262390272958,0.0,0.0,0.0
0,-1,122,9.090724094305187,0.0003239393155322612,0.0008341022750172872,0.0001409288392785385,0.741570671785225,1.0376683566176776,0.0,0.0,0.0,0.21284461447170802,0.00808569130354694,0.8648999503680638,1.1396262390272958,0.0,0.0,0.0
0,-1,123,9.081870189402252,0.00031662178593400354,0.0007912228268218562,0.00012897747439231713,0.7772290608257924,1.062355524706609,0.0,0.0,0.0,0.2114163339138031,0.008080660032906703,0.8664966991969517,1.1396262390272958,0.0,0.0,0.0
0,-1,124,9.137678668834269,0.00030934962553363785,0.0006533704160653886,0.00011436055314493167,0.7735607490956204,1.0801821542017669,0.0,0.0,0.0,0.215532300727708,0.008263666847986835,0.8660543986729213,1.1396262390272958,0.0,0.0,0.0
0,-1,125,9.154657306615263,0.0003021246286279271,0.0006223525781324585,0.00010981871677252906,0.7575674242186314,1.0654301128341157,0.0,0.0,0.0,0.2175969992365156,0.008106291626713105,0.864507896559579,1.1396262390272958,0.0,0.0,0.0
0,-1,126,9.119933610083535,0.00029494857787674825,0.0006015670756488423,0.00011229786352346,0.7414129521082906,1.057866213969814,0.0,0.0,0.0,0.2145913541316986,0.00829247135802039,0.8653724789619446,1.1396262390272958,0.0,0.0,0.0
0,-1,127,9.272608681116253,0.00028782324386324626,0.0005514722165439133,8.634061577167019e-05,0.7496431467023869,1.060978090878829,0.0,0.0,0.0,0.22540427531514848,0.008364785795233079,0.8654850465910775,1.1396262390272958,0.0,0.0,0.0
0,-1,128,9.111988581484184,0.0002807503846569704,0.0005649285974745068,7.286662541658197e-05,0.7474450411148441,1.0540875723061052,0.0,0.0,0.0,0.21374040416308812,0.008206636744684406,0.8660252094268799,1.1396262390272958,0.0,0.0,0.0
0,-1,129,9.158630263293162,0.00027373174538009644,0.0005020403825379547,7.601904571768421e-05,0.7693963455922396,1.0780732122439782,0.0,0.0,0.0,0.21708011627197266,0.008093307626300625,0.8661222117287772,1.1396262390272958,0.0,0.0,0.0
0,-1,130,9.153569614049047,0.00026676905777684373,0.000497817658611293,7.073984098382231e-05,0.7629516364879978,1.0787535309791565,0.0,0.0,0.0,0.2170154026576451,0.008303144880171334,0.8653188518115452,1.1396262390272958,0.0,0.0,0.0
0,-1,131,9.144434554502368,0.00025986403978619317,0.0004725290930861589,6.578774575016335e-05,0.7685014148360317,1.0736651640493893,0.0,0.0,0.0,0.21650948694774083,0.008453801008207458,0.8648750185966492,1.1396262390272958,0.0,0.0,0.0
0,-1,132,9.287393605336547,0.00025301839511801245,0.00047280367246819934,5.927391304918203e-05,0.7535127158303863,1.0722299802650526,0.0,0.0,0.0,0.2267521619796753,0.008315959945321083,0.8649502311434064,1.1396262390272958,0.0,0.0,0.0
0,-1,133,9.100186705356464,0.00024623381283268956,0.0005277421088658672,6.376248670985484e-05,0.7408093977900385,1.059302342748179,0.0,0.0,0.0,0.21250103626932418,0.008173814808417643,0.8668507848467145,1.1396262390272958,0.0,0.0,0.0
0,-1,134,9.066885926295072,0.0002395119669243836,0.0003849278609336182,5.1116480498978174e-05,0.7681265021990804,1.0738318174788095,0.0,0.0,0.0,0.21063228803021566,0.008230065727340323,0.8657747762543815,1.1396262390272958,0.0,0.0,0.0
0,-1,135,9.176498840563,0.00023285451590799108,0.0003622961775919658,4.0080625906748274e-05,0.7473820994779902,1.0349944905169959,0.0,0.0,0.0,0.2185094484261104,0.008342667748885495,0.8655668411936078,1.1396262390272958,0.0,0.0,0.0
0,-1,136,9.128092500614002,0.00022626310240993314,0.0003365333100500544,3.749726439636309e-05,0.7406743553656976,1.0596675161019111,0.0,0.0,0.0,0.21492946786539896,0.00816895323805511,0.8659853254045758,1.1396262390272958,0.0,0.0,0.0
0,-1,137,9.20812516589649,0.00021973935276286074,0.0003734826210895282,3.939105954486877e-05,0.7689816037428032,1.0715408984897206,0.0,0.0,0.0,0.22052478790283203,0.008214549194755299,0.8661823272705078,1.1396262390272958,0.0,0.0,0.0
0,-1,138,9.090524605708197,0.00021328487660438237,0.00033357804805013235,4.028504626705081e-05,0.746424053189824,1.0647414100980295,0.0,0.0,0.0,0.2124043128320149,0.008162476022594742,0.8656752705574036,1.1396262390272958,0.0,0.0,0.0
0,-1,139,9.08909976342693,0.00020690126647990973,0.0003357226830382732,3.895994109591555e-05,0.7667052933892,1.0678635835647583,0.0,0.0,0.0,0.21284071675368718,0.008171085600874253,0.8645903042384556,1.1396262390272958,0.0,0.0,0.0
0,-1,140,9.19502405449748,0.000200590097449721,0.00034353161994729516,4.033993141136801e-05,0.7649399319898735,1.0712666546256797,0.0,0.0,0.0,0.21945352213723318,0.00807814672589302,0.8665896739278521,1.1396262390272958,0.0,0.0,0.0
0,-1,141,9.101267132442445,0.0001943529267003382,0.00033235116548117395,3.883646696495702e-05,0.7485081999047288,1.0601980761416907,0.0,0.0,0.0,0.2132935609136309,0.00814745728192585,0.8654464398111615,1.1396262390272958,0.0,0.0,0.0
0,-1,142,9.10417585936375,0.00018819129316031527,0.00029950051439035395,3.27306443156965e-05,0.759759824542166,1.0522866243297615,0.0,0.0,0.0,0.21317765329565322,0.008234393550083041,0.8660068511962891,1.1396262390272958,0.0,0.0,0.0
0,-1,143,9.156982879387215,0.00018210671712052948,0.0003023905773111393,3.548441452825571e-05,0.7429811271648963,1.0515847101952265,0.0,0.0,0.0,0.21683982653277262,0.008147981982412083,0.8663127762930733,1.1396262390272958,0.0,0.0,0.0
0,-1,144,9.118600752437487,0.00017610069985907333,0.0002734465107776098,3.39042168792006e-05,0.7649337898180323,1.0678697037465363,0.0,0.0,0.0,0.21438242069312505,0.008196600346959062,0.8656958086150033,1.1396262390272958,0.0,0.0,0.0
0,-1,145,9.103335702326149,0.00017017472327083598,0.00025665717444143,2.859245146680126e-05,0.7538310457201838,1.0651534454336444,0.0,0.0,0.0,0.21332978563649313,0.008202092123350926,0.8656148655073983,1.1396262390272958,0.0,0.0,0.0
0,-1,146,9.164901087293401,0.0001643302495018682,0.0002458998345706648,2.6006908096286618e-05,0.7737553871951057,1.0832422288876136,0.0,0.0,0.0,0.21752552475248063,0.008083038331408585,0.8661374960626874,1.1396262390272958,0.0,0.0,0.0
0,-1,147,9.108495281077921,0.00015856872058862,0.00023915441308364958,2.7688336205438177e-05,0.744562741622184,1.0660541752009716,0.0,0.0,0.0,0.21399644017219543,0.008166191966405936,0.8650545392717633,1.1396262390272958,0.0,0.0,0.0
0,-1,148,9.127213689964265,0.00015289155810213902,0.0002523133716573125,3.253300245472646e-05,0.7718017170730146,1.0756459901633773,0.0,0.0,0.0,0.2149106924022947,0.008125441880630595,0.8659408433096749,1.1396262390272958,0.0,0.0,0.0
0,-1,149,9.125940951984376,0.00014730016279731955,0.00024236245301226605,2.6995273145481952e-05,0.753553641652598,1.0625787024359101,0.0,0.0,0.0,0.21498446805136545,0.008160987536289863,0.8655759266444615,1.1396262390272958,0.0,0.0,0.0
1,1,150,5.474576624576002,0.00014179591426728726,0.0008314012796211156,7.565533001820988e-05,0.20503538058510104,0.29321698873367125,0.48491417696175065,0.0,0.0,0.21831192076206207,0.008092160004058055,0.19149766862392426,0.1128290029508727,0.3303970183644976,0.0,0.0
1,1,151,4.938936696853489,0.00013638017060300505,0.0006716828544633192,7.874855974186732e-05,0.12173552073321296,0.05578574925227073,0.27103573431089084,0.0,0.0,0.20992017643792288,0.008101420410509621,0.1613754779100418,0.08712617148246084,0.29118962585926056,0.0,0.0
1,1,152,4.813005087617785,0.00013105426805818448,0.0006837831158530039,8.523399224340943e-05,0.1143253202577239,0.045889404313005866,0.20720759656244112,0.0,0.0,0.2114075379712241,0.008209807864789451,0.15358797780105046,0.07693026214838028,0.2602903161730085,0.0,0.0
1,1,153,4.726151516195387,0.0001258195207195855,0.0008384171077637997,9.100577284415814e-05,0.10703541056334394,0.03046471469140458,0.1643127533561975,0.0,0.0,0.2057440664087023,0.008342461061796971,0.1601083470242364,0.07118256975497518,0.24042991655213491,0.0,0.0
1,1,154,4.698754984140396,0.00012067722018278456,0.0007831429338164049,9.13351116483258e-05,0.10744769646994119,0.04066488242626769,0.13253033754316348,0.0,0.0,0.20452351442405156,0.008360878697463445,0.15994441509246826,0.07139675744942256,0.22501631932599203,0.0,0.0
1,1,155,4.737845732085407,0.00011562863523349333,0.0007196664143335617,8.643299602712414e-05,0.10611779915476308,0.03090269481130306,0.11026739835449793,0.0,0.0,0.2034079602786473,0.008488313827131475,0.1671653198344367,0.07218864347253527,0.22176906892231532,0.0,0.0
1,1,156,4.712512967269868,0.00011067501153450438,0.0006869660901782799,8.708057670517218e-05,0.1036673653328303,0.029423567674403052,0.093020327461576,0.0,0.0,0.20408499240875244,0.008299103206289666,0.16351970817361558,0.07174029733453478,0.21487044649464743,0.0,0.0
1,1,157,4.618249302450567,0.00010581757131834264,0.000628738717212188,7.029756942783139e-05,0.09965825442550252,0.02318646950032381,0.08061050894914322,0.0,0.0,0.2024329560143607,0.008400892905358757,0.15926680820328848,0.06562153569289617,0.21594751519816263,0.0,0.0
1,1,158,4.647891112137586,0.00010105751308569832,0.0006049419476343228,6.79527656404071e-05,0.10196486896681554,0.02476049274278497,0.06842253632047801,0.0,0.0,0.20751073317868368,0.00825123761647514,0.1554252185991832,0.06443740054965019,0.20849121468407766,0.0,0.0
1,1,159,4.640075803734362,9.639601130971382e-05,0.0005767678006131709,5.769555303858688e-05,0.09833513265385212,0.018132059685705068,0.06154147217285286,0.0,0.0,0.20607046357222966,0.008185616162206446,0.15747948842389242,0.0644549232508455,0.2060701698064804,0.0,0.0
1,1,160,4.491840621782467,9.183421614620087e-05,0.0005460030716296864,5.317457517661557e-05,0.09878974798524263,0.015177117416508568,0.054770327236467194,0.0,0.0,0.20071125030517578,0.008244589869199055,0.15340587496757507,0.0583076687263591,0.20310883224010468,0.0,0.0
1,1,161,4.5889296508859845,8.737325314985648e-05,0.0005139405028193791,5.234414081835726e-05,0.1025360240374954,0.02871712723981987,0.0512281054793631,0.0,0.0,0.20181709740843093,0.008239333218495761,0.15860517748764583,0.06530031668288368,0.19782356492110661,0.0,0.0
1,1,162,4.566820525377989,8.301422299654911e-05,0.0004752354862539152,4.83090607657095e-05,0.09889449099603209,0.026235152533259785,0.04727301128136301,0.0,0.0,0.19785818244729722,0.008303287306002207,0.16301486108984267,0.0657634756394795,0.1960494326693671,0.0,0.0
1,1,163,4.579830842651427,7.875820121174359e-05,0.00047227074459954663,4.370092396023661e-05,0.10132426869811363,0.022654629366707455,0.04342859623573937,0.0,0.0,0.20204474031925201,0.0082035648769566,0.16059109994343349,0.062202371922986846,0.19175031568322862,0.0,0.0
1,1,164,4.4958196295890955,7.460623790513107e-05,0.00043772245888390297,4.255764210894501e-05,0.09766477245150261,0.016821510224033474,0.039845740928956604,0.0,0.0,0.19819103181362152,0.008237245126760431,0.15754480340651103,0.06053573691419193,0.19560098009450094,0.0,0.0
1,1,165,4.524955096654594,7.05593575115301e-05,0.0004261807774225232,3.7807020402114465e-05,0.09940088847742497,0.019462285242359906,0.03802848135311048,0.0,0.0,0.19900246603148325,0.008253359235823154,0.15730524488857814,0.06321900604026658,0.19639614437307631,0.0,0.0
1,1,166,4.601883194455877,6.661855853812344e-05,0.00042668416970680713,3.564329485528203e-05,0.10348067157766194,0.024525707198795186,0.035163945418972414,0.0,0.0,0.2018654559339796,0.008186978720394629,0.16219327279499599,0.06396204179951123,0.1933867973940713,0.0,0.0
1,1,167,4.606667969236151,6.278481331809015e-05,0.0004028046243141396,3.3726791125180843e-05,0.10173168308237224,0.021229762999901494,0.030822003133667324,0.0,0.0,0.20351555943489075,0.008255951671994157,0.159073999949864,0.0638346467167139,0.19899706968239375,0.0,0.0
1,1,168,4.6179864235688,5.9059067770697614e-05,0.00040916196190417535,3.474684370267974e-05,0.09989628810616373,0.018187843823751198,0.02816863971066128,0.0,0.0,0.20468869592462266,0.008272377674334816,0.15736629388162068,0.06504324903445584,0.19653033784457616,0.0,0.0
1,1,169,4.53353385454975,5.544224116791029e-05,0.00038850420715233074,3.2887543463040804e-05,0.10081534702511667,0.01626485913485578,0.02520786356000067,0.0,0.0,0.19799219071865082,0.008266649042655314,0.16016932044710433,0.06371305882930756,0.19514283750738418,0.0,0.0
1,1,170,4.5499559754971415,5.193522590757254e-05,0.0003722318283110423,3.3072373033735735e-05,0.10197559635616044,0.022276233058892987,0.025281716138124466,0.0,0.0,0.19767020429883683,0.00822612886050982,0.16068052181175776,0.06642740672188145,0.1931924479348319,0.0,0.0
1,1,171,4.5499892986845225,4.853888729322333e-05,0.0003628708347022642,3.3620129065594895e-05,0.10300447914785552,0.021895168900706814,0.023585427190782954,0.0,0.0,0.2013400707926069,0.008305178788889731,0.15590052413088934,0.06360819456832749,0.195044321673257,0.0,0.0
1,1,172,4.632916013570503,4.525406332059519e-05,0.0003495774838227996,2.7353504962766504e-05,0.10161036513384106,0.015274426115459754,0.022200123253233225,0.0,0.0,0.20348642553601945,0.00824879898157503,0.16054246042455947,0.06658213771879673,0.19498896598815918,0.0,0.0
1,1,173,4.641426671668887,4.2081564470851536e-05,0.00033572222076772343,2.5688495864335546e-05,0.09882933856214135,0.018297647105674577,0.021138766798579577,0.0,0.0,0.20223777209009444,0.008303166766251837,0.16281706520489284,0.06787331455520221,0.19591862389019557,0.0,0.0
1,1,174,4.582334307488054,3.9022173510612386e-05,0.0003319727836145106,2.604023222057081e-05,0.09738888555360072,0.01027145508215627,0.019656713373814392,0.0,0.0,0.20219587002481734,0.008289373546306576,0.1584730244108609,0.06430942618421145,0.19155622592994145,0.0,0.0
1,1,175,4.59616372208111,3.6076645298818454e-05,0.0003225403109981308,2.683858320840919e-05,0.10063783889545978,0.016275178234192354,0.01962808296265243,0.0,0.0,0.20242962666920253,0.00825813741955374,0.159226370709283,0.0648963525891304,0.19354703383786337,0.0,0.0
1,1,176,4.605448733316734,3.324570660048124e-05,0.000316345675970491,2.5096239952087396e-05,0.09945348708085644,0.012530648463758306,0.018541036155617353,0.0,0.0,0.20064699011189596,0.00828415943708803,0.1622119482074465,0.06676157989672252,0.1936957985162735,0.0,0.0
1,1,177,4.587257361970842,3.0530055907364385e-05,0.0002999207317417723,2.3105467997225188e-05,0.09988270461269953,0.016567103356773992,0.018239117851390423,0.0,0.0,0.20063965448311397,0.00828887615352869,0.16065810514347895,0.06592542571680886,0.1917076430150441,0.0,0.0
1,1,178,4.592297635553405,2.7930363265641128e-05,0.0003092331949958252,2.462589253306398e-05,0.10027866362078676,0.017767129922556937,0.01794479301796087,0.0,0.0,0.1999490878411702,0.00824043936362224,0.16175551499639237,0.06693908891507558,0.19209300407341548,0.0,0.0
1,1,179,4.544629278406501,2.5447270110570814e-05,0.0002979995763083034,2.1455619848761098e-05,0.09740592126996772,0.012165947550527969,0.016409695862783392,0.0,0.0,0.1995515057018825,0.008266429283789225,0.15791941114834376,0.06473418032484395,0.19209721897329604,0.0,0.0
1,1,180,4.614635489927605,2.3081389108234106e-05,0.0002987312049281702,2.1800793282398322e-05,0.10174888314552677,0.0165080357189245,0.016679277498889894,0.0,0.0,0.20280106365680695,0.008293967328167387,0.15963218467576162,0.0665581931493112,0.19147168951375143,0.0,0.0
1,1,181,4.589979440113529,2.0833304004366997e-05,0.00028449843608823974,2.117350624793139e-05,0.0975319892168045,0.01271125316864006,0.01573334494153562,0.0,0.0,0.20114179168428695,0.008267032747556056,0.16011656395026616,0.06604497640260629,0.18999192118644714,0.0,0.0
1,1,182,4.614884324837476,1.8703569480329918e-05,0.0002835241250368287,2.1498011988423793e-05,0.09598764205731235,0.011111467787362998,0.014965515176865082,0.0,0.0,0.2030010265963418,0.008308757695236377,0.16026415995189122,0.06557920788015638,0.1911501054252897,0.0,0.0
1,1,183,4.5850669802632185,1.6692711016248837e-05,0.00028193823202599057,2.11872584082653e-05,0.10062572851921749,0.015538167477431662,0.015119408221137755,0.0,0.0,0.20123999885150365,0.008258358941280417,0.15971406655652182,0.0653291153056281,0.19228030102593557,0.0,0.0
1,1,184,4.610027978895232,1.4801224761360563e-05,0.00027793989792574667,2.0256148275718076e-05,0.10075702565242943,0.015452291353072212,0.014857976001153872,0.0,0.0,0.20132352198873246,0.008290729984374983,0.16149725764989853,0.06718175618776254,0.18958637756960733,0.0,0.0
1,1,185,4.570434207795188,1.3029577411595713e-05,0.0002733687778371974,1.988281546447661e-05,0.10188604363249344,0.01619082470469683,0.014939232259193093,0.0,0.0,0.20177345403603145,0.008318660082295537,0.15712563267775945,0.06493708677589893,0.18990884934152877,0.0,0.0
1,1,186,4.611491238651797,1.1378206094427955e-05,0.00027238577194579704,1.994664155981544e-05,0.09694833554399823,0.011311277304097865,0.013847652189795253,0.0,0.0,0.2029955110379628,0.008303047656746847,0.1590941133243697,0.06635092624596187,0.19045353361538478,0.0,0.0
1,1,187,4.597582312813029,9.847518261019985e-06,0.0002626496781391607,1.924836539101925e-05,0.10252666994205957,0.016551481930593265,0.014630177673133253,0.0,0.0,0.20219181052276067,0.008322619134560227,0.15872072854212352,0.06625111241425787,0.19119392122541154,0.0,0.0
1,1,188,4.600785936135798,8.437891585690453e-06,0.0002668056665587429,1.8326962145313268e-05,0.10046508394688078,0.013179835503993249,0.013875950778861649,0.0,0.0,0.2014865619795663,0.008290775452873536,0.16058209112712316,0.06633198713617665,0.19077156058379582,0.0,0.0
1,1,189,4.575479909777641,7.149673872728739e-06,0.00026205646578285807,1.900217531214172e-05,0.10239620166785508,0.018084343228923175,0.014340512960859872,0.0,0.0,0.2018405305487769,0.008268738431589944,0.15745097185884202,0.06514635043484825,0.190928652882576,0.0,0.0
1,1,190,4.606197678484023,5.983182970579511e-06,0.00026693763095519317,1.9667907093834694e-05,0.10549764313454767,0.019758304409248736,0.014409617041644542,0.0,0.0,0.20251426313604629,0.008261058612593583,0.15930322770561492,0.06639193264501435,0.1904349454811641,0.0,0.0
1,1,191,4.600725517701358,4.938706693418357e-06,0.0002552866093696827,1.8483649177301012e-05,0.09966695938006188,0.0141134172885959,0.013221700585365873,0.0,0.0,0.20135212583201273,0.008287441983286823,0.16015125811100006,0.06705734080501966,0.19046209965433394,0.0,0.0
1,1,192,4.607698611635715,4.016502750137792e-06,0.00025703573983176206,1.9116472076436445e-05,0.10046344547017107,0.014569419056394146,0.013666998441285879,0.0,0.0,0.2020426584141595,0.008299100146229779,0.16028541965144022,0.06649136117526463,0.19081461003848485,0.0,0.0
1,1,193,4.595595296379178,3.2167986807615416e-06,0.00025226146285648197,1.8430597433021848e-05,0.101575514211238,0.012179164862422978,0.013065206981038005,0.0,0.0,0.2020777314901352,0.008288328070193529,0.15907751555953706,0.06592459843627044,0.19067708722182683,0.0,0.0
1,1,194,4.6144259594846515,2.539791800302582e-06,0.00025502750446604,1.794892310517223e-05,0.09858767355530007,0.013043579082592453,0.0131875110102944,0.0,0.0,0.20252501964569092,0.008276128509481038,0.16015696632010595,0.06667498791856426,0.19045586458274297,0.0,0.0
1,1,195,4.602867044042796,1.9856491500783564e-06,0.0002537363970898616,1.8597771892565963e-05,0.1039305565860665,0.015616252527852516,0.0140601481103058,0.0,0.0,0.20202660134860448,0.00827481537791235,0.15977758594921657,0.06639147070901734,0.19055360129901341,0.0,0.0
1,1,196,4.585185206960887,1.5545074564960331e-06,0.000257688168593393,1.8333648458969195e-05,0.1034459048538532,0.017040357522630285,0.01381118265568342,0.0,0.0,0.201356012906347,0.00829725546230163,0.1590579492705209,0.06594404737864222,0.19015180213110788,0.0,0.0
1,1,197,4.591143046459183,1.2464730973170658e-06,0.00025362824810356877,1.7531281725310797e-05,0.10240061342426875,0.01596137597361236,0.013771814113320078,0.0,0.0,0.20150163769721985,0.008285432222432323,0.1594068365437644,0.06618042609521321,0.1900160780974797,0.0,0.0
1,1,198,4.602857610583305,1.0616220754105364e-06,0.0002546010090228062,1.8553210493248947e-05,0.10481476747584574,0.021295771864016804,0.0143698268271621,0.0,0.0,0.2021892773253577,0.008288915402122907,0.15953154968363897,0.06633732281625271,0.19014744673456466,0.0,0.0
1,1,199,4.605790500622243,0.001,0.0002486351221908354,1.7686061758830017e-05,0.09878433926157582,0.014279481161440026,0.01330324992971513,0.0,0.0,0.20234201422759465,0.00828833578686629,0.1595464242356164,0.0664111367825951,0.19040146257196153,0.0,0.0
1,2,200,4.667802340723574,0.0009999845942435725,0.040989377963677666,0.004608328795089195,0.1183447738006277,0.037670718745590706,0.10345964659077739,0.7263938281142596,0.0,0.17315327056816646,0.00869402861488717,0.16732164791652135,0.05972255952656269,0.17040983055319106,0.6774314556803022,0.0
1,2,201,5.056184986466542,0.0009999383779245895,0.02466110010785096,0.004356706181532043,0.10750976277207866,0.025659182872984885,0.05418016732607073,0.6224753428431391,0.0,0.22826502791472844,0.008852933965889471,0.12788537570408412,0.05022133381239006,0.16867953538894653,0.6195448807307652,0.0
1,2,202,5.300348229054362,0.0009998613538938913,0.01563868563152054,0.00327106340600684,0.10548692471483379,0.02700947473747927,0.03133960160453921,0.5758414835605806,0.0,0.23810274473258428,0.008213188565735306,0.1460345440677234,0.05012538683201585,0.17356382310390472,0.592576129095895,0.0
1,2,203,5.002844094997272,0.0009997535269026829,0.01063410781812176,0.0021561548776147,0.10565164461008554,0.02429034347980491,0.02211845570325273,0.549198973526075,0.0,0.21081891443048204,0.007925001338922552,0.15290536625044687,0.05939188839069435,0.1587277821132115,0.5695915051868984,0.0
1,2,204,4.611196915060281,0.0009996149036022412,0.008317206308100988,0.0019277246975231445,0.10426835397493492,0.016090849217805035,0.018311362044469825,0.5306968110278972,0.0,0.19698897004127502,0.00797719375363418,0.1358373122555869,0.049299367038267,0.15486474015883037,0.5616412929126194,0.0
1,2,205,4.3009002527222036,0.000999445492543504,0.0064426371375623254,0.0014503382387100854,0.10008623038680808,0.01692623760352291,0.014545958615767145,0.5221009908370602,0.0,0.17543415512357438,0.00837599313152688,0.13248803998742784,0.050956440291234424,0.15669510407107218,0.5605602775301252,0.0
1,2,206,5.04680283870548,0.0009992453041765437,0.005479211717825926,0.0013713396019562265,0.10419560643365082,0.01613704863375107,0.012263437877725629,0.5048948442472995,0.0,0.21813951858452388,0.00920973571815661,0.14635465081248963,0.056864079886249135,0.17382860822337015,0.548814696925027,0.0
1,2,207,4.535463611315936,0.0009990143508499217,0.0049722284187101624,0.001215551553737119,0.10430704614201795,0.01763828760645922,0.01120557208789639,0.49584575011892223,0.0,0.19925259905202047,0.007987439831984895,0.12719858969960893,0.04489709995687008,0.14565530312912806,0.5476951513971601,0.0
1,2,208,4.753286209888756,0.000998752646809927,0.0039313092547495964,0.0007877568166151426,0.1018991964389977,0.015212435659599824,0.010013557997649735,0.492450543398996,0.0,0.20576346133436477,0.00874921479927642,0.13699473653520858,0.052045228758028576,0.15218084837709153,0.5450669952801296,0.0
1,2,209,4.579161400813609,0.0009984602081996976,0.003401764994035068,0.0006434431752230683,0.10117227121174914,0.017019276461988978,0.008571350146808382,0.484977360489299,0.0,0.18744731162275588,0.008723118542028325,0.14521977411849157,0.0545999567423548,0.16274660932166235,0.5445378082139152,0.0
1,2,210,4.621695317607373,0.0009981370530582241,0.00317490294358684,0.0005448612455703607,0.10675468002852884,0.02359544034387229,0.009746184283234541,0.4786727254830518,0.0,0.1994081437587738,0.008925035795462983,0.13572259779487336,0.047450688534549305,0.16310330161026546,0.530172484261649,0.0
1,2,211,4.601037030434236,0.0009977832013192385,0.0028438603604953845,0.0004495258515958394,0.10321471514632401,0.015293533992908389,0.00798929562267748,0.47184500590111444,0.0,0.19250298185007914,0.00822733685241214,0.13954887752022063,0.05481015332043171,0.16324025711842946,0.5337464724268232,0.0
1,2,212,4.731384930666536,0.0009973986748099824,0.0027696225957185463,0.0005646571932356009,0.10292433513310349,0.01955490399296712,0.008623289084514079,0.46663218273699864,0.0,0.20099214996610368,0.008685246841715915,0.13679721845047815,0.05791095644235611,0.16853247157164983,0.5368116412843976,0.0
1,2,213,4.595901774521917,0.0009969834972498623,0.002995210481599624,0.000514067525215881,0.10204168430809836,0.01419208542154469,0.007512745732278789,0.4672275686148301,0.0,0.19249808362552098,0.008751158935150929,0.1400037333369255,0.05440569509352956,0.15683796469654357,0.5271684527397156,0.0
1,2,214,4.470588385174051,0.0009965376942489858,0.0028200953773864844,0.00043974557775072753,0.10241228573530622,0.013463617711626356,0.007503327264821211,0.4606045632107744,0.0,0.1862794075693403,0.00808975609418537,0.1387981048652104,0.05029543702091489,0.1666341179183551,0.5224995868546622,0.0
1,2,215,4.750285981036723,0.0009960612933065818,0.00258793951875702,0.0005398252176446388,0.09777844357259065,0.01051346402280756,0.005886876119246471,0.45415984253281527,0.0,0.20388735830783844,0.008010960716222013,0.14149647525378636,0.05360743190561022,0.15581697119133814,0.5214100139481681,0.0
1,2,216,4.627152273152023,0.0009955543238093045,0.0028441595286583005,0.0004577735529080015,0.09979621595838695,0.012216689286626947,0.00714713469762536,0.45309461609831136,0.0,0.19755289384296962,0.008100465006594147,0.13858646473714284,0.05082621718091624,0.1647619903087616,0.5192661966596331,0.0
1,2,217,4.647687228396535,0.0009950168170294205,0.003107736985768797,0.0005570423585313001,0.10305729718173592,0.01405780253145229,0.007065006294423371,0.45081120903052174,0.0,0.19811612793377467,0.008537408230560166,0.13626053822892054,0.05366070621779987,0.17209532856941223,0.52054876940591,0.0
1,2,218,4.659034767374396,0.0009944488061228802,0.0026644858886551077,0.00041812038822189985,0.10067144983891145,0.011398370450055137,0.006326789314433643,0.445105673618687,0.0,0.2028182532106127,0.00817460726414408,0.13310023290770395,0.0508196090481111,0.1605631900685174,0.517891206911632,0.0
1,2,219,4.860957956220955,0.0009938503261272714,0.0019847442943024115,0.0003216014249596148,0.10098509331351345,0.013074120755298334,0.006058324469723603,0.44240270800960874,0.0,0.20021591016224452,0.00799845445102879,0.15635461466653006,0.0630490817129612,0.15468503960541316,0.5112009005887168,0.0
1,2,220,4.633335369359702,0.0009932214139596594,0.0017887711427762236,0.0002864095321924254,0.10134366545283678,0.016098088903569625,0.005965809638440175,0.4379319126166186,0.0,0.20041126012802124,0.0080932040166642,0.13703024706670217,0.049843256760920794,0.14899776237351553,0.512160484279905,0.0
1,2,221,4.705951750464737,0.0009925621084143096,0.0019638156473130277,0.0003735705285736595,0.10072253810838588,0.009731473645321953,0.005265221512849325,0.438202053019144,0.0,0.1994693981749671,0.00832328905484506,0.14266167687518255,0.05597656379852976,0.1532586972628321,0.5105262569018773,0.0
1,2,222,4.400643928023055,0.0009918724501602931,0.0018606477471303593,0.0003733579084916872,0.09981649318366374,0.009549984954821976,0.005423205264943462,0.4345357282069123,0.0,0.1842117245708193,0.007942757336422801,0.13709242641925812,0.049024345885430066,0.1529829672404698,0.508821427822113,0.0
1,2,223,4.693687775079161,0.00099115248173898,0.004116067241253422,0.0006827899901641677,0.09660336570542993,0.011542345899003513,0.007573464727119624,0.43408977724973435,0.0,0.2020799858229501,0.007892709558031388,0.1384387473974909,0.05433315517646926,0.1488388649054936,0.5081835474286761,0.0
1,2,224,4.5683609926141795,0.0009904022475614137,0.0033546857088261727,0.000715717209477059,0.1038004653980431,0.013108703633318248,0.00680851716394491,0.4310876541924708,0.0,0.19795867587838853,0.008625685569963284,0.13315082554306304,0.04898522568068334,0.1552423025880541,0.5041968013559069,0.0
1,2,225,4.720342434942722,0.000989621793905572,0.002635323479816824,0.00045565873154470676,0.10317564032320838,0.012258349124396455,0.006494476211266321,0.4263304917557726,0.0,0.19935640266963414,0.00807738650057997,0.14569843773330962,0.055080744570919445,0.16178980043956212,0.5058627937521253,0.0
1,2,226,4.614474101923406,0.000988811168913513,0.002553648654443836,0.0004991390152514496,0.10998862533314714,0.01833255559169841,0.00746949498306562,0.4247627596832016,0.0,0.19515274252210343,0.007949495555034705,0.14131663739681244,0.053409219586423466,0.1597365066409111,0.502560977424894,0.0
1,2,227,4.779858295340091,0.0009879704225884043,0.0027840167523623957,0.0005838362496115666,0.10425622551475913,0.012962764542712604,0.006804159428761567,0.4244536416044513,0.0,0.2035960704088211,0.007825508248060942,0.15008218267134257,0.05312056094408035,0.15006870669978006,0.4960963598319462,0.0
1,2,228,4.434532988164574,0.0009870996067914398,0.0027175921374859597,0.0004906953596148315,0.10340976006197698,0.015672125075988978,0.0064896759102392254,0.41889005436480625,0.0,0.18357050631727492,0.008202839709286178,0.1410183310508728,0.053291993747864454,0.147311127611569,0.49119422691208975,0.0
1,2,229,4.871107075829059,0.0009861987752386395,0.00204678720826265,0.0003457032565086248,0.10647891613754254,0.020105877870838475,0.006323589301369723,0.41507198307120685,0.0,0.21765691254820144,0.008510134382439511,0.13686191929238184,0.05083325159336839,0.14786161375897272,0.4956714766366141,0.0
1,2,230,4.5505026402883235,0.000985267983497537,0.0016961870522880294,0.0002522299982250207,0.10245746460933129,0.01235102260376788,0.005368126556277275,0.4127365046913184,0.0,0.19999962832246507,0.008091603738388844,0.13023273859705245,0.04754447750747204,0.1498385699731963,0.49219872270311626,0.0
1,2,231,4.657221246138215,0.0009843072889837512,0.0016519179289654186,0.0002837147508878984,0.10359087354928545,0.01452220175008389,0.005420719820427374,0.4124749725304761,0.0,0.19917706293719156,0.007648061694843429,0.1405269620673997,0.0537925830909184,0.15599592242922103,0.49395995906421114,0.0
1,2,232,4.571412580087781,0.0009833167509574452,0.0016380948900670102,0.0002705505871789268,0.09844872131220346,0.010981019059630129,0.004220955638956387,0.4104472919575219,0.0,0.19587038457393646,0.007876896698560034,0.137951954134873,0.05111563205718994,0.15228626344885146,0.4914506162915911,0.0
1,2,233,4.611296681128442,0.0009822964305196702,0.0018428966653922085,0.0002704020681069346,0.09939601200008855,0.009074254103854876,0.004862790425461762,0.4098755361385716,0.0,0.19728065175669535,0.00814852663981063,0.13919651189020701,0.052580233929412704,0.1504319565636771,0.4922689710344587,0.0
1,2,234,4.771062545571477,0.0009812463906085968,0.0020944036654133385,0.0003104223374552003,0.1049756535771981,0.011962867502430544,0.005611299661449292,0.40870258125286657,0.0,0.20497813395091466,0.007845420722982712,0.14293769959892547,0.05433559364506176,0.16648472526243754,0.49856909258025034,0.0
1,2,235,4.3865259166341275,0.000980166695995633,0.001862450275633448,0.000355328347882057,0.10268327514234099,0.011316873698305446,0.005305788246914744,0.40397077480566157,0.0,0.18633544445037842,0.007730588150609817,0.13278691364186151,0.04999619083745139,0.15014735183545522,0.48447242804936,0.0
1,2,236,4.631878000311554,0.0009790574132814286,0.0019316529963635705,0.00035241216483855966,0.10107891449650515,0.010195682611931297,0.005037115890198179,0.4012264447304809,0.0,0.2018831648996898,0.007929536780076367,0.1359346466405051,0.04974450969270298,0.1555741855076381,0.487644157239369,0.0
1,2,237,4.713069184124469,0.000977918610891766,0.0018577854639570256,0.0003499981346234987,0.10231851214922748,0.01184497797382471,0.004862749892585341,0.4019987794380743,0.0,0.20015963912010193,0.007988903671503067,0.14292233330862864,0.05828224069305828,0.1566006200654166,0.4812277981213161,0.0
1,2,238,4.498776271054521,0.0009767503590733411,0.0023701921991497567,0.0004447275737088029,0.10553870805837576,0.014815225412852122,0.005418666589833362,0.4043527633241079,0.0,0.19571008213928767,0.00784125687953617,0.13260309185300553,0.04844389323677335,0.148389461849417,0.4753497200352805,0.0
1,2,239,4.518350864481181,0.0009755527298894294,0.0020581413573558323,0.0003886476884007192,0.09997128188899419,0.010979851517934822,0.004363448096855173,0.39730112298021036,0.0,0.19421603849955968,0.00776112445497087,0.1346642247268132,0.05176634341478348,0.15050788117306574,0.47804137212889536,0.0
1,2,240,4.498775392770767,0.0009743257972154397,0.0016860514562757848,0.0003266617214534368,0.09880247596398141,0.008408256824517134,0.0036024954396037803,0.39738170122637334,0.0,0.1906090740646635,0.007806691208056041,0.13905569804566248,0.05189036684376853,0.14999858077083314,0.47711436663355145,0.0
1,2,241,4.758569648908451,0.000973069636734359,0.001812643728680113,0.0003513956348664914,0.10253269341096137,0.010609557313021743,0.004780522661817089,0.3935928961027016,0.0,0.2112384864262172,0.00773112998077912,0.1348878773195403,0.05016030690499714,0.1603531613945961,0.48504060932568144,0.0
1,2,242,4.520271860901266,0.0009717843259320828,0.0022124390918038133,0.00034888481760275486,0.10446814498276387,0.010685618573492303,0.005793870528436546,0.39377810567328075,0.0,0.19381102068083628,0.0077763777891440055,0.1358922283564295,0.050642138080937524,0.15367885572569712,0.48452451825141907,0.0
1,2,243,4.547442683763802,0.0009704699440926358,0.002364785387858893,0.0004136815287248521,0.0998595375748514,0.009594412427847681,0.0051241954246047635,0.3935175734816246,0.0,0.1953278354236058,0.007974092848598957,0.1373019888997078,0.051579799236995835,0.1453893482685089,0.4758418244974954,0.0
1,2,244,4.427220316324383,0.000969126572293281,0.0027368033318373474,0.00044054259737960323,0.10164705765189476,0.013187515221590411,0.005207338374903769,0.3928708332834892,0.0,0.19157429890973227,0.0080452535434493,0.12634290967668807,0.05170080039118018,0.15053202956914902,0.4816928080150059,0.0
1,2,245,4.567827679216862,0.0009677542933995189,0.0023996424827344934,0.00044326765514464904,0.10318329749466146,0.013499282847511248,0.005507416957627656,0.3931181372948063,0.0,0.19852920728070395,0.007422319746443203,0.13610337993928365,0.05021112811352525,0.14309237897396088,0.4744233105863844,0.0
1,2,246,4.276898559974507,0.0009663531920599757,0.0020808578464338212,0.0004642446340599721,0.10403148967374876,0.016290667435172403,0.004975082213737215,0.3887554401332892,0.0,0.1736538303749902,0.007555265412000673,0.13979415063347136,0.053983760731560845,0.1480356486780303,0.47541106172970365,0.0
1,2,247,4.43859395692125,0.0009649233547011816,0.002691723110190439,0.0004747767010997547,0.10101466307651649,0.012213138085835188,0.004654371944816729,0.38519155082193396,0.0,0.1857136275087084,0.00790146372414061,0.14169543768678391,0.0512968831296478,0.14445842908961432,0.4731796852179936,0.0
1,2,248,4.384215071797371,0.0009634648695222404,0.0019281788952919899,0.0003036983162548972,0.10047672493654547,0.008708789282324679,0.004102003490507097,0.38372245546683525,0.0,0.18658328694956644,0.007733313898955073,0.1348949202469417,0.048697466030716896,0.1502599897129195,0.4679816578115736,0.0
1,2,249,4.4998152513057,0.0009619778264893878,0.0016562386610301085,0.00029316935958103414,0.09847250334846164,0.009075104870417527,0.00411776647658892,0.38069022511972966,0.0,0.19406394447599137,0.007684447669557163,0.13453823328018188,0.05034836275236947,0.14902410869087493,0.472294066633497,0.0
1,2,250,4.4781271976418795,0.0009604623173304428,0.0015863150016865828,0.00023741757326806867,0.09959354114185259,0.009047807060923535,0.004292106426556061,0.38123969574576444,0.0,0.19123402025018418,0.008010819886944123,0.13633333785193308,0.05119457122470651,0.14612998068332672,0.4711268927369799,0.0
1,2,251,4.358235445944592,0.0009589184355291487,0.0018805945427744712,0.00025879105990859953,0.09975617762329508,0.008204367160977959,0.0043817304709962415,0.38075981788264895,0.0,0.18551291525363922,0.007558771908017141,0.13480356442076818,0.04817911663225719,0.1444277646286147,0.465950037751879,0.0
1,2,252,4.3139490055851635,0.0009573462763194077,0.0016300724271133325,0.00020112611115480618,0.10509057567246909,0.010121990922042757,0.0049934791981974995,0.3821480470953636,0.0,0.18082466082913534,0.007957813396517719,0.13488429359027318,0.0491408354469708,0.15364121752125875,0.47282043525150846,0.0
1,2,253,4.633883902523666,0.000955745936679405,0.001221235546518515,0.00019030798087009564,0.1019600179154896,0.009940233544980004,0.004215043130809966,0.37994378515817584,0.0,0.2067258208990097,0.007574508299252817,0.13146155646869115,0.04876093433371612,0.14474299337182725,0.46260474409375874,0.0
1,2,254,4.333259453531355,0.0009541175153256283,0.0013037648563978524,0.0002196921570818799,0.10094566097103276,0.008858371424280758,0.0037736703237084652,0.3774035136097843,0.0,0.18146434000560216,0.007791255401181323,0.13596801885536738,0.050829319549458366,0.14859039442879812,0.46660751530102323,0.0
1,2,255,4.274797734059393,0.0009524611127067769,0.0014945804955238857,0.0002998014511054526,0.09766110770621346,0.008013854112964377,0.0035991230640488054,0.3771043521107979,0.0,0.17781440700803483,0.008064292504319124,0.13453492096492223,0.05077820271253586,0.1483404529946191,0.46845115082604544,0.0
1,2,256,4.467370008537546,0.0009507768309975668,0.0018863704098497057,0.0003666733572422301,0.1041341089073894,0.011081441466072664,0.0049315961202136376,0.3735808032808952,0.0,0.1886785967009408,0.007498282440272825,0.13955052303416388,0.053408464949045865,0.1451135969587735,0.4586989198412214,0.0
1,2,257,4.466393904155121,0.0009490647740924275,0.0018197707051989956,0.0003508479969188327,0.1007437758798738,0.007895794807869977,0.0037074530524319237,0.37578853125711087,0.0,0.1937292558806283,0.0077438191843352145,0.13287063262292317,0.049215229228138924,0.1455933994480542,0.46208739280700684,0.0
1,2,258,4.397917051520198,0.0009473250475990937,0.0015669353679274615,0.00030938848537066273,0.10863091883439462,0.014945553963804998,0.005491744202462215,0.3752959434268544,0.0,0.1806426750762122,0.008011557893561465,0.14085877793175833,0.05768479513270514,0.1482171235339982,0.45611671039036344,0.0
1,2,259,4.598424607189372,0.0009455577588320898,0.001344796787784661,0.0002672451018687514,0.10324309744591852,0.015699053734757946,0.0041748001997458555,0.3715651049775985,0.0,0.1926455306155341,0.007494664518162608,0.14265822619199753,0.06059489585459232,0.14529719416584289,0.4634923381464822,0.0
1,2,260,4.878936326224357,0.0009437630168061122,0.001631718117617143,0.00028849539256008177,0.09905816433788503,0.011546012344182406,0.004067485811848881,0.37119040732244846,0.0,0.2076478259904044,0.008373070574764694,0.15550569551331656,0.05688352829643658,0.14552604407072067,0.4638035297393799,0.0
1,2,261,4.285204030526802,0.0009419409322293026,0.0015892609388757388,0.000267211823934436,0.10321124418846613,0.0114410446608638,0.004814283490560732,0.3720893486610894,0.0,0.18220138124057225,0.007812733063474298,0.1316413198198591,0.048193734272250106,0.14458112844399043,0.45663341879844666,0.0
1,2,262,4.401410870626568,0.0009400916174964206,0.0022718016379196376,0.00037666356309149775,0.10400205886769064,0.012758611455035297,0.005162513826169001,0.3689446078920827,0.0,0.18316697009972163,0.008180057629942894,0.14026651744331634,0.054307296339954646,0.14365676577602113,0.45319493327822,0.0
1,2,263,4.212623719405383,0.0009382151866819099,0.0020447512659090526,0.00030943713669701327,0.0984106724629703,0.008299807683356758,0.004356227939478257,0.3729330260776779,0.0,0.1730202223573412,0.00771548885053822,0.1374148034623691,0.05127849456455026,0.14121092430182866,0.4523306446416037,0.0
1,2,264,4.374611307587474,0.0009363117555328623,0.0012703331190758176,0.0002015526497593032,0.10330729808622194,0.010186532755310023,0.004203820691525357,0.36865787945904777,0.0,0.18708600742476328,0.007527833471872977,0.13361599296331406,0.04989995674363205,0.1446167454123497,0.4526699994291578,0.0
1,2,265,4.6154608756303785,0.0009343814414618767,0.001308696918094585,0.0002128731279458186,0.0996587088385832,0.009161812361799975,0.0037747096356221485,0.36515496222718247,0.0,0.20248419897896902,0.007705910929611751,0.1349537202290126,0.05148019960948399,0.1459144332579204,0.45651881609644207,0.0
1,2,266,4.213664757646621,0.0009324243635398176,0.0016553189008704668,0.0002187416456171845,0.10388547138681689,0.011511928015343339,0.004559519422665527,0.3663696655370657,0.0,0.17385831901005336,0.007036265384938035,0.13593074998685292,0.05150202156177589,0.1439988762140274,0.4536654566015516,0.0
1,2,267,4.415579202864319,0.00093044064248847,0.0014763273913594125,0.00020605446945975344,0.09901990368962288,0.008273489329086852,0.0036069018194379594,0.3611695867719002,0.0,0.18861621192523412,0.007790550389992339,0.13543860082115447,0.04958203062415123,0.14905274233647756,0.45848149061203003,0.0
1,2,268,4.3169983892701564,0.0009284304006730925,0.00115729517357659,0.00018754958932952576,0.09797843618011012,0.008015852211296413,0.0030446830137804584,0.3596263773811674,0.0,0.18360571776117598,0.007704926322081259,0.13272854047162191,0.0485419367573091,0.15064276541982377,0.4546293999467577,0.0
1,2,269,4.4363843408413235,0.0009263937620948692,0.0013028166852484557,0.00026076097877467846,0.10466220063491932,0.01046627898501612,0.004491766725974248,0.363716464598202,0.0,0.1921947726181575,0.007849380972662143,0.13133596628904343,0.04949546445693288,0.15054516813584737,0.4564431778022221,0.0
1,2,270,4.327144442312419,0.0009243308523832612,0.0014226890176995792,0.00021218229763354492,0.10176099004965385,0.009700730402311944,0.004166684349664279,0.36053143311472774,0.0,0.1807650285107749,0.007778627132730824,0.13627897202968597,0.05201034487358162,0.15059575332062586,0.45505915369306293,0.0
1,2,271,4.119981827307493,0.0009222417987882566,0.0016640451729966743,0.00023856078218318323,0.09860760006077081,0.0076719101798693535,0.0032345698626476873,0.3596115251189297,0.0,0.1732417983668191,0.007588131020643881,0.12756405345031194,0.04641090399984803,0.1521630510687828,0.4530584216117859,0.0
1,2,272,4.560908325389027,0.0009201267301725216,0.0015541809154403152,0.00024509125891976845,0.10140344417355593,0.008694519962464432,0.0036339455236707933,0.35651574696151955,0.0,0.1986048562186105,0.007643954030105046,0.13555480539798737,0.05084756522306374,0.15166526713541575,0.45135768396513803,0.0
1,2,273,4.4328052857890725,0.0009179857770034512,0.001560917539517531,0.00024239916760034777,0.10147129303043328,0.00912483779315665,0.003435502352093536,0.35692133920863994,0.0,0.1878783596413476,0.007903990601854665,0.13825285966907228,0.051180358443941386,0.14887960787330354,0.4527600918497358,0.0
1,2,274,4.5608321719337255,0.0009158190713451216,0.0013361235083650471,0.00023091348395733733,0.10085500516359089,0.00919528656584907,0.003433848187571518,0.3550821597715026,0.0,0.19914072113377707,0.007501993494640503,0.13508476423365728,0.05060350868318762,0.15257510862180165,0.44818233592169626,0.0
1,2,275,4.314215787593275,0.0009136267468501438,0.0012035256130756467,0.00020559667312942481,0.10460623353719711,0.011227290222909555,0.004139379475003525,0.3536129677758634,0.0,0.17829860959734237,0.007956288023186582,0.1391097264630454,0.05224649448479925,0.15352026798895427,0.45054786120142254,0.0
1,2,276,4.25614967783913,0.0009114089387514196,0.0012455386306312911,0.00022148273327049926,0.09658629570192503,0.006934880751447336,0.0027965093935722286,0.35675020414648706,0.0,0.17862809981618608,0.007594470001224961,0.13414523324796132,0.04941439375813518,0.1477009313447135,0.44840992774282185,0.0
1,2,277,4.402192229079082,0.0009091657838537993,0.0012249975664161362,0.0002106440283436649,0.10043625041697789,0.009777794090253346,0.0037665286195211257,0.3507103954704062,0.0,0.19241073301860265,0.007393128937110305,0.12972410023212433,0.047783530317246914,0.14736726773636682,0.44425651856831144,0.0
1,2,278,4.3583699681796135,0.0009068974205256433,0.00168739475798115,0.0002482979502884933,0.1011210886526455,0.013532632071235515,0.0038931296462446307,0.3568526726324581,0.0,0.18461568014962332,0.0076042853428849155,0.1366665033357484,0.05026149217571531,0.14891469052859715,0.439691709620612,0.0
1,2,279,4.385847594309598,0.0009046039886902864,0.0019150050967316893,0.00033386963706698666,0.09938792848181956,0.01689739642637664,0.003840750726437178,0.35069994787568026,0.0,0.1924762108496257,0.007700484179492507,0.13208260706492833,0.04341587277927569,0.14525604673794337,0.4387266593320029,0.0
1,2,280,4.432721105124801,0.0009022856298174073,0.0021319252594817176,0.0003466329523062704,0.10049867579369869,0.014090164234518136,0.004254969513920832,0.34865219905538464,0.0,0.19418479927948543,0.007974281840558563,0.12918046755450113,0.04860980675688812,0.14863208894218718,0.4424850855554853,0.0
1,2,281,4.238002890534699,0.0008999424869143019,0.0014121251664513234,0.00029818611158774624,0.09964839484795783,0.013032563686262346,0.004010150893998233,0.34787391082754415,0.0,0.17706460399287088,0.007650005365056651,0.13537313682692392,0.049849746216620715,0.14610671890633448,0.4381621607712337,0.0
1,2,282,4.409263859735802,0.0008975747045170614,0.0012915023931446802,0.0002649417297504345,0.10157394843194091,0.010621298218679442,0.0037077852531598463,0.3485550611343199,0.0,0.19013869975294387,0.0077515879446374515,0.1331318180475916,0.04886082160685744,0.14926828550440924,0.449463814496994,0.0
1,2,283,4.392535242810846,0.0008951824286816575,0.0014981795068450489,0.0003709969925552887,0.09670044098374914,0.00629919886959771,0.0026336756627554597,0.34964559408067497,0.0,0.18651035215173448,0.007519615814089775,0.1322850946869169,0.05546103683965547,0.14828937926462718,0.4438964511666979,0.0
1,2,284,4.368127242103219,0.0008927658069749322,0.0010455929390516458,0.0002087149742930829,0.10257292003596871,0.01118181933178702,0.003905854635483142,0.34891619178855304,0.0,0.18805981746741704,0.007578644236283643,0.1317858887570245,0.048879061825573444,0.1501827836036682,0.4463666932923453,0.0
1,2,285,4.297302050981671,0.0008903249884654958,0.0010376172812736947,0.0002344636662209913,0.1075844535405196,0.01327510318917774,0.004432403410161005,0.3497936439166949,0.0,0.18417447166783468,0.007844471572233098,0.13185751012393407,0.04686175153723785,0.14989266012396132,0.4399835041591099,0.0
1,2,286,4.43211323460564,0.0008878601237145313,0.001246854870295315,0.00018365164038027835,0.10390850373552842,0.010214068872619022,0.0037240088234646515,0.34207400795325493,0.0,0.19503183237143926,0.007419431914708444,0.1294309369155339,0.047999758406409194,0.14509601571730205,0.4373563996383122,0.0
1,2,287,4.486274763196707,0.0008853713647665069,0.0013144755028459488,0.00022935298485093686,0.09700615436417385,0.008640829186651457,0.003382772318589347,0.347813529875672,0.0,0.19973820873669215,0.0077983055795942035,0.1286133974790573,0.04656128319246428,0.14725241490772792,0.4372174952711378,0.0
1,2,288,4.2534125063568355,0.0008828588651397977,0.0011841901984897631,0.00020712149839224384,0.10145703023209156,0.00887691808945852,0.003160482249900843,0.3429158735043794,0.0,0.1821922276701246,0.007554940613252776,0.13061690117631639,0.04743054775255067,0.1436793335846492,0.43275579810142517,0.0
1,2,289,4.321110016852617,0.0008803227798172156,0.0012783368216438707,0.00018694479845224616,0.09848638171854529,0.0077391275344868594,0.003210722693712315,0.34190536789523746,0.0,0.1845810796533312,0.007337874333773341,0.13244516934667314,0.049656975748283524,0.1475199024592127,0.4394726199763162,0.0
1,2,290,4.37308139023371,0.0008777632652364494,0.0011266410346278577,0.0001709308904466825,0.10445054786876568,0.011322730232156741,0.0037066836997378364,0.34646866246334557,0.0,0.18980747674192702,0.007734602616567697,0.13008622505835124,0.04890458192676306,0.14809803132499968,0.4357574667249407,0.0
1,2,291,4.22999073122628,0.0008751804792804147,0.0012724844606602293,0.00021561547868418309,0.10095773666229063,0.008683940192268601,0.0032834746169595466,0.34209937233369325,0.0,0.1788249909877777,0.007601523006867085,0.13116717232125147,0.04874596305723701,0.14916001366717474,0.44203748447554453,0.0
1,2,292,4.1377267456613485,0.0008725745812675153,0.0012629128516724027,0.00020569615775704593,0.0973628362260976,0.006931007484842128,0.0032483102268882963,0.34552229810686946,0.0,0.17300911673477717,0.007527548620211226,0.13177220736231124,0.04827362232442413,0.14107143240315573,0.434050657919475,0.0
1,2,293,4.1675626414828,0.0008699457319418156,0.001462795221793818,0.00022299092057278578,0.1000268064366961,0.009003852263490842,0.003572305317434654,0.3431237076671378,0.0,0.17644754903657095,0.007827406682606255,0.12917394297463552,0.04715766943991184,0.14736333808728627,0.43575640661375864,0.0
1,2,294,4.453588990913704,0.000867294093463125,0.001532150509324178,0.00020446950664124405,0.10212217379831573,0.008590675485817698,0.003616659520013095,0.34036728971212815,0.0,0.19461995576109206,0.007428896380588412,0.13165564090013504,0.04942708755178111,0.1477887151496751,0.43696590832301546,0.0
1,2,295,4.391221712948754,0.0008646198293969952,0.0010057845050062152,0.00017657942727470355,0.10090861570777244,0.009633948203646442,0.0033011613526716106,0.3393731991064201,0.0,0.19345589194978988,0.007441787215481911,0.12797839620283671,0.0468867120466062,0.1465483382344246,0.43443874376160757,0.0
1,2,296,4.3671808009501545,0.0008619231047046305,0.0011876985307520671,0.0002643272584587905,0.10148666979907786,0.008366303299146803,0.003586534008347583,0.3414093747879695,0.0,0.18925932688372477,0.007671840987833483,0.1310890018939972,0.04872878374797957,0.14720562632594789,0.43154128534453257,0.0
1,2,297,4.367143547767773,0.000859204085732713,0.000951310619146753,0.00015877652030327422,0.10396690956018503,0.011073073921544314,0.004220459302796901,0.3371900835083526,0.0,0.19277890026569366,0.0072656753140368634,0.12782228312322072,0.045343853001083644,0.15014925066913878,0.42873112644468037,0.0
1,2,298,4.48870287714526,0.0008564629402031402,0.0008728509860393564,0.00012334391118484455,0.10117192805102727,0.008997987630297837,0.003375589674637083,0.33801743330307377,0.0,0.19771558259214675,0.007505604132477727,0.1319035855787141,0.047743868614946096,0.15289800401244844,0.43369244251932415,0.0
1,2,299,4.40098063913174,0.0008536998372026805,0.0008251846494442485,0.00011594167129092543,0.10272647512769237,0.009177970220741717,0.003595584251316608,0.33508001137705684,0.0,0.19295491703919002,0.007456699153408408,0.12964583720479692,0.04691266228577921,0.15528748716626847,0.43257738436971394,0.0
1,2,300,4.230385868716985,0.0008509149471725426,0.0009664624168772649,0.00016605546854795816,0.10119345599731196,0.00945802627908952,0.0033975203885488864,0.3347469053222138,0.0,0.17935825884342194,0.007713980640151671,0.13128054993493216,0.04880544689616987,0.14654118887015752,0.43170224343027386,0.0
1,2,301,4.33625771580264,0.0008481084418978611,0.0011595078569936377,0.00015527847945917333,0.09999575299545399,0.007619010732120391,0.0033622903679271492,0.33629824785352913,0.0,0.18749217689037323,0.0073456827418080396,0.1325188492025648,0.04670580902269909,0.1480503220643316,0.4310566101755415,0.0
1,2,302,4.41706682657823,0.0008452804944971015,0.0010253367414336325,0.0001604486365200165,0.10233678574700958,0.009480093698496523,0.003734462938013767,0.33478834733222296,0.0,0.19214558601379395,0.007614961891834225,0.1328629861984934,0.04850023665598461,0.1486816331744194,0.42872026562690735,0.0
1,2,303,4.33831162485294,0.0008424312794113801,0.0011063594426462444,0.0001699580157258168,0.10490780320127034,0.01183456640455474,0.00408643084743232,0.3327622034596008,0.0,0.18723274554525102,0.007469091132017118,0.13288043758698873,0.04797684321446078,0.1437917702964374,0.42587763496807646,0.0
1,2,304,4.161976236430928,0.0008395609723937046,0.0010051532090162333,0.00017541134924242428,0.1036870061483198,0.011017133452414164,0.0036466180406809216,0.33517320179244847,0.0,0.17448400386742183,0.007308261036606771,0.13155011406966619,0.04983357074005263,0.1426410057715007,0.42643979617527555,0.0
1,2,305,4.256295813480392,0.0008366697504981319,0.0010750344185863883,0.00017450942037100406,0.10658333595227269,0.011968291400778062,0.0035740770128311465,0.3332899597663324,0.0,0.18667087384632655,0.00719482175606702,0.1236835281763758,0.046397710884256024,0.14651804098061152,0.42772646461214336,0.0
1,2,306,4.177583873365075,0.0008337577920688477,0.0009335862253385696,0.00019022057472063608,0.10047102531472456,0.01275660025941443,0.0035234320529022264,0.3326804455622886,0.0,0.18311393899577005,0.007444049830415419,0.1237326945577349,0.042185411522431035,0.1420221541609083,0.4300544687679836,0.0
1,2,307,4.3473296503536405,0.0008308252767291642,0.001077676231484607,0.00020471362572121524,0.10023627697842792,0.010069411394900633,0.002958584068799663,0.3320900242305496,0.0,0.19198847242764064,0.007458426390907594,0.12724031188658305,0.04369034418570144,0.15217685167278563,0.4346338042191097,0.0
1,2,308,4.334819869510829,0.0008278723853704412,0.0012390239523651385,0.0002051504541545071,0.10655214565182194,0.015496695296639957,0.004301040934611256,0.3334286756885862,0.0,0.18940413849694387,0.007672555478555816,0.1277482264808246,0.0468936116833772,0.1521818627204214,0.429191244500024,0.0
1,2,309,4.107732723327354,0.0008248993001409269,0.001267013441233272,0.00021101012708702875,0.1020843221724612,0.010276742555309557,0.003174511765500585,0.3306135306659254,0.0,0.1743598324911935,0.0073571564696197,0.1274460596697671,0.04588147824896233,0.1474532995905195,0.4266927114554814,0.0
1,2,310,4.210425217356533,0.0008219062044345227,0.001407873819613811,0.00027991867802519516,0.09983103208750196,0.007820489200383642,0.002985175997380493,0.3283417861438492,0.0,0.18345708293574198,0.0075100148761911055,0.12525739520788193,0.04554915561207703,0.14166663799967086,0.4209192139761789,0.0
1,2,311,4.274545554816723,0.0008188932828794706,0.0010282796586058962,0.00019931596652542476,0.10063603628896972,0.007902330531313726,0.0028417857473453925,0.33138111957068583,0.0,0.18765161292893545,0.007576962001621723,0.12499241956642695,0.04504027124494314,0.14696789320026124,0.4303969698292868,0.0
1,2,312,4.314613363146782,0.0008158607213269643,0.001142207180484406,0.000163994529818578,0.10414034829845706,0.01067854074345341,0.0036050212536757648,0.3300752963834596,0.0,0.1878043817622321,0.00743415326412235,0.12864747643470764,0.04697298511330571,0.14872236017669951,0.42837723238127573,0.0
1,2,313,4.329687313688919,0.0008128087068396848,0.0008988235110769645,0.00015045869977522,0.1042447548757479,0.010223618256452592,0.003811445497473684,0.33204819594772117,0.0,0.19019966466086252,0.007304470420682004,0.12754865097148077,0.04614299974803414,0.14710909447499684,0.4242039918899536,0.0
1,2,314,4.291506783477962,0.0008097374276802621,0.0007901840692937591,0.00013360905507494677,0.10087475043188021,0.008659574754753159,0.003052792447456385,0.3245291842997653,0.0,0.18617472052574158,0.0076547227799892426,0.12947764566966466,0.046489430724510124,0.14826863684824534,0.4227429372923715,0.0
1,2,315,4.20258881887421,0.0008066470732996619,0.0006976410468533924,9.161342711098045e-05,0.10233636048522968,0.009312599712024324,0.0032633865015915804,0.32617038227979417,0.0,0.18060862592288426,0.007483679335564375,0.1276940745966775,0.04605802906943219,0.14886577001639775,0.43030219418661936,0.0
1,2,316,4.212578545464202,0.0008035378343254989,0.0007163995068217401,9.272329343818534e-05,0.10155497657731899,0.008753208337279344,0.002844682948898922,0.3269932272943478,0.0,0.18136239051818848,0.007321488345041871,0.12794071435928345,0.04624295859996762,0.14627460922513688,0.42939531803131104,0.0
1,2,317,4.184231520909816,0.0008004099025502793,0.0005880184157963987,8.433673390101425e-05,0.10149204282505998,0.007985973649305625,0.0026324616272671566,0.33234478981749527,0.0,0.18035537004470825,0.007245785091072321,0.12601686588355474,0.045570122743291516,0.1507381083709853,0.4313003548554012,0.0
1,2,318,4.174806900927797,0.0007972634709195684,0.0007883351328963577,9.137375083315702e-05,0.10128177543288296,0.009139545612236104,0.003189261424585779,0.32464980384678516,0.0,0.17823560748781478,0.007348064765600222,0.1295176659311567,0.04707465786486864,0.14182776851313456,0.4180660545825958,0.0
1,2,319,4.281488979794085,0.0007940987335200905,0.0007726517017112448,0.00010164348753022247,0.10265834094251244,0.009180409299182587,0.002974107821960255,0.32604381499938595,0.0,0.18597146017210825,0.007458908616432122,0.12798327952623367,0.04689912577824933,0.14896553329059056,0.42460495233535767,0.0
1,2,320,4.187782138353214,0.0007909158855677554,0.0007575105427022915,0.00010421025408239746,0.09811357506415219,0.007867176263159123,0.0024592225197973905,0.3242320788716807,0.0,0.18000195281846182,0.007338273039619837,0.12827945394175394,0.046396788342722824,0.14382171843733108,0.41853998388562885,0.0
1,2,321,4.31276108273305,0.0007877151233956178,0.0009567934609452281,0.00012136887860974948,0.10257953354745235,0.010074654693525392,0.003998669489960466,0.32516281031867833,0.0,0.18812683011804307,0.007377096085942217,0.12783849771533692,0.04666112682649067,0.15092002068247115,0.4288634317261832,0.0
1,2,322,4.16820551129058,0.000784496644441765,0.0009646613689962304,0.00015636781887948123,0.10362180130718981,0.010341205236330194,0.003475496991315983,0.325094831221312,0.0,0.1777475710426058,0.0075185166538826054,0.12833303851740702,0.04597382992506027,0.15645215128149306,0.42492187874657766,0.0
1,2,323,4.381928261835128,0.0007812606472371394,0.0007786632665812753,0.00013531503472867133,0.10116947612282141,0.00841229001638814,0.0028308723427047863,0.3227465520206007,0.0,0.19479190026010787,0.007478201030088323,0.12610932971749986,0.04528317068304334,0.1503190387572561,0.4250334586415972,0.0
1,2,324,4.138681111577898,0.0007780073313932915,0.0007720825180990025,0.0001282561795748725,0.10121345874464628,0.00962690648835297,0.002899179532355403,0.32240606743155176,0.0,0.17695462703704834,0.007295012274490935,0.12661866524389812,0.046347369572946,0.14782607129641942,0.4228725050176893,0.0
1,2,325,4.266862883651629,0.000774736897590067,0.0009611584330927038,0.00018357515456019313,0.10126924420734054,0.01029028093953192,0.003145241769125631,0.32309113862445055,0.0,0.18573396972247533,0.007545130227559379,0.12659712987286703,0.04611001522945506,0.15200367463486536,0.4263125828334263,0.0
1,2,326,4.342783908499404,0.000771449547563228,0.0009956402428339696,0.00017733258827876534,0.10031941243745748,0.008909808822175107,0.0029943579874562045,0.32277875010249685,0.0,0.19139565314565385,0.007403698982670903,0.126526517527444,0.0452562788767474,0.15559387739215577,0.42860511796815054,0.0
1,2,327,4.275098582077772,0.0007681454840920089,0.0008906857647426715,0.0001821914742569647,0.10485836979254935,0.012242707432907762,0.0031476752483285964,0.32571131135653525,0.0,0.18777050716536386,0.007554751222154924,0.1262378916144371,0.04398163168558052,0.1499463032398905,0.4241844969136374,0.0
1,2,328,4.245120623568073,0.0007648249109866083,0.0009864544087921459,0.00017400207611148978,0.10041767373247054,0.011322371173396852,0.002670752808555635,0.32141550449491707,0.0,0.1888736720596041,0.007313098924766693,0.12425891097102847,0.04155101693634476,0.1431748302919524,0.412579493863242,0.0
1,2,329,4.286193215800449,0.0007614880330756165,0.0008960783903179599,0.00020132016627772404,0.10076426038319625,0.011258452432230115,0.003033623719266932,0.32266510082680044,0.0,0.1893774845770427,0.0075132975554359814,0.12459919282368251,0.04411492709602628,0.14979273613010133,0.4235165630068098,0.0
1,2,330,4.236335920263082,0.0007581350561933813,0.0010323723290992667,0.0002479644688860699,0.100735628416816,0.011152492747958568,0.0028670144982825855,0.3178604132342107,0.0,0.18272497185638972,0.007460503240248987,0.1293448656797409,0.045608170862708776,0.1466565408876964,0.42661708167621065,0.0
1,2,331,4.235919881938026,0.0007547661871673105,0.0008668228989530319,0.0002039332161146076,0.10289817498725595,0.009770320680950887,0.002811671546050031,0.32076509166689754,0.0,0.18466278272015707,0.007336628989183477,0.12587734631129674,0.04556606776480164,0.14685164817741939,0.4234063838209425,0.0
1,2,332,4.21769820516929,0.0007513816338051147,0.0006962932495951869,0.00011147494215656126,0.10166166469599437,0.009181154530169894,0.002849548790056837,0.322340253487374,0.0,0.18135814581598556,0.007429893328143018,0.12740616074630193,0.047961646291826456,0.14879340252705983,0.4213498277323587,0.0
1,2,333,4.106348804011941,0.0007479816048819877,0.000772966526887262,0.0001033343934836612,0.10089917191602651,0.010001913242005897,0.0033585289905742896,0.3159202881229734,0.0,0.17616879514285497,0.007381678958024297,0.12461248572383608,0.04569389404995101,0.14442372428519384,0.42153236269950867,0.0
1,2,334,4.184169445885345,0.0007445663101277292,0.0006865653697089337,9.367078168951179e-05,0.10324623139159193,0.010798522053078468,0.003381107075397576,0.3230679498135465,0.0,0.18177489936351776,0.0072057820257863826,0.12484559203897204,0.045056630192058425,0.15031733896051133,0.42048955389431547,0.0
1,2,335,4.180213070847094,0.0007411359602138069,0.0007311907222209661,0.00010645624104089293,0.10329676737773766,0.009775873341425819,0.003200999889477581,0.3157676290539862,0.0,0.18072507424013956,0.007272678028259959,0.12573751275028502,0.04628972483000585,0.14503114776951925,0.419201169695173,0.0
1,2,336,4.228528302628547,0.000737690766740362,0.0007871945108314162,0.00012563548747476108,0.09924426067222669,0.007812591495661481,0.002346749199346359,0.31529814525715355,0.0,0.18391910195350647,0.0075105409403996804,0.12545138810362136,0.04633853145475898,0.1455103127019746,0.42385776128087727,0.0
1,2,337,4.401723767071962,0.0007342309422231566,0.0007165290926158139,0.00010387883574949935,0.10160550033872567,0.00882076698319209,0.0025614436938499723,0.31734696059551054,0.0,0.19459282713276999,0.007507609868688243,0.12750607941831862,0.047497479644204886,0.1488522876586233,0.4223562904766628,0.0
1,2,338,4.245218729646877,0.0007307567000804636,0.0006743878082629944,0.00012681540246579334,0.09512151662007119,0.005723678703573577,0.0021064165342165138,0.3136535793253519,0.0,0.18465764820575714,0.007236236606591514,0.12617073208093643,0.0460671175803457,0.15310782300574438,0.42359653541019987,0.0
1,2,339,4.265663462039083,0.0007272682546199037,0.0005553785335155005,9.063314482950022e-05,0.09906079309079253,0.008068313054713302,0.002611289724811586,0.31535795707147096,0.0,0.18638316648347036,0.007533508419458356,0.1263421912278448,0.04608292930892536,0.1471542939543724,0.41940103258405415,0.0
1,2,340,4.32209197897464,0.0007237658210252251,0.000535248693426872,8.909058374891316e-05,0.10125203249813283,0.008551801396624266,0.0027304264214974873,0.31446941876874385,0.0,0.18948815975870406,0.007378237055880683,0.12724790828568594,0.04649160123829331,0.1510404912488801,0.42243596059935434,0.0
1,2,341,4.359200948383659,0.0007202496153430296,0.0005984449967090944,8.810349148015766e-05,0.10402880811575548,0.009178175315152384,0.0029947271268787675,0.311816349480916,0.0,0.19303708842822484,0.007388128433376551,0.12652579056365149,0.04589817885841642,0.15032873515571868,0.41823844398771015,0.0
1,2,342,4.172274412401021,0.0007167198544694469,0.0006381637417910241,0.00010511882901129548,0.10186557269212111,0.009072804581645189,0.002647443221841297,0.31527766238138516,0.0,0.18015500690255845,0.007299123731042657,0.12618798123938696,0.04605374006288392,0.14548934889691217,0.4163940804345267,0.0
1,2,343,4.192338651604951,0.0007131767561367538,0.000774003261840423,0.0001303156820090275,0.10203899414215273,0.008938884997776555,0.0026854108544337807,0.31825188120591985,0.0,0.18028517067432404,0.007418789634747165,0.12821215391159058,0.04600410642368453,0.1466071978211403,0.42039410557065693,0.0
1,2,344,4.364404467400163,0.0007096205388999455,0.0007676424801087423,0.00012816897958931874,0.10299122369694479,0.00955908045000894,0.003223425011914585,0.31752100673694056,0.0,0.19318174251488276,0.007270237098314932,0.12698111257382802,0.046405897342732975,0.1472653384719576,0.4173908659390041,0.0
1,2,345,4.167579051200301,0.000706051422123252,0.0008539959276321081,0.00010808312022737543,0.10460135145384131,0.008982836194245995,0.002739901869168993,0.3126943250304287,0.0,0.17893042734691075,0.007579497527331114,0.1276762815458434,0.04559115293834891,0.14881150211606706,0.41779498968805584,0.0
1,2,346,4.240074692014605,0.0007024696259666081,0.0007737588230068388,0.00011737097753494417,0.10463437257171834,0.009926902254573206,0.0030626804693330767,0.31138330842684775,0.0,0.1857127206666129,0.007553199372653451,0.12578442054135458,0.04586144909262657,0.14020744391850062,0.41079701270375935,0.0
1,2,347,4.226118144765496,0.0006988753713720729,0.000606686078312635,0.00010837410244349282,0.09988339975910279,0.0086994381888218,0.002653718874021207,0.3094985719444682,0.0,0.18563236934798105,0.00712473490940673,0.12471015006303787,0.04468491527118853,0.14462607566799437,0.41484017031533377,0.0
1,2,348,4.310148616461083,0.0006952688800502001,0.0005448360165052152,8.295214793532386e-05,0.10202608554108629,0.010207029574921408,0.0029159807554871133,0.31208340982788974,0.0,0.19123871198722295,0.007308523669572813,0.12501270856176103,0.04415595345199108,0.14713427743741445,0.4206747923578535,0.0
1,2,349,4.202124263858423,0.0006916503744663625,0.0004902268048981657,8.08465677269427e-05,0.09945310825861774,0.008473719482635627,0.0026126857716997054,0.30898192380238504,0.0,0.18163353843348368,0.0072368010545947725,0.12716226705483027,0.04523226299456188,0.15332523733377457,0.42072534561157227,0.0
1,3,350,4.297897012923435,0.000688020077827029,0.000510973713724666,9.183374021128295e-05,0.09920220518285788,0.00828120577176219,0.002171326097489778,0.308935802827761,0.03762256419195712,0.18896282144955226,0.007541875820606947,0.12582994678190776,0.04588753078132868,0.1501242071390152,0.41787474921771456,0.03956418697323118
1,3,351,4.185559342993349,0.0006843782140659968,0.000599865354337612,8.979849285291829e-05,0.09815461257273711,0.008688197407907652,0.002408535399720597,0.3126226417647982,0.03763201478326205,0.18181981784956797,0.007443540197397981,0.1246419187102999,0.04541351779231003,0.14781449202980315,0.4201659219605582,0.039520086986677985
1,3,352,4.188906627177931,0.0006807250078305772,0.0006397093467649471,9.79247186619741e-05,0.10247873608927124,0.009595065488416737,0.0029115146709814015,0.31323372883704104,0.037630461626550524,0.18298434146812984,0.007169594589088645,0.12449896654912404,0.04439114233744996,0.1478071180837495,0.41605739082608906,0.03951510840228626
1,3,353,4.242919307848439,0.000677060684467739,0.0005840905368423035,8.651359316944348e-05,0.10165376331910346,0.00983062144866195,0.0027816879780040785,0.3091559291464611,0.03759541503578714,0.18272249826363154,0.007488751318305731,0.12847867288759776,0.047515696845948696,0.15277159001146043,0.41925657221249174,0.03958911235843386
1,3,354,4.273578403615392,0.0006733854700102078,0.0006596876135394338,9.769031475142698e-05,0.10040290053319005,0.009325771935021921,0.002708891741208081,0.3106570006574242,0.03762701605853525,0.1881372481584549,0.007475448572742087,0.12570152644600188,0.04525765537151268,0.14503780752420425,0.4129789812224252,0.03949346553002085
1,3,355,4.34136374944143,0.0006696995911625233,0.0005794922782795377,8.275806335537373e-05,0.09761676676933048,0.007437683782061037,0.0021729373211466065,0.3075191022701634,0.03758758089496094,0.19005830798830306,0.007280837944043534,0.12883113963263376,0.047299482726625035,0.1499458413038935,0.4167176570211138,0.039523636656148095
1,3,356,4.309024418565519,0.0006660032752870543,0.0004751574523855471,9.102849438826065e-05,0.10101683401656382,0.008705390907724578,0.0020643400985666197,0.30958621507709466,0.037601936463881463,0.18944229185581207,0.007168111790503774,0.12618349811860494,0.046532905394477506,0.15000277119023459,0.4180514557021005,0.03952334874442646
1,3,357,4.294399632460549,0.0006622967503899758,0.0005047544495098618,9.220107671512558e-05,0.10004879809120326,0.007388941430513865,0.001842177003391485,0.30836411124294244,0.03759482615057704,0.19045743771961757,0.007294603124526995,0.12467162843261446,0.04465934993433101,0.1451149242264884,0.4143331732068743,0.03951060346194676
1,3,358,4.310163800443225,0.0006585802451072024,0.0005007212514225032,0.00012153162489853148,0.10304294830387078,0.009559065911656662,0.002738015602446767,0.3075730849816961,0.03760368141879156,0.18926723514284408,0.007217811121206198,0.12688533748899186,0.046622591758412976,0.14790780310119903,0.416862998689924,0.03949441920433726
1,3,359,4.322341893066652,0.0006548539886902864,0.00045576132071041726,9.712591773032965e-05,0.10048022663709029,0.009380770756781679,0.0027379857614134593,0.3095857700676594,0.037598267957134154,0.19089377352169581,0.007498177367129496,0.1256557277270726,0.04599930053310735,0.14741260984114238,0.4179500469139644,0.0394949024277074
1,3,360,4.2103991075388345,0.0006511182109922757,0.0005716378393682461,9.167261879218096e-05,0.09987928783430637,0.00806905170314882,0.002531296532325338,0.3061722540160985,0.037561905036852195,0.18391014635562897,0.0072419361344405585,0.12421146886689323,0.04592076037079096,0.1478926262685231,0.4150147097451346,0.03951065135853631
1,3,361,4.287775324192159,0.000647373142453536,0.000641364977498385,0.00010504306253970904,0.10037668483349883,0.009054109153509574,0.0025592473351387576,0.30832111893348324,0.03759092023795091,0.18881269437926157,0.007292513103623476,0.1253913034285818,0.04588362641100373,0.14840725383588246,0.4150537976196834,0.03951801625745637
1,3,362,4.320527158041373,0.0006436190140875354,0.0004938892964770999,7.848035420465749e-05,0.0987407986110854,0.00691800476594385,0.002266862351691477,0.3091304742016839,0.037597038828342866,0.19013464663709914,0.007255721438143935,0.12641556880303792,0.04617738976542439,0.14907746549163545,0.42192049963133677,0.03956413801227297
1,3,363,4.335924211429618,0.0006398560574665951,0.0006623065723015846,8.236854238612509e-05,0.10197398826045898,0.00865705608553027,0.0020192128965558793,0.30785834326327427,0.0375875020851788,0.19189691969326564,0.007309396019471543,0.1265835804598672,0.045770926134926934,0.14693746077162878,0.41265861477170673,0.0394934814955507
1,3,364,4.279910260582753,0.0006360845047076049,0.0005707148407717027,8.517507526492904e-05,0.10102627064707209,0.008362568890024881,0.002618788690667925,0.3063841705183381,0.037585416645969004,0.18868303511823928,0.0074289120467645785,0.12484154637370791,0.04573249364537852,0.14759524698768342,0.41286809529576984,0.03949811469231333
1,3,365,4.298131993413679,0.0006323045884577038,0.0003846407492443901,5.9721294058107054e-05,0.1034680861726548,0.011305703818843275,0.0029831301238392345,0.3037942034526936,0.03757929675353384,0.19055519998073578,0.0073750448147101065,0.12433352214949471,0.0449698715071593,0.1485027042882783,0.41379352126802715,0.03952134879572051
1,3,366,4.351238501977361,0.0006285165418799318,0.0003510935351284203,5.49709540297327e-05,0.10222608870962291,0.009742457026308313,0.0027275946490281236,0.30595182707008806,0.037568172566520355,0.1946524637086051,0.007334550776119743,0.12370588311127254,0.04450766263263566,0.15040531222309386,0.4171154967376164,0.03954491711088589
1,3,367,4.342294318885319,0.0006247205986388449,0.00041451357085782204,5.772484864880505e-05,0.09820329578756129,0.006495269851813328,0.0019711008509033295,0.3037927694691038,0.03757927581233886,0.19325311056205205,0.007363028092575925,0.12471479603222438,0.0451018363237381,0.1497705483010837,0.4166442837033953,0.03950676694512367
1,3,368,4.359575614220537,0.000620916992886103,0.00038939168890350434,5.22854492003019e-05,0.10579893094243355,0.010466476771257166,0.0029552756309694636,0.30526033246401446,0.03756778705322627,0.19420711270400456,0.007220820656844548,0.12498272103922707,0.04567991516419819,0.1485121856842722,0.41647220509392874,0.039497112057038715
1,3,369,4.26349395438116,0.0006171059592460249,0.00045343190126428474,6.304597798907266e-05,0.09811457427381312,0.00783254135653232,0.002430265348345873,0.3030754970115365,0.037523073370306234,0.18819610135895865,0.0071465448875512394,0.1248674892953464,0.04493550291018827,0.14598639202969416,0.4112979131085532,0.039458676640476496
1,3,370,4.286924064974039,0.0006132877328011174,0.00046707351140460923,7.495810344161973e-05,0.10320972477637448,0.009674877656207791,0.0026475245187294136,0.30632854781104524,0.03755158290845677,0.1898809586252485,0.007368561678699085,0.12386929030929293,0.04445825330913067,0.1497372825230871,0.41985577770641874,0.039499714970588684
1,3,371,4.311029583376721,0.0006094625490775732,0.000488482062474291,7.909566786499622e-05,0.10313989822436305,0.009762508177551107,0.002565522145285515,0.30602909089292135,0.03755434989495185,0.19061774015426636,0.007501686457544565,0.12628716549703053,0.045035931813929765,0.14710933502231324,0.4108977658408029,0.039489046803542545
1,3,372,4.29320964362517,0.0006056306440307424,0.0005621947455491183,9.819296296308432e-05,0.1028878655899497,0.01107095310563963,0.0032338379352190756,0.30273325871495366,0.03755801427856233,0.19050849761281693,0.007538852148822376,0.12336517444678716,0.04524478143347161,0.14759530552795955,0.41389934931482586,0.03946360307080405
1,3,373,4.370453447240964,0.0006017922540305781,0.0005031846058487133,8.260521187446446e-05,0.10053913382071893,0.008274433214344012,0.002529097995065261,0.30180949696059367,0.037527954694136834,0.19318081438541412,0.007198898554114359,0.12723663875034877,0.047116876180682866,0.15048857565437043,0.4138719780104501,0.03948405385017395
1,3,374,4.351264513991848,0.0005979476158470562,0.0004946892491645786,8.404176956389067e-05,0.09749060040972765,0.00764842110446392,0.0019559862280888393,0.30702506512114147,0.03755258504771492,0.19354664640767233,0.007459810402776513,0.12535735964775085,0.04585709875183446,0.1452998412506921,0.4131127595901489,0.03945827590567725
1,3,375,4.2984808851156755,0.0005940969666355697,0.0005346837988150423,9.564496820495301e-05,0.10163417617672856,0.010911518210563267,0.002799137055792493,0.3058972963430349,0.0375621902204833,0.18961521983146667,0.00745540125561612,0.12388435112578529,0.04739641970289605,0.15062719264200755,0.4103897213935852,0.03947228778685842
1,3,376,4.376764961277656,0.0005902405439222997,0.0006156001320262484,9.783110841648151e-05,0.09992040838431386,0.012330475462220826,0.00257317186898362,0.3039955739836091,0.037518458205808715,0.19710552053792135,0.007378624552594764,0.12508247260536468,0.043265078748975484,0.14542385510035924,0.4077214002609253,0.03948064733828817
1,3,377,4.287898655706048,0.0005863785855895651,0.0005610668975226942,9.39632779582363e-05,0.10029743633513312,0.009774409159927548,0.002677030254153137,0.30355653890128276,0.03752097523617513,0.18828409484454564,0.007515736057290009,0.1253750313605581,0.04656243084796837,0.14759423903056554,0.417757443019322,0.039465525320598056
1,3,378,4.283518476087786,0.0005825113298611472,0.0004927688114372199,9.219580256418004e-05,0.10026359297696827,0.009215151238960476,0.0024549191259864937,0.30295447874995113,0.03754072285537581,0.18871011478560312,0.00743055556501661,0.12464492235864912,0.046022316973124235,0.14911878002541407,0.4150091367108481,0.03947280613439424
1,3,379,4.340217014130615,0.0005786390152875954,0.00039030015931998207,6.220885796175176e-05,0.10020283096044966,0.008486194997230202,0.0023149535420477316,0.30227323556409297,0.03754140848963006,0.19335863845688955,0.007426928396203688,0.12421478756836482,0.0454336642952902,0.14886732612337386,0.41351217457226347,0.03947754576802254
1,3,380,4.341636747570746,0.0005747618807315132,0.00036765849237551784,5.705537697191811e-05,0.09904567325867496,0.007481304177046907,0.0020048850664113947,0.30316022443539886,0.037502086386807916,0.19350994059017726,0.007459270302206278,0.12410481487001691,0.045377003295081,0.14928886507238662,0.41343570181301664,0.03947453360472407
1,3,381,4.266838157335594,0.0005708801653528228,0.00030186397302669733,5.4879435074591365e-05,0.10060851615898818,0.008583008319600622,0.0021912837508405803,0.3005984920321159,0.03748732870354236,0.18840494326182775,0.007300018732036863,0.12405758457524436,0.04543951233582837,0.1482537207858903,0.4111553941454206,0.03945309030158179
1,3,382,4.3719342995125805,0.0005669941085940131,0.00029500878050932387,4.196612989846154e-05,0.1000741266654533,0.007722432677661186,0.0019500939982482098,0.30243925677919853,0.03750050444047428,0.19496861100196838,0.007554181119693177,0.1251693687268666,0.04577964397945574,0.14812434251819337,0.41308798108782085,0.039459695773465295
1,3,383,4.201080490594544,0.0005631039501653701,0.0002893252998705754,4.602349658014346e-05,0.10156212305849038,0.008762847612955545,0.0023295143404433016,0.3015091534957145,0.037489195797339225,0.1834619321993419,0.0073749480902084285,0.12446485779115132,0.044837530702352524,0.15170168344463622,0.4138259163924626,0.0394833114530359
1,3,384,4.28596043016687,0.0005592099300301901,0.00032921989128508974,4.381114167611406e-05,0.1008202612617062,0.008829955077160475,0.002190190308910424,0.3025302736504564,0.03748179498372726,0.18891850113868713,0.007542442197778395,0.12469292112759181,0.04586132376321724,0.1472109439117568,0.41624883243015837,0.03944522568157741
1,3,385,4.304257173000723,0.0005553122883899772,0.00033109062164795845,4.916256983457608e-05,0.09916625381673425,0.008774445265603876,0.002669963655932309,0.2989372897495344,0.0375042209058132,0.19052844175270625,0.007500845672828811,0.12428357345717293,0.045545276919645925,0.15168096870183945,0.41338810324668884,0.03951073331492288
1,3,386,4.265091651361659,0.0005514112656696276,0.0002829292153338314,4.367011043868136e-05,0.09853001893724053,0.007828387671412484,0.0019929915176618625,0.30202330894840573,0.03752462424844214,0.18851965878690993,0.007181648830217975,0.12348271906375885,0.04487445458237614,0.15176820009946823,0.4154345222881862,0.039504844163145335
1,3,387,4.314921740643233,0.000547507102502598,0.00029319345578664315,4.283028092951338e-05,0.10474881848085274,0.010264455136228172,0.002925833711203965,0.3015155905080073,0.03751270574273415,0.19144946336746216,0.007413029936807496,0.12407702207565308,0.0454669910083924,0.15147557854652405,0.41413468973977224,0.03949360549449921
1,3,388,4.3070400740479675,0.0005436000397160628,0.0003392650676298959,5.058874477663708e-05,0.10226570988453708,0.009155228406245124,0.002152772724302938,0.29816081656993015,0.03746913239649199,0.19042441248893738,0.007247120674167361,0.1251846988286291,0.04585462036941733,0.1501193078500884,0.41143848640578135,0.0394874034183366
1,3,389,4.3322866271306575,0.0005396903183160586,0.0003626677565089002,5.3713440385622255e-05,0.10267370237598142,0.010851490890010468,0.0029763007088388018,0.29957770548977897,0.03748728844870641,0.1928029613835471,0.007291587601814952,0.12401267566851207,0.04534661171159574,0.14953520468303136,0.4168737658432552,0.039478844829968045
1,3,390,4.295840702915155,0.0005357781794726179,0.00045969392607006634,7.17412910215925e-05,0.10445100524761144,0.010355507439562997,0.0026446907556145587,0.3005806566442101,0.037485621435549656,0.1891954583781106,0.007166572713426181,0.12487506440707616,0.046122633053788116,0.15274941495486669,0.4186100534030369,0.039522157715899606
1,3,391,4.285290551432185,0.0005318638645048922,0.0004389063589098565,8.12000760084382e-05,0.09944094945360156,0.00743392996661799,0.0020977979974066206,0.2992529845932155,0.037506302583564834,0.1894066333770752,0.007171691029465624,0.12429144552775792,0.04545661620795727,0.14898566475936345,0.41552383984838215,0.03945102063672883
1,3,392,4.168838981927484,0.0005279476148662668,0.00044237029200727213,6.525651337389576e-05,0.1042152101409088,0.00977367085169603,0.0025808918541319922,0.30231038285690603,0.037491203873481566,0.18201922518866404,0.0073839483915695125,0.12366249305861336,0.04497523113553013,0.14802974249635423,0.40684934173311504,0.03946036526135036
1,3,393,4.204387225479893,0.0005240296721294665,0.00039671931231566207,6.969618617112802e-05,0.10317929812426706,0.00981170195380895,0.002824390120578261,0.29314070621740473,0.03743791800824184,0.18451030126639775,0.007357090245932341,0.12338908548866,0.04469636894230332,0.15052645759923117,0.41110558594976154,0.039493253720658164
1,3,394,4.318093048643954,0.0005201102779716549,0.00041230950372867756,5.281303065291547e-05,0.1004907217202256,0.009020187930448108,0.0024340551561852285,0.29695457075406045,0.03745525659432689,0.19289704305785044,0.007146988197096756,0.12406848583902631,0.04374380635895899,0.15050518725599563,0.4106615568910326,0.039459507912397385
1,3,395,4.208194689931274,0.0005161896741595252,0.00040385761191996124,4.803286341908478e-05,0.1031141778074422,0.00897664460692627,0.002467743067683435,0.29726771503976246,0.037459005393738885,0.18500325083732605,0.007216393348893949,0.12362095926489149,0.04460433032363653,0.14826385996171407,0.40895705137934,0.03942440024444035
1,3,396,4.283013017511703,0.0005122681025343884,0.0003122542466283369,4.610040313424373e-05,0.10135447016908126,0.007707876835958761,0.0021872148491347263,0.29656148043651026,0.0374419982499868,0.19058123656681605,0.007414992965225663,0.12339292998824801,0.04444938166333096,0.14724178505795343,0.4071465219770159,0.03940477381859507
1,3,397,4.247113768005334,0.0005083458049972545,0.00032151530460608236,7.23227867461742e-05,0.10155187793148374,0.009356272831848525,0.0023912870259028725,0.2952776629369236,0.03747063524370055,0.1880144945212773,0.0075165761767753535,0.12283916452101298,0.044564689243478436,0.14677421003580093,0.41103304283959524,0.039401511528662274
1,3,398,4.244474024567083,0.0005044230234939114,0.00033286871579001,7.292027018672687e-05,0.09770904738202836,0.006697720864977579,0.0017571909589358396,0.2972473464544537,0.037439529142044126,0.18784540040152414,0.007373730119849954,0.12234852995191302,0.044221107315804274,0.14904948749712535,0.4181392065116337,0.03944895203624453
1,3,399,4.244938848148919,0.0005005000000000001,0.00030073353716113504,4.495824590405603e-05,0.09968065528325665,0.007647526352123801,0.0023239944816806617,0.2984566078024003,0.03746317225752525,0.18779373168945312,0.007341176604053804,0.12240308736051832,0.045338171268148084,0.14838954699890955,0.4091058756623949,0.0394572088760989
1,3,400,4.258815586606711,0.0004965769765060889,0.000361965822838066,5.32078508151191e-05,0.10499544470634276,0.01031659000996247,0.002634216265275948,0.29746379117363864,0.03746654603232458,0.18832326786858694,0.007332411927304098,0.12387024185487203,0.044994366355240345,0.14853411487170629,0.4070486511502947,0.03941813111305237
1,3,401,4.293841730112024,0.0004926541950027458,0.00031498861253302255,5.358363920907508e-05,0.10076436027884483,0.009700249757355495,0.002276851711127889,0.29610798225819485,0.03743837111927931,0.1906780536685671,0.007234542364520686,0.12363689286368233,0.04496432787605694,0.1509275266102382,0.4112094385283334,0.03944893234542438
1,3,402,4.242074209047146,0.0004887318974656118,0.0002438580138084379,4.424825783644337e-05,0.1037127042858346,0.010002266405403469,0.0025402793205270852,0.2941533630912744,0.03744476429611734,0.18741126997130259,0.007344583648123911,0.12305705781493868,0.04424939397722483,0.152675595666681,0.4126907161303929,0.039472984948328564
1,3,403,4.268802529500872,0.000484810325840475,0.00022620914571181626,4.0694799670004124e-05,0.09961094222601177,0.007808501418517197,0.002028976482038558,0.2984480898357132,0.03745978661966555,0.18940615866865432,0.007105126278474927,0.12294710214648928,0.044256946604166715,0.15078742589269364,0.41628303272383554,0.039455774639333994
1,3,404,4.24554033933159,0.00048088972202834534,0.0002129367124334484,4.1786186080324255e-05,0.10131231275866333,0.009470122068378967,0.0021378978701462083,0.2969573843247682,0.03747084563218274,0.18810608770166123,0.007203554967418313,0.12272783794573375,0.044149204556431086,0.15206837866987502,0.41005757451057434,0.039457070508173535
1,3,405,4.216746134849191,0.0004769703278705336,0.00021669225870672324,3.2349580561078735e-05,0.09936789025380774,0.007574456296318654,0.0020108318964507685,0.29338918785447055,0.037421428064987494,0.18579417679991042,0.007267102333051818,0.12290746931518827,0.04501487940017666,0.14913068179573333,0.4070103807108743,0.03940795574869428
1,3,406,4.255342309032567,0.0004730523851337335,0.00023551466854998968,3.3028060787401754e-05,0.10234800386197358,0.009838011656046926,0.002802233602478648,0.2935114864585469,0.037411626898547976,0.18836483359336853,0.007301345933228731,0.12332406107868467,0.044452226986842494,0.15040344532046998,0.410580039024353,0.03945275342890194
1,3,407,4.30187594626233,0.00046913613549510807,0.00030985510076206286,4.064796992026053e-05,0.10029466743174109,0.008751203145524397,0.0025564176420391836,0.297511379984976,0.03749038608184139,0.19227074086666107,0.007248592230358294,0.1229800432920456,0.043946215749851296,0.14890779661280767,0.4094619963850294,0.03943035432270595
1,3,408,4.213075142486058,0.0004652218205273823,0.0002772524260330348,3.915287293989643e-05,0.0967432655466413,0.007406061479044192,0.0017508261947829314,0.29230344671647523,0.03740582007516935,0.18485816035951888,0.007272110653242895,0.1237741591674941,0.04537809254335506,0.14829579421452113,0.4089722079890115,0.039419452526739666
1,3,409,4.244002381929345,0.0004613096816839416,0.00024489542097531404,3.0055891188258277e-05,0.09991656084662502,0.007910923771243724,0.002169027180270771,0.2935452704290742,0.03743247116364322,0.18841843945639475,0.00721416190000517,0.1227311087506158,0.04403581257377352,0.14788935014179774,0.406787633895874,0.039402038391147344
1,3,410,4.252295734324008,0.0004573999602839374,0.00021455937431948891,2.984490480601168e-05,0.10162584823601455,0.009200201019445815,0.0024171930147805117,0.29334268147505604,0.037446832230079524,0.18842284381389618,0.007300986376191888,0.12244349718093872,0.04483765669699226,0.15009768307209015,0.41032828603472027,0.039439654776028225
1,3,411,4.197977948777973,0.0004534928974974022,0.00021378745187019695,3.125888950802336e-05,0.10128478532277264,0.009257499856458417,0.002306093465767403,0.2918555016077838,0.03745579491685895,0.18444246905190603,0.0072368183838469645,0.12311066261359624,0.044502699215497286,0.15007705135004862,0.4096791786806924,0.03942198838506426
1,3,412,4.233075345726982,0.00044958873433037256,0.00021391977879300136,2.61829367207487e-05,0.10349828258012105,0.009623328318765152,0.002080775436818672,0.29172802029304135,0.0374311184130826,0.1873515865632466,0.007348597847989627,0.12299421110323497,0.04412316903471947,0.1470868257539613,0.4084682209151132,0.03936102241277695
1,3,413,4.254022686678767,0.000445687711610023,0.00018208300046627273,2.7823083593865555e-05,0.10046905510633894,0.008212287394890508,0.0028775442632941474,0.2923975442219706,0.03741984387624611,0.18878822241510665,0.0072565094035651,0.12273693297590528,0.0443386933101075,0.1499048609818731,0.40818065830639433,0.03942197774137769
1,3,414,4.2957950961087645,0.00044179006996981023,0.00024751782303142534,3.3475148431305184e-05,0.10191707349228628,0.010097821863612287,0.002361227060019409,0.292447481051232,0.03743560369876982,0.1911562489611762,0.0072945816708462575,0.12333318271807261,0.04458097780921629,0.15105218440294266,0.41058161003249033,0.0394165792635509
1,3,415,4.2598059650252385,0.00043789604983463014,0.0002639074082253501,3.564508962387036e-05,0.09915974381768587,0.009000758987453594,0.00257752334006194,0.2939051253703034,0.03744536670810968,0.1882306912115642,0.00737196473138673,0.12306531305824008,0.04524789324828556,0.15087340346404485,0.4130942097731999,0.03945045545697212
1,3,416,4.251260826985613,0.0004340058914059873,0.00024800305735111887,3.795633069917704e-05,0.09983752479830992,0.008445626472855367,0.0022886731233493,0.29580531074005423,0.037455547564816706,0.18773695826530457,0.007207105235595789,0.12339450312512261,0.04471818198050771,0.15057182418448584,0.4147169164248875,0.03943508863449097
1,3,417,4.262493522800915,0.00043011983464717767,0.0002562074945477805,4.200793232352561e-05,0.10195176885689347,0.008241407568702131,0.0023407866297859375,0.29437960698766613,0.03744296534258185,0.18934911276612962,0.007377969300640481,0.12236309690134865,0.04424118596528258,0.15254054431404387,0.4099271936076028,0.03946227207779884
1,3,418,4.229737726357021,0.000426238119268487,0.0002471048124100633,3.82357875953425e-05,0.10475831442666285,0.010415546606222474,0.0025915770923709766,0.29045515239817427,0.0374104107901888,0.187205399785723,0.007208714394697121,0.12263628946883338,0.044017916811364036,0.14993998834065028,0.40980133414268494,0.03941277574215617
1,3,419,4.225286563325934,0.00042236098471240476,0.0002359785919430331,5.037547733752821e-05,0.10247075174329351,0.009998866890385313,0.001932519125227717,0.2919232399718275,0.03747027696481029,0.18674025578158243,0.007384679080652339,0.12256694691521781,0.04442442993500403,0.14955515946660722,0.4079988854272025,0.03942059991615159
1,3,420,4.265897282011472,0.00041848867013885295,0.00023410398978174855,3.872312642396563e-05,0.10058406874248126,0.008951898770479179,0.0021926809562306886,0.29006607960728764,0.03743703623564498,0.19023592131478445,0.007357957107680184,0.1216355147106307,0.04417239302503211,0.15052397336278642,0.40723398327827454,0.039429319224187305
1,3,421,4.254562985510416,0.00041462141441043495,0.0002667003609884295,5.6003159871464766e-05,0.1002409142053243,0.009453825001577728,0.0025788245127011922,0.29010412965006044,0.037441554361755405,0.18959293620926992,0.007251347415149212,0.12233644617455346,0.04332762211561203,0.1492821712579046,0.40764812912259785,0.03940538689494133
1,3,422,4.30453078069549,0.00041075945607770036,0.00023432917431227466,3.3579258175026535e-05,0.1028319898160916,0.009398939257523822,0.0023047852214624727,0.2873459585662027,0.03741208413272228,0.1908393395798547,0.007241856905498675,0.12444986615862165,0.04544200202716248,0.15070685744285583,0.41049484269959585,0.039440554699727466
1,3,423,4.247507308101617,0.00040690303336443065,0.00018662213643411518,2.7415938259685045e-05,0.0992789150586406,0.007884807357998583,0.0020977441363886577,0.2877158522605896,0.03739567513315423,0.18897267750331334,0.007323040626943111,0.12133126280137471,0.04429832606443337,0.1508367657661438,0.4080470289502825,0.03943292104772159
1,3,424,4.317242403812967,0.00040305238415294404,0.00016512873116880655,3.125384112368496e-05,0.10033536268380082,0.008991976770418651,0.0024590847335046032,0.2871599307338011,0.037437154034387715,0.19282081510339463,0.007443959026464394,0.12291929870843887,0.04466011348579611,0.15126597987754004,0.4095692123685564,0.03941783255764416
1,3,425,4.306873646802157,0.00039920774596942214,0.00017840304178551962,3.110108682184307e-05,0.09685830894893813,0.006652647129811564,0.0016262246077107176,0.28851910991576113,0.03740402390655962,0.19241562272821153,0.00721281926546778,0.12221592451844897,0.04462966775255544,0.1547540979725974,0.40902202469961985,0.039456876260893683
1,3,426,4.284211671693846,0.000395369355969258,0.0001924535197723494,3.012349279036517e-05,0.10088145103558753,0.009260333032410556,0.0026424538024285246,0.287001141645376,0.03742354811684599,0.1913092349256788,0.00728959370670574,0.12201216923339027,0.04365025394197021,0.1536730325647763,0.41092054333005634,0.039449049958160946
1,3,427,4.286662104078159,0.0003915374509224272,0.0001837597234237903,2.7636067288855963e-05,0.10074833917965009,0.00856743032311641,0.0024404493926287385,0.28588181820887965,0.037421412078790295,0.1912216075829097,0.007241875897826893,0.12199563745941434,0.04432946869305202,0.15301245663847243,0.41068463240350994,0.039446228316852024
1,3,428,4.302185044601187,0.00038771226719888294,0.00015181870330000766,2.503204283589052e-05,0.10277734494325026,0.009160898492481667,0.0023088389049731738,0.2879685554110888,0.03743189953050567,0.19206013211182185,0.007234528427943587,0.12265490314790181,0.04477768684072154,0.15093312306063517,0.4071677454880306,0.039401937808309286
1,3,429,4.275473774130605,0.00038389404075397525,0.00014047629470615965,2.0812454383383174e-05,0.10257994072529876,0.01006381762173316,0.0024499461533461055,0.28935078104722844,0.03740578611354226,0.19045007015977586,0.007299768938017743,0.1223282760807446,0.04401275462337902,0.153073679123606,0.4093326543058668,0.0394428303199155
1,3,430,4.2961273350095,0.0003800830071138972,0.0001772065643838254,2.9569963021237784e-05,0.10159255043395514,0.010071291097720127,0.0028696218742853374,0.2854485367108317,0.03740988125644841,0.1909538826772145,0.007230398577771017,0.12341940935168948,0.04526377562433481,0.15160968048231943,0.4074976529393877,0.0394179533634867
1,3,431,4.317889045983888,0.00037627940136115507,0.0001726399580733308,2.688484268289967e-05,0.09980428508184488,0.008816128049624486,0.0026988820141764557,0.28863805763929795,0.03742254055240779,0.1932686141559056,0.007337869943252632,0.12229585221835546,0.044262844803077836,0.15474597683974675,0.4093250461987087,0.039470306996788294
1,3,432,4.282099752191528,0.0003724834581200682,0.0001747367664260645,2.5690544253910013e-05,0.09842872142213062,0.008443529414718301,0.0024296897333522228,0.2860324052931036,0.03743760634973211,0.1906438853059496,0.00723309934671436,0.12290046576942716,0.044857769672359736,0.15015110799244472,0.40433925815990995,0.039401172527245114
1,3,433,4.334153509686999,0.00036869541154229633,0.00017459316862107355,2.9922282911039714e-05,0.10153013735430912,0.008862357827364603,0.0022109671559713746,0.2847091821790899,0.03739775066236848,0.19561544273580825,0.007319714408367872,0.12088494322129659,0.04374980766858373,0.1533363237977028,0.4064540948186602,0.039446664175816944
1,3,434,4.324919872162603,0.0003649154952923955,0.00018995382144337394,2.7471006097646715e-05,0.09995170867124807,0.00838102110733902,0.002160350561257253,0.28823152155552095,0.03742650259756348,0.19425370012010848,0.007242404722741672,0.12188907819134849,0.04383747585650001,0.1503988802433014,0.41329054747309,0.0394240782729217
1,3,435,4.287711694830581,0.0003611439425334051,0.00018238108429958303,2.980562553117142e-05,0.10139580266278925,0.009044871597722607,0.0025141051449378933,0.28659686243649823,0.03739459559466075,0.1906286903790065,0.0072757040283509666,0.12334181261914116,0.04440972914120981,0.15396110713481903,0.4084911048412323,0.039437433438641686
1,3,436,4.30424328001041,0.00035738098591246486,0.00015129301366701415,2.3361535011963055e-05,0.10593737415897037,0.011191830673092271,0.0030041306089718363,0.2840340013064227,0.037388372768476175,0.19280499007020677,0.0072337075668786254,0.12197992631367274,0.04415258898266724,0.15241524896451406,0.40673774906567167,0.03943376934954098
1,3,437,4.250985904174149,0.0003536268575464643,0.0001686252842914964,2.8076700050184884e-05,0.0998806983811184,0.008151925239006727,0.001897307911331684,0.28250826012741015,0.0374058255003494,0.18815394810267858,0.007318827722753797,0.12332651977028165,0.0441895356135709,0.15256111856017793,0.4088441516671862,0.03942616071019854
1,3,438,4.298014382020682,0.0003498817890077246,0.00014120963423567127,1.7924317648755535e-05,0.10052744248538341,0.009016196336145105,0.0022154298989052515,0.2836263749784636,0.03738423585168366,0.19297238545758383,0.007296838132398469,0.12147372854607445,0.043258662069482465,0.15186346002987453,0.40841314622334074,0.03942859385694776
1,3,439,4.271507375273816,0.000346146011309714,0.00013138738185906494,1.72271649708174e-05,0.10086316807032789,0.008615110571342476,0.0019936088285549066,0.282245383968631,0.0373779406174294,0.19110845242227828,0.0072752112921859536,0.12177955359220505,0.04341340983020408,0.15055772236415318,0.4047409338610513,0.03941431588360241
1,3,440,4.27358827852752,0.0003424197548927978,0.0001112163328657207,1.3732627871169683e-05,0.10137912211487594,0.008996668609663916,0.0022976794477904813,0.2840123674244557,0.0374033341853364,0.19058196672371455,0.007255797407456807,0.1221641908798899,0.04384036109383617,0.15099088741200312,0.4098884548459734,0.03941638075879642
1,3,441,4.25051745026812,0.0003387032496100244,0.00011809398202582723,1.4884524663782551e-05,0.10072777333479484,0.008358884114518907,0.002162836678552179,0.2827221189887778,0.0373819629905872,0.19058913631098612,0.0072106921247073585,0.12045391010386604,0.04281393119267055,0.15035920164414815,0.4052365847996303,0.03939221373626164
1,3,442,4.273574251451269,0.0003349967247129458,0.00013086324702050916,1.9894539946108125e-05,0.10025935902178866,0.008109759523542327,0.002210149588967556,0.2815891475353426,0.03737321192199744,0.19100948103836604,0.0072994412455175605,0.12188411823340825,0.043490166376744,0.15147740606750762,0.40669784801346914,0.03940096816846302
1,3,443,4.29275536989186,0.00033130040883747703,0.00015011539448785043,1.8644191866381167e-05,0.09861483193427614,0.007289900932714199,0.0022351144526483835,0.285268134283788,0.03739402106809385,0.1919164721454893,0.007246383465826511,0.12221243658236094,0.04390039960188525,0.15203632520777838,0.40854576230049133,0.039443553026233404
1,3,444,4.256194772177339,0.00032761452998979234,0.00016677042060233291,1.912942482183266e-05,0.10227309312056569,0.009689687531965883,0.0021344573571554664,0.28473277607010405,0.03741780733599246,0.18944130412169866,0.0072722480233226505,0.12208009191921779,0.04375009597944362,0.1512071873460497,0.4092166764395578,0.03940528205462864
1,3,445,4.23442417334523,0.0003239393155322612,0.0001314458035602849,1.910665811646167e-05,0.10223952789329788,0.009779449247131214,0.0025639340916684674,0.28171444431091974,0.03737428686717181,0.18888015832219804,0.007241020710872752,0.12119365377085549,0.0434667414852551,0.14954998450619833,0.40300614067486357,0.039391983300447464
1,3,446,4.267509384097383,0.00032027499216942307,0.0001201890600428157,1.6991878583300683e-05,0.10075359494940749,0.0086040726808596,0.0019129576416939353,0.27978381080534853,0.037401746524479786,0.1906440556049347,0.007379438994186265,0.12205845224005836,0.04318193665572575,0.1524207325918334,0.40493791018213543,0.039435096085071564
1,3,447,4.211089738290533,0.00031662178593400354,0.00012844015774373597,2.2547729479555025e-05,0.10377239320174005,0.009919617492343906,0.0027976107534396382,0.28285096918494956,0.037374759183346644,0.18651920769895827,0.007302003779581615,0.12115042124475751,0.04358638144497361,0.15433730291468756,0.41072901657649447,0.039451087159769874
1,3,448,4.267744411783703,0.00031297992217297124,0.00018054099808033393,1.8774976286171365e-05,0.09932216162820465,0.007692861124348727,0.0019353565763347573,0.28139946877377703,0.03740630808819845,0.18972345760890416,0.007190486815358911,0.12257703925882067,0.0444955313578248,0.15333124037299836,0.4063428214618138,0.039427866360970905
1,3,449,4.299345756070614,0.00030934962553363785,0.00015352094932787066,1.9378484912787157e-05,0.10232597321850583,0.009370706400164918,0.002677206973741916,0.28090166206498746,0.03738202498231119,0.19284037394183023,0.007203539733641914,0.12193332718951362,0.043844753078051975,0.15051808953285217,0.40477679882730755,0.0394146346620151
1,3,450,4.290484298505262,0.0003057311199498,0.00010676520928295185,1.785128441183897e-05,0.10503488316119296,0.011388054496192745,0.002645737752634851,0.28083499137637685,0.037382846137563,0.19192100848470414,0.007257120750312295,0.12180096017462867,0.04452374763786793,0.15028863719531468,0.4047322528702872,0.03938191171203341
1,3,451,4.29132794598259,0.0003021246286279271,9.065560230225758e-05,1.3318452697029836e-05,0.10172105725239781,0.00852086046231386,0.00209523481995012,0.28291173178015405,0.037407040993854834,0.1918206321341651,0.007231919294489282,0.12156622111797333,0.04440356485013451,0.1518471081342016,0.41018774679728914,0.03944020079714911
1,3,452,4.259623421895616,0.0002985303740333919,9.524103437603487e-05,1.3912996034810684e-05,0.10024972035757547,0.00871131484604721,0.002139820412673888,0.27866893022963146,0.03738701820952221,0.19011811912059784,0.007250978877501828,0.12171525827475957,0.04411565791815519,0.1494174205831119,0.40257362382752554,0.039394669766936986
1,3,453,4.275613214209266,0.00029494857787674825,0.00010180907589281702,1.4943677223465819e-05,0.10165545279250561,0.008694025067368395,0.0021100638084479797,0.28047914991101014,0.03738539054700472,0.1912001030785697,0.007275118625589779,0.12129864415952138,0.044237152540258,0.15065567514726094,0.4052480459213257,0.039415481367281506
1,3,454,4.276202481436432,0.00029137946110005465,0.00011008094941962113,1.5256375497557704e-05,0.10312753655378101,0.009722742478101,0.0025185175303333593,0.2818211600618455,0.03740951549080969,0.19112464359828404,0.007157590340024659,0.12180155515670776,0.04453631131244557,0.1481108601604189,0.40329845036779133,0.03937180659600666
1,3,455,4.276926073567867,0.00028782324386324626,0.00010215211179315392,1.3959938700970525e-05,0.10104228328298596,0.008734789747039525,0.0022617704641905803,0.28155939063979585,0.03738876254957856,0.19148079412324087,0.007271662953176669,0.12159369673047747,0.043898324615189006,0.14958405601126806,0.4030536711215973,0.039382251245634894
1,3,456,4.271672506623418,0.0002842801455305533,0.0001069959073646211,1.5677840055396145e-05,0.10637365990472071,0.011671667256238825,0.002878157382953044,0.27767548630538497,0.03737188683985507,0.1910924336739949,0.007215695488931877,0.1214125741805349,0.044380485479320796,0.14909758738109044,0.4013515455382211,0.0393728922520365
1,3,457,4.269962237867527,0.0002807503846569704,8.265862497953173e-05,1.4663890335249411e-05,0.10085630102209675,0.008941708126973397,0.0019582179829916798,0.2769197619077071,0.03736412980892126,0.19051395995276316,0.007198412204161286,0.12191732653549739,0.04412335356963532,0.1509010408605848,0.40637095059667316,0.03940491005778313
1,3,458,4.282746814035997,0.0002772341789747751,9.574020713470533e-05,1.3573245286731868e-05,0.10115914545880939,0.007871887709909273,0.0018359160848138221,0.2788278188520265,0.03740393374006725,0.19145389539854868,0.007239431741514376,0.12173960890088763,0.04401299211063555,0.1533936027969633,0.4058139537061964,0.039423326296465735
1,3,459,4.305332574774138,0.00027373174538009644,8.957560605921068e-05,1.3644975564320084e-05,0.09912257909196094,0.008182660513783543,0.0019590870309982773,0.27631700472924314,0.03739039950723787,0.19292694330215454,0.007301144900598696,0.12205285791839872,0.04433566438300269,0.1517875183905874,0.40324810998780386,0.0394037871488503
1,3,460,4.3003514367342,0.00027024329991953667,0.00010708164018511012,1.71837967490787e-05,0.10156706112970426,0.009057998842586882,0.0023291466336073444,0.27864959344123175,0.03739678610152411,0.1929366844041007,0.007235930633864233,0.12141673692635127,0.04401000522609268,0.15238182140248163,0.4056130179337093,0.039400532841682434
1,3,461,4.2560141537274045,0.00026676905777684373,8.376015081647919e-05,1.5485745566851602e-05,0.09942848206434435,0.007536092510862837,0.0018199905063685717,0.2793383421828446,0.037391111001517006,0.1903268929038729,0.007319198788276741,0.12108227397714343,0.043692215478846004,0.14890218206814357,0.4036393591335842,0.03937888730849538
1,3,462,4.272972610100619,0.00026330923325963793,7.280181113317455e-05,1.0609509652709075e-05,0.10154535259725977,0.009298271368465666,0.0024835597559836812,0.27717099751083596,0.03737977378576705,0.19131365418434143,0.007275006268173456,0.12108078386102404,0.04406025101031576,0.15058218368462153,0.4032269673688071,0.03939722638045039
1,3,463,4.27629068867322,0.00025986403978619317,5.9601375539289804e-05,9.731502390405314e-06,0.10170278343760851,0.009753344932037578,0.002203526430270517,0.2768240423457136,0.03734908469961685,0.19168472502912795,0.007282298324363572,0.12135878524609975,0.043863526678511074,0.1487284962620054,0.40151366165706087,0.03937113231846264
1,3,464,4.287609917460978,0.000256433689872271,7.133588598344872e-05,1.0335256302444144e-05,0.1041720511337507,0.009847336577577064,0.001787892842294594,0.2777998534221094,0.037381252870687005,0.19163971074989863,0.00722015170114381,0.12236710744244712,0.04423418840659516,0.15038767563445227,0.4037567206791469,0.03938130821500506
1,3,465,4.263818419786431,0.00025301839511801245,6.420579743859792e-05,8.879450656555156e-06,0.09931418462430389,0.008571485771788555,0.0015791533836977357,0.27667105689789484,0.03738964410516822,0.1912242748907634,0.007228424772620201,0.12048760482243129,0.04353883849190814,0.1504462371979441,0.40368481619017466,0.039390504892383306
1,3,466,4.256306587381363,0.00024961836619488546,7.384750091818894e-05,9.23503691490058e-06,0.10364542937683828,0.00999519591292059,0.0026613573512080514,0.2754114464070033,0.037340436781783705,0.18985040272985185,0.007358435408345291,0.12153726071119308,0.044114517979323864,0.15134370114122117,0.4019801446369716,0.03940609523228237
1,3,467,4.24484259156242,0.00024623381283268956,6.140584463917071e-05,8.12475726871146e-06,0.10220292839899804,0.00967166096523621,0.0025192270009073165,0.2767313666714048,0.03736295142364733,0.18872661888599396,0.007290569799286979,0.12205722289425987,0.04408751308385815,0.1511135580284255,0.4040579114641462,0.03940102670873914
1,3,468,4.226352950642146,0.00024286494380661885,7.191074802144656e-05,1.3745524709131873e-05,0.10310869627785914,0.010726168326744176,0.0025041913749306527,0.2764475799879981,0.037416378741414805,0.18714581429958344,0.007305825328720468,0.12234072387218475,0.044569613811160834,0.14961636705057962,0.4029488520962851,0.039370867290667126
1,3,469,4.287716912590526,0.0002395119669243836,9.178233806081161e-05,1.0647391884084604e-05,0.1008913167616696,0.008048327635178,0.0021496731940503187,0.2749560209153925,0.03737461288432473,0.19228285125323705,0.007229898989732776,0.12127426585980824,0.043795034289360046,0.15223584856305802,0.40442106979233877,0.03940320174608912
1,3,470,4.288792835474052,0.00023617508901339188,6.652230375533408e-05,1.0511681409200905e-05,0.10431954676954491,0.010222882633685197,0.0022622853866778314,0.2743185399805458,0.037343960508559516,0.19230853021144867,0.007289958252970662,0.12160701623984746,0.043612261302769184,0.150942862033844,0.4046371451445988,0.03938456784401621
1,3,471,4.264079898013212,0.00023285451590799108,6.499306830855593e-05,7.38384673664786e-06,0.10200552606177561,0.008331660805179657,0.002428770927402634,0.2741801785033883,0.03733355823217086,0.19067333212920598,0.007286302146634885,0.12135653091328484,0.043778282191072194,0.150713997227805,0.40314698219299316,0.03936932608485222
1,3,472,4.232751975714825,0.00022955045243677213,7.067303720282988e-05,8.678542561699817e-06,0.09926630404678363,0.009204596885733161,0.0023472025700578087,0.27364668828769795,0.037384037977283444,0.18910410148756845,0.007248770512108292,0.1213914081454277,0.04349142871797085,0.14702773626361573,0.3963587624686105,0.03934496800814356
1,3,473,4.260179967281781,0.00022626310240993314,5.387017715725713e-05,6.095968042378109e-06,0.1011749231120915,0.00824023237976345,0.0018179519005906452,0.27366836788584886,0.03735496667982305,0.1902623325586319,0.0072512816238616195,0.1215132794209889,0.0439916110730597,0.1508286776287215,0.40233039430209566,0.03937548558626856
1,3,474,4.267262751761488,0.0002229926686067087,4.8698862865951494e-05,5.373057127903805e-06,0.10021698800394836,0.009604078891587634,0.0021082088403523566,0.2726463704433256,0.03736922864630384,0.19069750819887435,0.007353027550769704,0.12181884901864189,0.043656559261892526,0.15138426955257142,0.4024669144834791,0.03939046976821763
1,3,475,4.256568407296725,0.00021973935276286074,6.244683496793054e-05,6.231539923072825e-06,0.09737286897538935,0.006593625759705901,0.0019083589304677094,0.2725951283880808,0.03738338456859867,0.19026852079800197,0.007266554382762739,0.1215386837720871,0.043636017479002476,0.14982056191989354,0.40120453919683186,0.039370086044073105
1,3,476,4.214517864730097,0.00021650335555823514,5.944015243338213e-05,7.371515633087821e-06,0.10276023660180639,0.011471331723088634,0.002549415417111623,0.27387651974715077,0.03735360112583753,0.1876926507268633,0.007272027965102877,0.120932865355696,0.04365561210683414,0.14764528189386641,0.4006325219358717,0.0393411394740854
1,3,477,4.29160370649539,0.00021328487660438237,6.900284632456092e-05,7.716955645803167e-06,0.10258695859353519,0.009297371857790547,0.0024756553607712525,0.27424180883805727,0.037350597167478024,0.19264836396489823,0.0072698402883751055,0.12156009141887937,0.044015207194856236,0.14890816701310022,0.40053166661943707,0.03935898946864264
1,3,478,4.2411945252336185,0.00021008411443224463,6.671499933378356e-05,9.376300762225795e-06,0.09846246115935658,0.007904188499505659,0.001724902094845904,0.27148437181722773,0.03732110773330753,0.19001104150499618,0.007303996410753045,0.1207643374800682,0.042936402772154124,0.1489149502345494,0.39966223921094624,0.03935587140066283
1,3,479,4.218973674785793,0.00020690126647990973,5.3597982276063774e-05,9.06064170981021e-06,0.10602407316559727,0.010019395543370866,0.0021828356786976902,0.27342392113602276,0.037368068561970606,0.18790735730103084,0.007294469379952976,0.12099240188087736,0.043514376639255455,0.15067657934767859,0.4002651061330523,0.03939191784177508
1,3,480,4.24904431138128,0.00020373652908043185,5.323275212663027e-05,7.5734672781904525e-06,0.09752972720606813,0.007154808117492685,0.0017525329174320169,0.27070801408545486,0.03733037741294185,0.1908101120165416,0.007229381939396262,0.12038772127458028,0.04292699548282793,0.14913490095308848,0.3992812378065927,0.039359146995203834
1,3,481,4.302903389446363,0.000200590097449721,6.143651573208966e-05,7.654970837940657e-06,0.10639367675752316,0.010937363270995686,0.002178833784746883,0.27191163498221094,0.03734593892705093,0.19389681092330388,0.007287659748856511,0.12110771025930132,0.043432715881083696,0.1506024066890989,0.4001814212117876,0.039368068533284326
1,3,482,4.220619778068065,0.00019746216567450108,5.454573601154267e-05,6.460502256178868e-06,0.10090386831355326,0.00999547515824003,0.002584226836633498,0.2697943755723898,0.037319986818774235,0.18750411484922683,0.007296278008392879,0.1216409791793142,0.04405647822256599,0.14967476363692964,0.3997584751674107,0.03935919914926801
1,3,483,4.277513480150886,0.0001943529267003382,4.7032542161369984e-05,5.56792499802452e-06,0.103978817468708,0.00975767845848521,0.0018187800002141938,0.2712707591866984,0.0373658146890043,0.19169948143618448,0.007276613664414201,0.12137680926493236,0.043799120001494884,0.15052002987691335,0.40169451917920795,0.0393598446888583
1,3,484,4.269507521968595,0.0001912625723197379,4.310762798340168e-05,4.661123869667684e-06,0.09795699753228901,0.0076836954657603235,0.001468623623260957,0.2703263531032118,0.03734379026640966,0.19151098813329423,0.007304274809679815,0.12120783541883741,0.04350556167108672,0.14972538501024246,0.39917065841811045,0.039348648594958444
1,3,485,4.267974709231071,0.00018819129316031527,3.85770491951369e-05,4.320919545322786e-06,0.09977546037690153,0.008260979190541124,0.0023182422117368562,0.27071143180421253,0.03735088365315234,0.19136387748377665,0.007269121107778379,0.1211954972573689,0.04338423641664641,0.15042021444865636,0.40091647846358164,0.03937067251120295
1,3,486,4.255899904337302,0.00018513927867303584,3.856013631996319e-05,3.5116439929994352e-06,0.10189533027485737,0.00815870639759577,0.0018133880940403844,0.27069872530918676,0.037341433134183144,0.19020063323634012,0.007260025212807315,0.12181489701781954,0.04366289411804506,0.14931935178382055,0.39914289116859436,0.03935030209166663
1,3,487,4.259996547979154,0.00018210671712052948,3.728208266516799e-05,3.894584058365828e-06,0.10326964733670059,0.010472709282518373,0.0019581569201884866,0.2692796304387954,0.03734223841174135,0.19032042154244014,0.007286446368587869,0.12158549896308354,0.043985448378537385,0.15045678615570068,0.4002662641661508,0.039359831916434426
1,3,488,4.311243954032547,0.00017909379556547744,4.2921448837359916e-05,3.4458668074628945e-06,0.10131905061527363,0.009229160152438992,0.0019850006843555395,0.27258427629193055,0.03735738338052648,0.19418253856045858,0.00727295083925128,0.12136628585202354,0.043706970023257394,0.1496525811297553,0.4021505798612322,0.039349867297070365
1,3,489,4.27674061481256,0.00017610069985907333,3.908529991181725e-05,3.903930147334374e-06,0.10012196604777308,0.008677665896948825,0.0020865969785412285,0.2695073560603614,0.037374832965795274,0.1917757796389716,0.00733662662761552,0.12116776938949313,0.04367484910679715,0.1510415662612234,0.4012759029865265,0.03936465989266123
1,3,490,4.234840074241758,0.000173127614629559,3.577842312772844e-05,4.464295426983987e-06,0.10384669198283872,0.010789244659516273,0.002218090621381546,0.2701034551685296,0.03731854607179327,0.1891242606299264,0.007271666146282639,0.12113916022436959,0.04346747949187245,0.14924223933901107,0.39925708941050936,0.03934657786573682
1,3,491,4.268165070219748,0.00017017472327083598,3.890042266770587e-05,3.4331300416719722e-06,0.10271018323967758,0.007751198693458895,0.0018684489787296275,0.2693086437229971,0.037331888072409676,0.1915891936847142,0.007262598124465772,0.12118836066552571,0.0436794197719012,0.1472432975258146,0.39704378162111553,0.03933282356177058
1,3,492,4.273799797139093,0.00016724220793115253,3.5726913409641024e-05,3.4549976132960017e-06,0.09648709151061993,0.007359760681176287,0.0012188389891977828,0.26716339269888056,0.03731794326195439,0.19187328006540025,0.007298035214522055,0.12077417863266808,0.043539655793990405,0.15054743417671748,0.40129261357443674,0.039361563112054555
1,3,493,4.241341917160712,0.0001643302495018682,3.558358357887539e-05,3.367555335704681e-06,0.1005761081587921,0.008323241859330859,0.0014660514175419434,0.2680834356731581,0.03732687574856489,0.18956307641097478,0.007287604601255485,0.12145801314285823,0.04356631224176714,0.14718896682773316,0.39748615452221464,0.03932229908449309
1,3,494,4.265717914621942,0.00016143902760629554,3.5493448468488054e-05,3.269538349970778e-06,0.10323488509770735,0.008656771422942503,0.0022838246583084133,0.26870999521422156,0.03733476016272619,0.1908570251294545,0.0072831520810723305,0.12162711471319199,0.0437185958560024,0.15018493895019805,0.40026473147528513,0.03935656962650163
1,3,495,4.263789558528997,0.00015856872058862,3.73228371933948e-05,3.2315710631805415e-06,0.09968692404263228,0.009029117898870875,0.0018305061580002923,0.26803136276967315,0.03730963991538992,0.19131108054092952,0.007258583725030933,0.12140338867902756,0.04352841539574521,0.14684859769684927,0.3961499205657414,0.03933676491890635
1,3,496,4.255781066755019,0.00015571950550289865,3.8811843870524136e-05,4.671780851760594e-06,0.10664540869229049,0.011650381815502221,0.002320844606746178,0.2679212295893327,0.03730833190448076,0.19096356630325317,0.007278533585901771,0.12092824706009456,0.0430966050231031,0.1491962139095579,0.3981819067682539,0.039347875863313675
1,3,497,4.273238860597573,0.00015289155810213902,3.9768283986808613e-05,3.8129212178371974e-06,0.1019699614748214,0.009743608799943864,0.002592038916191086,0.26663497842631295,0.037302742775493454,0.19173577214990342,0.007231147627213171,0.12142898780958992,0.04394761526158878,0.146855072251388,0.3969749893460955,0.039321313479116986
1,3,498,4.265420384728722,0.0001500850528274576,3.959488875127524e-05,3.8235731811529125e-06,0.09969213554292049,0.008230447201781626,0.0016778297619204697,0.26554931425353856,0.037278317529888985,0.19161299083914077,0.007240445353090763,0.121060311794281,0.04322961425142629,0.1485647080200059,0.39732552000454496,0.03933674256716456
1,3,499,4.277420395913124,0.00014730016279731955,2.8421910331602598e-05,3.1579261910770335e-06,0.1030840354347692,0.01020617931131816,0.0017505198210202048,0.26709498739936977,0.037327871486110595,0.19259851106575557,0.007265021492327962,0.12081494820969445,0.043147887768489976,0.1492713519505092,0.3970764832837241,0.03934335708618164
1,4,500,4.284533981973305,0.00014453705979685998,2.5545042006748737e-05,2.6381787991128467e-06,0.09977668491237372,0.007722207634411391,0.0012360312145212394,0.26676905299853354,0.03731957540928739,0.19223952719143458,0.0072526659018227035,0.1217077619263104,0.0437221002898046,0.15017309039831161,0.3989699823515756,0.0393363248024668
1,4,501,4.272170579847432,0.00014179591426728726,2.539790079273957e-05,2.754053799409006e-06,0.10322199537626749,0.010384449886736794,0.0019643055376804713,0.2665455060676464,0.037327775062577236,0.19189324123518808,0.007250648457556963,0.12154436856508255,0.04342337418347597,0.14759305438825063,0.39545510496412006,0.03932236188224384
1,4,502,4.279032774823718,0.00013907689529536968,2.5988044372637694e-05,2.3998677169870063e-06,0.10558706059039218,0.01027110870701523,0.002397654944006806,0.26691499902206717,0.037327622253339264,0.19262872423444474,0.007229986866669995,0.12084729756627764,0.04357780635889087,0.14778527191707067,0.3959893669400896,0.03932569442050798
1,4,503,4.290616422927938,0.00013638017060300505,2.4931569199006578e-05,2.71506433494509e-06,0.10415796053062365,0.009515067906055635,0.0019355845836542763,0.26753899541873377,0.03734358740084379,0.19312362798622676,0.007272078589137111,0.12123643926211766,0.04324438037084682,0.15061740683657782,0.3988291493483952,0.03934623673558235
1,4,504,4.283628859709613,0.00013370590653687508,3.0526654211040225e-05,2.592723762752286e-06,0.10782285085291539,0.012233736316754836,0.0030670701598158575,0.2660121992953773,0.03730307855797045,0.19297621505601065,0.007274135747658355,0.12088064210755485,0.043456604704260826,0.14776079888854707,0.3960669423852648,0.039315963962248394
1,4,505,4.275245297985263,0.00013105426805818448,2.4676593454290198e-05,2.4131849280361298e-06,0.10180539988632341,0.00845751702758366,0.0018437075686078175,0.26584924569407714,0.0372947892083705,0.1922069787979126,0.007269040681421757,0.12115425829376493,0.04339261845286403,0.14801561938864843,0.3971749799592154,0.03933249467185566
1,4,506,4.272952975555621,0.00012842541873248482,2.6399440102271276e-05,2.7141990395886873e-06,0.09651613640553743,0.006533405137727562,0.001197532011061518,0.2648154598416634,0.03732066449609775,0.19195776113442012,0.0072695306901420865,0.12118869913475853,0.04351304551320417,0.1480596980878285,0.3972869302545275,0.039320962237460275
1,4,507,4.271996223416962,0.0001258195207195855,2.3200574078940725e-05,2.2538616467367655e-06,0.10223397070053712,0.009791226998803396,0.0024385332920785216,0.2656041424251297,0.03729857099287718,0.1918691567012242,0.00728211658341544,0.12130628206900188,0.04325089656880924,0.14909409093005316,0.39797763739313397,0.03933178580233029
1,4,508,4.236262768807449,0.00012323673476355082,2.7933670794173115e-05,2.3581308450780692e-06,0.1011611005490266,0.009201400784450104,0.0017237905486378348,0.2644899043354016,0.03729595866018129,0.18983169538634165,0.007253577467054129,0.12095432302781514,0.04299861112875598,0.14695191383361816,0.39614908610071453,0.03931541794112751
1,4,509,4.251842522899471,0.00012067722018278456,2.714944335838861e-05,2.124454824995146e-06,0.09794314357551556,0.007745953789885038,0.0014590366200421874,0.2643474378053424,0.03730160066659011,0.19076791192804063,0.0072402674704790115,0.12078362703323364,0.04342906416526863,0.14745022037199565,0.3967187702655792,0.03931111044117382
1,4,510,4.2618602683978155,0.00011814113486020249,2.2722243777678565e-05,2.3583699649217362e-06,0.10235353696693494,0.009164947843477492,0.0020544149584274794,0.26329130281522434,0.03729524991466004,0.1911979615688324,0.007262087626648801,0.12096361603055682,0.043208733334073,0.15078068311725343,0.3992835921900613,0.039354001304933
1,4,511,4.268950527536608,0.00011562863523349333,2.432165124402178e-05,2.5535183644889416e-06,0.09912074234300447,0.007238068095706765,0.0018921238457833788,0.26324162653927663,0.03730453608684169,0.19207310037953512,0.00724702188745141,0.12061693838664464,0.04320874810218811,0.14861891525132315,0.39768881457192556,0.03932446933218411
1,4,512,4.2704143172144144,0.00011313987628546895,2.0650897726916158e-05,2.152033269481162e-06,0.10038313081542265,0.008544440351842531,0.00159605003560518,0.26421002942381555,0.03732200538359799,0.1920881633247648,0.00724970709000315,0.12051993502037865,0.04330160402293716,0.15006740710565022,0.39804481182779583,0.03934972946132932
1,4,513,4.288347069439255,0.00011067501153450438,2.1587316306306216e-05,2.0519943390557546e-06,0.10001213042047417,0.006461972804758155,0.0015524509090204606,0.26548794230211126,0.03730554658087712,0.19317431322165898,0.007249301499021905,0.12087007399116244,0.04342994785734585,0.14916684052773885,0.39805982794080463,0.03932821910296168
1,4,514,4.269358343847841,0.0001082341930250679,1.9087676900225347e-05,1.8791277561478318e-06,0.10022998825438971,0.008646578374273569,0.001838990886700204,0.26369762189179946,0.037308911024366766,0.19206590737615312,0.007279532296316964,0.12067862493651253,0.043464257780994685,0.14745295154196875,0.3960841681276049,0.03931023180484772
1,4,515,4.280172988949903,0.00010581757131834264,2.149973186939498e-05,2.309956577948151e-06,0.10373464523299226,0.01038320237110613,0.002404806324935211,0.2633829082100137,0.037268212300191804,0.19272328913211823,0.0072585115475314,0.12102656705038888,0.04328304356230157,0.14845376461744308,0.3959281401974814,0.0393229749585901
1,4,516,4.275011754709371,0.00010342529548293876,1.8057573629227848e-05,1.9897524973944687e-06,0.10271463687848119,0.010554818820786996,0.002414998220753386,0.26285008116833214,0.037267955001986146,0.19240947706358774,0.007248171139508486,0.121073736676148,0.04319547462676253,0.14795829781464168,0.39583405426570345,0.039318085248981206
1,4,517,4.277828685340509,0.00010105751308569832,1.707032084790255e-05,1.55319067408589e-06,0.09925623585298224,0.007663462236433208,0.0013948532042615748,0.26256469123571824,0.03730606215382085,0.1925575818334307,0.007240032577621085,0.12083905509540013,0.04336893718157496,0.14906672175441468,0.3964812968458448,0.03932385891675949
1,4,518,4.27790033162307,9.871437018259281e-05,1.8611283972788743e-05,1.6507482325447129e-06,0.1008055047358124,0.008277283694360007,0.0022479185138860698,0.2628356253059165,0.037289444935842624,0.19256510053362166,0.00725470097469432,0.1207322318639074,0.04350064934364387,0.14782110920974187,0.39728331565856934,0.03930669756872313
1,4,519,4.266586283212714,9.639601130971382e-05,2.0409766531301304e-05,1.7000816319081936e-06,0.10567144445568613,0.012154000836144228,0.002723518134975236,0.2638807047918005,0.03726691195687044,0.19196989493710653,0.0072622945133064476,0.12073255543197904,0.04326148410992963,0.1473870011312621,0.39577109047344755,0.039308334567717144
1,4,520,4.2550742976943035,9.410257947435694e-05,1.6875627480455203e-05,1.9002368180206282e-06,0.10331371090221174,0.009550539643313843,0.0021105616393575933,0.26278104423319254,0.03729387792279419,0.1912659172500883,0.007261916462864194,0.12076070372547422,0.042960790917277336,0.14824592854295457,0.3952752522059849,0.03931327856012753
1,4,521,4.265794755471163,9.183421614620087e-05,1.5316074257374637e-05,1.4804878812082306e-06,0.10136443817789115,0.008260066001630813,0.001935422139070494,0.26110408939782853,0.037253742151468705,0.19169809562819345,0.007270273220326219,0.12086062026875359,0.043490471584456306,0.14782528153487615,0.39598773206983295,0.03930912007178579
1,4,522,4.28388989651639,8.959106124858059e-05,1.9382218516573595e-05,1.9207583264484765e-06,0.10109195218068882,0.008415713234922116,0.00185115376568752,0.2619798644943145,0.037280901615480776,0.19298802316188812,0.007255943957716227,0.12088305183819362,0.04334289128226893,0.1481663818870272,0.39709306188992094,0.039315126304115565
1,4,523,4.2565962659229335,8.737325314985648e-05,1.815262750771351e-05,1.605716827006052e-06,0.10377393120411531,0.009413435239145913,0.0018812039644102504,0.2621989850569697,0.037292593384830694,0.19102733050073897,0.007260255848190614,0.12108808010816574,0.04323107616177627,0.14853263327053615,0.39597451261111666,0.03931383575711932
1,4,524,4.274905761217959,8.518092865487877e-05,1.6618999519407436e-05,1.4888666762037018e-06,0.09856657839371162,0.007558691751627812,0.0018191126201220435,0.2615594332947314,0.0372729877245079,0.19266345458371298,0.007270325640482562,0.12067759462765285,0.04309624047683818,0.14759322255849838,0.3957003780773708,0.03930551505514553
1,4,525,4.272756467538141,8.301422299654911e-05,1.4898831545244178e-05,1.3994293982532944e-06,0.10271425223321591,0.010571506861099991,0.0025836557755416294,0.26018865001433106,0.03724339582677026,0.19232842113290513,0.007255204221499818,0.12074673495122365,0.04312278875815017,0.14921245191778457,0.3969057244913919,0.03932392756853785
1,4,526,4.275139597052187,8.087326982747851e-05,1.660742753266427e-05,1.5991175042004612e-06,0.10071826570676369,0.008778711760561298,0.002041636765267682,0.2613537907600403,0.03724203794037254,0.19302523349012649,0.007201434578746557,0.12020938843488693,0.04299580039722579,0.14774865231343678,0.39501879470688955,0.03930571675300598
1,4,527,4.267773024767898,7.875820121174359e-05,1.8539212310183184e-05,1.7569517853878352e-06,0.10431827745825342,0.009965772801576164,0.002206736702152112,0.26060446170927254,0.037231629406942905,0.19209172895976476,0.007258006704172918,0.12073606891291482,0.04315227083861828,0.1475153916648456,0.3960012410368238,0.039303572582347054
1,4,528,4.2763049374865,7.666914761673896e-05,1.573897155413734e-05,1.3981859225274552e-06,0.10326367663671669,0.00976414038026615,0.0016452639710691586,0.26044142072640575,0.03726817573447829,0.19249711079256876,0.007254229991563729,0.12088098270552498,0.043194886829171865,0.14864082315138408,0.39711908783231464,0.03931454462664468
1,4,529,4.262665393568091,7.460623790513107e-05,1.6439936471833435e-05,1.7095203877907957e-06,0.10270848935379566,0.008358462956661665,0.002169903083359687,0.26030789749714933,0.037257163487013106,0.1917215074811663,0.007281574420630932,0.1206062723483358,0.04331170315189021,0.14709811125482833,0.3959943013531821,0.03929371652858598
1,4,530,4.265294131413288,7.256959932690775e-05,1.6276078250723126e-05,1.5666274511275034e-06,0.09923016402906584,0.008833263979239154,0.0016847380471711941,0.2596780799546288,0.03728144228892419,0.19203478736536844,0.0072487215511500835,0.12049392397914614,0.04330860011811767,0.14712145818131311,0.39494373968669344,0.03928930897797857
1,4,531,4.272082021723092,7.05593575115301e-05,1.2412976184792058e-05,1.3266981660061133e-06,0.1005797679129156,0.00910990005268634,0.002032579991314334,0.26000242282464664,0.03727193071859554,0.1923636027744838,0.007283002071614776,0.12060774224145072,0.043299446414623945,0.14814681559801102,0.395649607692446,0.03930690245968955
1,4,532,4.277443913642019,6.85756364601826e-05,1.3038303196366347e-05,1.1242064863491904e-06,0.10073228777178282,0.00893553075475564,0.0016279670255014546,0.2593762886176989,0.03726690052782448,0.19281022463526046,0.007243836298584938,0.12088444296802793,0.04301466180809906,0.14782271534204483,0.39517361351421904,0.03930037149361202
1,4,533,4.289362518743351,6.661855853812344e-05,1.5373203637263766e-05,1.3412122053055496e-06,0.10477796139068973,0.011369689878582665,0.002194693781524779,0.26072587289856475,0.03723321138944441,0.19367266127041408,0.007254786124186856,0.12067097425460815,0.04313356016895601,0.14766624463456018,0.39594413552965435,0.03930011923824038
1,4,534,4.272807526188568,6.468824446713793e-05,1.59570034298067e-05,1.4992451007096905e-06,0.10188424117067485,0.008659337963728071,0.0018570927231407553,0.2600301605405159,0.037252969859005176,0.19224923636232102,0.007247658712523324,0.12075297960213252,0.043359006222869666,0.14877441419022425,0.39665123394557406,0.03930940479040146
1,4,535,4.2786623247046025,6.278481331809015e-05,1.28842408071471e-05,1.168687906423992e-06,0.10384829233861664,0.01046051220624771,0.0018028668106761896,0.25922199866725404,0.037272688797087346,0.19301027698176249,0.007257977101419654,0.12044499920947212,0.0431597734402333,0.148151801100799,0.3953859806060791,0.03930724625076566
1,4,536,4.263807060442753,6.090838250357971e-05,1.2685569972127623e-05,1.118516158519977e-06,0.10018944219478125,0.008469371667620048,0.0017816158167247036,0.258964350356639,0.037264447080568204,0.19191320453371322,0.00724383071064949,0.1205950602889061,0.043123058043420315,0.1479757513318743,0.3952896807874952,0.039302662547145574
1,4,537,4.269127553237192,5.9059067770697614e-05,1.2145929776504523e-05,1.0717886924379572e-06,0.10495044609296669,0.011926262042693142,0.0026453703275126704,0.2590127192365313,0.037262884809554205,0.19197821617126465,0.0072491419102464405,0.12094561117036003,0.04321666793631656,0.14886864381177084,0.3962025386946542,0.03931380755134991
1,4,538,4.255914719528518,5.723698319388812e-05,1.2431927820375456e-05,1.1914996715179248e-06,0.10157378263843869,0.009876763558883256,0.002019584026765214,0.2601508424409385,0.037292891878236846,0.1913920513221196,0.007245934634868588,0.12045367594276156,0.043177617979901176,0.14780168128865107,0.39545924748693195,0.039299617388418744
1,4,539,4.265832912706882,5.544224116791029e-05,1.142581347876242e-05,1.068044599109165e-06,0.09904328270733935,0.0074429528005602,0.0016924327953427,0.25907096787563805,0.03726557750725052,0.19196935423782893,0.007258060321743999,0.12080934856619154,0.04316222095595939,0.14772479448999679,0.39463491099221365,0.03929474949836731
1,4,540,4.272389076029584,5.367495240090662e-05,1.1843227255367222e-05,1.1458459431258198e-06,0.10436951224375697,0.010760869550545818,0.002488424227142354,0.25863157791420094,0.03724608360563667,0.19233992908682143,0.007239688121314559,0.12087734362908772,0.04330884465681655,0.14733970378126418,0.39501198700496126,0.039291617061410634
1,4,541,4.274456449470855,5.193522590757254e-05,1.1341839832947725e-05,1.0688454086421984e-06,0.105748181204194,0.011215211012066134,0.0024511455169718404,0.26033121463164544,0.037282662014070066,0.19248325271265848,0.0072541739126401284,0.12056153054748263,0.04329503420740366,0.14900041158710206,0.3965895729405539,0.03930930846503803
1,4,542,4.267588710812256,5.0223169002433227e-05,1.0621137449755762e-05,9.764684283073594e-07,0.0996498239850535,0.009315392994819191,0.0015876591385023452,0.2574536649926195,0.03725693913773426,0.19208129814692906,0.00726283507953797,0.12056556237595421,0.04328393643455846,0.1480985028403146,0.3957035669258663,0.03929555096796581
1,4,543,4.2730391845431175,4.853888729322333e-05,1.0663817325285952e-05,9.431790124491599e-07,0.10091035899896066,0.008672587324874205,0.0012598359554404736,0.2583091438395306,0.03723751630597902,0.19244399028165,0.007234971970319748,0.12081347618784223,0.04314950507666383,0.14818169389452254,0.3952967311654772,0.03929163196257183
1,4,544,4.27090568930395,4.688248467437186e-05,1.0588795747520353e-05,9.431213373503746e-07,0.0982132318963125,0.007602922134643909,0.0014276200508725947,0.25721445115445885,0.03722615543644405,0.19251411301749094,0.007239169773778745,0.12046857284648078,0.043023163718836646,0.14849538994686945,0.3952031987054007,0.03929469734430313
1,4,545,4.27134104673177,4.525406332059519e-05,1.0647082110630683e-05,9.192119771628798e-07,0.09742093187512703,0.006414597471995117,0.0015820782009717891,0.25745049162397105,0.037245823631008854,0.19222627793039596,0.007246562013668674,0.12075406312942505,0.04321215847241027,0.14899152730192458,0.39626692874091013,0.039302395922797065
1,4,546,4.265953386613205,4.36537236805925e-05,1.0028156325858521e-05,9.1917727563536e-07,0.10161517220504075,0.009015777312192016,0.0015599383562588521,0.2575792926318437,0.03723612612167609,0.1921409262078149,0.00723456298666341,0.12047084953103747,0.043131367835615365,0.14792360365390778,0.39510526401656015,0.03928373221840177
1,4,547,4.279821120208315,4.2081564470851536e-05,1.1221364403151437e-05,9.545452569212112e-07,0.10270393111752076,0.009603956913195768,0.0027165311641281346,0.25811851444174944,0.03724137990220079,0.19298373801367624,0.007230804567890508,0.12073067788566862,0.043302073808653016,0.14736010879278183,0.3943558122430529,0.03927794684256826
1,4,548,4.260127190666236,4.053768266955742e-05,1.1057858986515004e-05,1.019759977380002e-06,0.10472620488370507,0.01137121458474583,0.00250635953499705,0.25740799481428944,0.03724027486536109,0.19196908601692744,0.00724505413589733,0.12023868198905673,0.04303888364561966,0.14713993881429946,0.39414420298167635,0.03926825789468629
1,4,549,4.271503713156581,3.9022173510612386e-05,1.1309214650926822e-05,1.021844309103401e-06,0.10052006543406004,0.008516303711181995,0.0015969173770818354,0.25641635233916127,0.037248771637678146,0.19260454603603908,0.007246671577117273,0.12043237686157227,0.04315966460853815,0.14733371032135828,0.3943324727671487,0.039273706930024285
1,4,550,4.262698006739058,3.7535130477759665e-05,1.0187674950394617e-05,9.260750390831604e-07,0.09782729500416414,0.008117435744158852,0.0014099683866890382,0.2564745076651712,0.03725284330763863,0.19176813747201646,0.007235200476965734,0.12074172390358788,0.043179383767502647,0.14758907577821187,0.3950497465474265,0.03927809266107423
1,4,551,4.27217087293379,3.6076645298818454e-05,1.0798205092444212e-05,9.354265364546663e-07,0.09821192377689973,0.0075534215825383815,0.001696088140942292,0.2557523968150315,0.03724179666453195,0.19267811519759043,0.007226911706051656,0.12043680037770953,0.04300562372165067,0.14794559670346125,0.3948960602283478,0.03928110535655703
1,4,552,4.266913808251396,3.464680794002455e-05,1.0673270092243487e-05,9.777944210857208e-07,0.10328636260576618,0.009280760463969149,0.0020455360292226474,0.2566225686408941,0.037251883050770436,0.1922063465629305,0.007242708134331873,0.120368307190282,0.04320387249546392,0.14809036148445948,0.3952210545539856,0.03929147017853601
1,4,553,4.275831302746609,3.324570660048124e-05,9.912231371786618e-06,9.199994914065561e-07,0.10144729073186523,0.008381813836907878,0.0016047952229606929,0.2553604060006373,0.03720283265976072,0.1927003413438797,0.007242170561637197,0.12059875471251351,0.04313661876533713,0.14894161692687444,0.3956026179449899,0.039303508188043325
1,4,554,4.278312396852523,3.1873427706719215e-05,1.1286806591104907e-05,1.000657538413877e-06,0.0977031909725041,0.006320189381723554,0.0009804636473683822,0.25472750782387926,0.03722381457975767,0.19286973774433136,0.007248936154480491,0.12064239595617567,0.043140728159674575,0.14865729425634658,0.3954982714993613,0.03929300819124494
1,4,555,4.271556272920594,3.0530055907364385e-05,1.0428644202972278e-05,9.635195816522399e-07,0.09811964667248495,0.008080151688208062,0.001980256748406072,0.2540479808756449,0.03721933225983555,0.19238614397389547,0.00724546963881169,0.12065881277833666,0.04332834003227098,0.14775707998446055,0.3944131348814283,0.03928191427673612
1,4,556,4.274007102399245,2.9215674067917356e-05,1.1041150500407912e-05,9.703444690776715e-07,0.09912139748774686,0.008353797453274787,0.0014719344093181753,0.25420227473221935,0.03725114374340159,0.19257843494415283,0.007241176574357918,0.12074650611196246,0.04332240018993616,0.14702338725328445,0.39402759075164795,0.03926348366907665
1,4,557,4.261109513598457,2.7930363265641128e-05,1.1170006199817296e-05,1.0025464430151102e-06,0.09798401615862708,0.007138531259487121,0.0011312729174393292,0.25338418376677246,0.037275601829429274,0.19160822246755874,0.007229597041649478,0.12080990523099899,0.043168031610548496,0.14825873183352606,0.3947968568120684,0.03928311914205551
1,4,558,4.267934532468096,2.667420278456051e-05,1.0992116109017075e-05,9.813700437660779e-07,0.10215293934333672,0.009636372515425375,0.0020535119407407904,0.2535510151420982,0.03726702537930127,0.19220888827528274,0.007230022523019995,0.12062789180449077,0.04315090059701886,0.1480099612048694,0.39476952808243887,0.03928059020212719
1,4,559,4.269469769244529,2.5447270110570814e-05,1.1435896719809287e-05,9.949099005530777e-07,0.1042453331276051,0.010475742481468082,0.0020694561850548568,0.2533504565074606,0.03724147093672197,0.19229044233049666,0.007236353720405272,0.12063329028231758,0.04329758616430419,0.14761595321553095,0.39414149948528837,0.03926511162093708
1,4,560,4.262630027310178,2.42496409266589e-05,1.1074227608580117e-05,9.427272844220072e-07,0.10051899323764357,0.008588075181198062,0.0015265346823759758,0.25299567027578074,0.03724668742817582,0.1918815416949136,0.007240199949592352,0.12058328092098236,0.04315832044397082,0.14775105778660094,0.39426763568605694,0.03927069583109447
1,4,561,4.276111835620068,2.3081389108234106e-05,1.1261469834722642e-05,1.0075167145621944e-06,0.09625437935289827,0.007172909726895103,0.0016915829845441921,0.251207391469224,0.03723945461430596,0.1929874782051359,0.007227525913289615,0.1203190450157438,0.04310720480446305,0.147981553205422,0.39445839183671133,0.039272631385496685
1,4,562,4.263262874592245,2.1942586718571555e-05,1.1326769302648297e-05,9.841370064509426e-07,0.09820362997865215,0.007005068753818864,0.001401351122112122,0.2515396089519112,0.03723111354465623,0.19204020713056838,0.00723863931904946,0.12036627105304173,0.04313036746212414,0.14770983798163279,0.39450484939983915,0.039267967854227336
1,4,563,4.271935290964693,2.0833304004366997e-05,1.0499883483664711e-05,9.488829228201529e-07,0.09848277234626047,0.007888377511882884,0.0017217573840046772,0.2512580959252941,0.03724292806774667,0.19252321975571768,0.007227969954588583,0.1205121438418116,0.043195988716823716,0.1481692141720227,0.3947661391326359,0.039278268814086914
1,4,564,4.262738605151065,1.9753609391403186e-05,1.0739650446056948e-05,8.917467211688842e-07,0.1052833130058733,0.011129265427318158,0.0025009357707249454,0.25167487315761233,0.03722308652059546,0.19189508897917612,0.007241541719330209,0.12047476853643145,0.04321503612611975,0.14791636168956757,0.394491046667099,0.03927028232387134
1,4,565,4.267295945944861,1.8703569480329918e-05,1.003462757492264e-05,9.084169094364273e-07,0.09914149698412535,0.008711599280325315,0.001529848064325334,0.2510308838874391,0.03722645103642084,0.1920989453792572,0.00725190807133913,0.12070043810776301,0.043259224854409695,0.14785456976720265,0.3941839507647923,0.03927183257681983
1,4,566,4.269837303874158,1.768324904255482e-05,1.0011549809118575e-05,8.856100662651266e-07,0.100282809037028,0.008300767316329248,0.0021616123147360816,0.25108221274556464,0.037252243572068446,0.19251900911331177,0.007236189674586058,0.1204199737736157,0.04302716201969555,0.14808094714369094,0.39446926542690824,0.03927447274327278
1,4,567,4.270292987814509,1.6692711016248837e-05,1.0208656534002144e-05,8.956583221192578e-07,0.1026645736425247,0.00956482053237054,0.0016867228197634618,0.250573690944505,0.03719324618577957,0.19242575551782334,0.007233097484069211,0.12054648569652013,0.0432106563821435,0.14770533250910894,0.39429178833961487,0.03927188206996236
1,4,568,4.263349527113326,1.573201650246304e-05,9.987748063456785e-06,8.927884444245455e-07,0.10329999528752948,0.010071307965509087,0.0022047042888498785,0.25162549635160314,0.03728232438703185,0.1919389579977308,0.007234545358057533,0.1205893914614405,0.0431228249466845,0.14790465150560653,0.39434396794864107,0.0392737691955907
1,4,569,4.265215672118627,1.4801224761360563e-05,9.976804541967565e-06,8.823209084775689e-07,0.09978346830432855,0.00775577231577046,0.0014401783710922052,0.25034767664173274,0.037234489236352517,0.1922411812203271,0.007234239684683936,0.12039018954549517,0.043023108770804744,0.14775757385151728,0.39410474044936045,0.0392716649387564
1,4,570,4.2571409567504,1.3900393208560256e-05,9.665138350101188e-06,8.610311535175269e-07,0.10452080973722402,0.010280206505643222,0.001805804816647704,0.25078327490866764,0.03722310297697493,0.19159139267035893,0.007231432811490127,0.12056884808199746,0.043050583851124556,0.14724462266479219,0.3940448888710567,0.03925825708678791
1,4,571,4.2622578081844,1.3029577411595713e-05,9.750416732290918e-06,8.394728719024199e-07,0.100547804054126,0.009359244674272401,0.002163443484516516,0.24970994614860387,0.03722969735565695,0.1919922253915242,0.007242217726473298,0.12043071751083646,0.04301124531775713,0.14788720224584853,0.39436228360448566,0.03926746227911541
1,4,572,4.2593491206159815,1.21888310864871e-05,9.939758990529882e-06,8.70742292025753e-07,0.10190745790317221,0.009583305176437913,0.0022498872636894252,0.24996751590261182,0.03723339573706238,0.19180797040462494,0.0072292037574308255,0.12037234327622823,0.04309678516749825,0.14742126422269003,0.39421653747558594,0.039262204830135615
1,4,573,4.262686157234274,1.1378206094427955e-05,9.814779102792104e-06,8.989113647441751e-07,0.10098995460034574,0.008455283616588097,0.0019056108488884383,0.2501034074037978,0.03723524926790913,0.19197680056095123,0.00723356573975512,0.12046927958726883,0.043120848547135084,0.14770072379282542,0.39407405257225037,0.03926866129040718
1,4,574,4.260208950853758,1.0597752438586402e-05,9.806242130773912e-06,8.700030880655742e-07,0.09952053131119719,0.007976550416731574,0.0017291474283516895,0.2494146975788098,0.03721429707789884,0.1918035979781832,0.007237106029476438,0.12057184960160937,0.0430719011596271,0.14728633420807974,0.3938419989177159,0.039263373506920676
1,4,575,4.262198140363954,9.847518261019985e-06,9.490538625701023e-06,8.673529259132779e-07,0.09837083749979444,0.008194488059566582,0.0019096255991031478,0.24904743140762292,0.03724035070937814,0.19195556214877538,0.007229609414935112,0.12047890680176872,0.043032732126968246,0.14789352991751262,0.39443330253873554,0.03927365743688175
1,4,576,4.259479570065699,9.127549839706854e-06,9.835818311277533e-06,8.27578558691686e-07,0.10099147882276369,0.008358900821812957,0.001573485268468661,0.24951729742647374,0.03724989682001975,0.19176206418446132,0.007223846856504679,0.12052294186183385,0.043120239462171285,0.14725216903856822,0.39380315371922087,0.03926127457192966
1,4,577,4.2599386753519255,8.437891585690453e-06,9.672284656155118e-06,8.52887748223314e-07,0.10069602018999822,0.008151902305188327,0.0014888980103491634,0.24952504472825135,0.037252073908604466,0.19178909701960428,0.007226024621299335,0.12053972482681274,0.04312784291271653,0.1469737770301955,0.39393111211912973,0.039259244820901325
1,4,578,4.2545435824650895,7.778586040340532e-06,9.540393134071582e-06,9.045965338951576e-07,0.0999210374158563,0.00844191279922368,0.0017520954372707157,0.2492683602189555,0.0372488755117921,0.19145400396415166,0.007226086687296629,0.12049696488039834,0.0431248222344688,0.14678813623530523,0.39356852429253714,0.0392568904374327
1,4,579,4.260892401676848,7.149673872728739e-06,9.489545982874404e-06,8.425220108372882e-07,0.09822685351070848,0.008283135933277098,0.001497940859532445,0.2487027915646729,0.03722701124051242,0.19181691535881587,0.00722800860447543,0.12051027587481908,0.04315894323268107,0.14754030002014978,0.39413433415549143,0.03926780926329749
1,4,580,4.2600406666212525,6.551193877119995e-06,9.188035725405692e-06,8.218201307910436e-07,0.0973806146857808,0.006460546000489911,0.0009681546164323911,0.24918112028571007,0.03724052912546593,0.1917352250644139,0.007230856588908604,0.12056722279105868,0.043193722409861426,0.1471158287354878,0.3940301069191524,0.03926046299082892
1,4,581,4.260839738499411,5.983182970579511e-06,9.686360812938978e-06,8.161730006488972e-07,0.10161595715625772,0.00966601512503349,0.001853996463678325,0.24907800150149076,0.03722732799869139,0.1918052818093981,0.007230459180261407,0.12053722781794411,0.04314185692263501,0.14749077601092203,0.394218134028571,0.039267061544316154
1,4,582,4.25749336479377,5.445676190695625e-06,9.580629630010345e-06,8.58663329315445e-07,0.09974865333258527,0.007530041590549992,0.001402010912730051,0.24791675791578385,0.03719509403827121,0.19159766180174692,0.007226959935256413,0.12046862925801959,0.04316981881856918,0.14739201643637248,0.39413011925561087,0.03926431440881321
1,4,583,4.25498738398429,4.938706693418357e-06,9.324499016868694e-06,8.173674343012059e-07,0.10068037107731533,0.007835426776968305,0.0014747464671918617,0.24931439077391207,0.037255262106078345,0.19152962735721044,0.007229391884590898,0.12044497047151838,0.043029814426388056,0.147039352783135,0.39387581178120207,0.0392615832388401
1,4,584,4.257909231377766,4.462305751014317e-06,9.07629750215774e-06,8.387471652188925e-07,0.10249246447121055,0.009977948777287186,0.002074453801716886,0.24934336383944578,0.03723148064850604,0.19170490971633367,0.007230406760105065,0.12047372332641057,0.04304999538830349,0.14717793464660645,0.3939061633178166,0.039263575204781125
1,4,585,4.2562589907762405,4.016502750137792e-06,8.95236787770946e-06,8.29012437243717e-07,0.10085235138251944,0.008717442218449365,0.0018774403607556415,0.24838862329432107,0.03722873554357047,0.19159557776791708,0.007230734386082206,0.12046717000859124,0.04305418288069112,0.14705735657896316,0.3938762758459364,0.03926286314214979
1,4,586,4.25795708076559,3.601325190017624e-06,9.176917086451176e-06,8.691617157862831e-07,0.0996811029329462,0.00915664753162311,0.0023670671771911143,0.24841463970906527,0.03725730953285995,0.19168925285339355,0.0072314550967088765,0.12043834796973638,0.043083928392401764,0.14732920697757176,0.39414032442229135,0.039266089243548255
1,4,587,4.2572079214525225,3.2167986807615416e-06,9.45387275739617e-06,8.326076954621456e-07,0.10135451848935155,0.009187281830236316,0.0017567818589650944,0.24797854883578216,0.03721108522663996,0.19163296052387782,0.007228976381676537,0.12047842890024185,0.043100490367838314,0.1470972959484373,0.3938862127917154,0.039263597556522915
1,4,588,4.25663110464517,2.8629469417758424e-06,9.041207501194575e-06,8.368016958971142e-07,0.1041030953231367,0.009757617276017238,0.0020449924001863535,0.24845033811712727,0.037220060753012166,0.19161291207586015,0.007226771542004177,0.12045642627137047,0.04309197794646025,0.1470414006284305,0.39384625213486807,0.03926185678158488
1,4,589,4.256738731798902,2.539791800302582e-06,9.268639706595387e-06,8.333905617905436e-07,0.09901565023996298,0.006813746203388114,0.0013762613525614142,0.24807610370001745,0.03724125808882482,0.19159260392189026,0.007226948626339436,0.12047135936362403,0.043123527829136164,0.1471200148974146,0.39386095319475445,0.03926420318228858
1,4,590,4.256790927474945,2.2473531900731134e-06,9.103341088703725e-06,8.330092448233293e-07,0.10026609195956906,0.008894579704326479,0.0014367921830853447,0.24780186837159315,0.037258986456012264,0.1915947731052126,0.007229901850223541,0.12047509955508369,0.04309980757534504,0.1471997776201793,0.39398264033453806,0.03926527287278857
1,4,591,4.254900774457156,1.9856491500783564e-06,9.023597683762913e-06,8.631989523511718e-07,0.10278901486720854,0.009334787874464488,0.0018783811227196954,0.2487361332745228,0.03725017444456665,0.19150773755141667,0.00722830296893205,0.12042015790939331,0.0430684041764055,0.14717898624283926,0.39392336351530893,0.03926462147917066
1,4,592,4.256226136935167,1.7546958234563027e-06,9.38910680965863e-06,8.351898356337293e-07,0.10305276997749088,0.01130247684376477,0.0025293824200188397,0.2488345286799866,0.03725254532058262,0.19156778923102788,0.007229727559856006,0.12044926519904818,0.043120953254401684,0.14706382368292129,0.39390005809920176,0.039262287850890844
1,4,593,4.255607722344138,1.5545074564960331e-06,8.761242828839086e-06,7.829105144983524e-07,0.10023468957074637,0.009414231680442118,0.0019062801584368572,0.24776611383100158,0.0372033415054812,0.19155059329101018,0.007227562301393066,0.12044624664953776,0.04307131961520229,0.1470937037042209,0.3938788218157632,0.039263472493205755
1,4,594,4.257678599081598,1.385096397758911e-06,8.894238318549751e-06,8.226796024564023e-07,0.101427892096413,0.009150913358186779,0.0015092694140672323,0.248043735773818,0.0372400178203305,0.19167721910136087,0.007228324721966471,0.12044455323900495,0.04310130633945976,0.14714465928929193,0.39396318793296814,0.039264342082398276
1,4,595,4.256449938598685,1.2464730973170658e-06,8.95096233311828e-06,8.171202631115414e-07,0.10026973952512139,0.009440182294533814,0.0024461809754003183,0.2484954329370295,0.037245198758771116,0.19161550062043325,0.007229319840137448,0.12042095512151718,0.04308043912585292,0.14707425023828233,0.39394743953432354,0.03926370346120426
1,4,596,4.2568186219859125,1.1386461061087215e-06,8.849217001890122e-06,7.853548935405713e-07,0.10164945319439601,0.008892352222600609,0.001970732030351375,0.2483326383296726,0.03722793511250644,0.19163780127252852,0.007228213961103133,0.12042983089174543,0.04306616181773799,0.1471971475652286,0.3939702936581203,0.03926600090094975
1,4,597,4.256848954732642,1.0616220754105364e-06,8.98336347039095e-06,8.102328821417898e-07,0.1017496131577538,0.008432043610068345,0.0018707767036546799,0.2482423844557364,0.037239942229488524,0.19165563583374023,0.007228299908872161,0.12042741583926338,0.04306802911950009,0.14701541193893977,0.3938432889325278,0.039262525737285614
1,4,598,4.257512568668202,1.0154057564275631e-06,8.888202121419701e-06,8.290389030980363e-07,0.10399819888825555,0.009928147175159413,0.0018724247541118107,0.24951534204691359,0.037294690325422195,0.19165861180850438,0.007228299842349121,0.12046533610139575,0.04309633493955646,0.14715044839041574,0.39393449255398344,0.039264356451375146
1,4,599,4.256495140671544,0.001,9.149969177864812e-06,7.946390860966346e-07,0.10365149074966468,0.010657149688024255,0.00198674260568579,0.2488686527731349,0.03725959512504559,0.19160789251327515,0.007228027363973004,0.12043062384639468,0.04308391495474747,0.14716680347919464,0.3939531019755772,0.03926445064800126
